label,f0,f1,f2,f3,f4,f5,f6,f7,f8,f9,f10,f11,f12,f13,f14,f15,f16,f17,f18,f19,f20,f21,f22,f23,f24,f25,f26,f27,f28,f29,f30,f31,f32,f33,f34,f35,f36,f37,f38,f39,f40,f41,f42,f43,f44,f45,f46,f47,f48,f49,f50,f51,f52,f53,f54,f55,f56,f57,f58,f59,f60,f61,f62,f63,f64,f65,f66,f67,f68,f69,f70,f71
M,0.000000,0.000000,0.000000,-0.179615,-0.233005,-0.053404,-0.172145,-0.696087,-0.076072,0.034557,-0.974312,-0.108433,0.190703,-1.193066,-0.133589,-0.155083,-0.928799,0.036774,-0.174981,-1.171412,-0.064644,-0.181024,-0.903084,-0.144465,-0.175117,-0.630111,-0.182101,0.000000,-0.999816,0.019201,-0.029132,-1.294077,-0.087026,-0.049677,-0.969457,-0.139988,-0.051489,-0.675490,-0.145835,0.153487,-0.988765,-0.018959,0.162820,-1.348772,-0.113535,0.112628,-1.017507,-0.112960,0.080190,-0.743288,-0.086268,0.299902,-0.921083,-0.064259,0.282787,-1.082447,-0.129325,0.217473,-0.832974,-0.118761,0.178553,-0.652835,-0.093661,0.467363,0.372756,0.311542,0.246371,0.237201,0.159448,0.301174,0.992271,-0.124087
M,0.000000,0.000000,0.000000,-0.171582,-0.239407,-0.055332,-0.160350,-0.703815,-0.080068,0.044424,-0.976886,-0.112663,0.197323,-1.199393,-0.138716,-0.153782,-0.924693,0.028577,-0.175830,-1.155795,-0.070779,-0.179965,-0.894242,-0.149108,-0.170891,-0.626099,-0.186222,0.000000,-0.999912,0.013260,-0.032410,-1.279539,-0.090990,-0.050614,-0.965644,-0.143876,-0.049352,-0.675036,-0.150572,0.150988,-0.993384,-0.021734,0.156274,-1.337078,-0.114587,0.108524,-1.016887,-0.117148,0.079414,-0.747425,-0.093548,0.292840,-0.933348,-0.063500,0.267272,-1.072592,-0.128363,0.207012,-0.825209,-0.120050,0.175453,-0.650481,-0.096784,0.476153,0.381785,0.319101,0.247948,0.241394,0.145686,0.292508,0.992787,-0.119889
M,0.000000,0.000000,0.000000,-0.172451,-0.232088,-0.054925,-0.161437,-0.702890,-0.077866,0.045288,-0.971018,-0.109280,0.198489,-1.184949,-0.134062,-0.153467,-0.923486,0.030421,-0.178568,-1.157271,-0.069283,-0.184471,-0.898309,-0.147282,-0.174185,-0.633172,-0.184153,0.000000,-0.999901,0.014076,-0.033901,-1.285418,-0.090861,-0.055514,-0.973865,-0.143768,-0.053790,-0.685774,-0.150012,0.150527,-0.994113,-0.022321,0.154247,-1.344675,-0.115203,0.105747,-1.023266,-0.117694,0.079372,-0.755556,-0.093942,0.293173,-0.935149,-0.065820,0.268749,-1.073962,-0.130696,0.208725,-0.830093,-0.123505,0.179473,-0.660302,-0.101178,0.468285,0.383581,0.309169,0.256838,0.226285,0.166810,0.275720,0.993345,-0.115174
M,0.000000,0.000000,0.000000,-0.172184,-0.222295,-0.060358,-0.163498,-0.687965,-0.086840,0.044054,-0.955248,-0.120642,0.199822,-1.165286,-0.147095,-0.152809,-0.923847,0.020602,-0.175820,-1.155029,-0.082150,-0.183798,-0.895037,-0.161156,-0.174310,-0.633557,-0.198859,0.000000,-0.999985,0.005466,-0.029864,-1.284143,-0.102018,-0.054364,-0.971772,-0.153673,-0.054051,-0.689228,-0.159265,0.148838,-0.991171,-0.030036,0.156622,-1.334303,-0.123840,0.104400,-1.012679,-0.123569,0.076408,-0.751157,-0.098520,0.288958,-0.928386,-0.073428,0.265905,-1.057119,-0.137464,0.202680,-0.816665,-0.128925,0.172877,-0.654456,-0.106374,0.459090,0.381352,0.300879,0.262516,0.215912,0.175994,0.263616,0.992948,-0.118552
M,0.000000,0.000000,0.000000,-0.173993,-0.222356,-0.057446,-0.162391,-0.693462,-0.082440,0.050118,-0.959291,-0.115454,0.208935,-1.168781,-0.141192,-0.153452,-0.925441,0.024538,-0.179009,-1.163286,-0.076748,-0.187192,-0.896428,-0.153810,-0.175888,-0.630569,-0.189631,-0.000000,-0.999961,0.008860,-0.034119,-1.281494,-0.097878,-0.057191,-0.961818,-0.147882,-0.053669,-0.675585,-0.151253,0.149578,-0.991368,-0.027166,0.152175,-1.337919,-0.119540,0.103452,-1.010592,-0.118093,0.079352,-0.747462,-0.091604,0.291871,-0.930490,-0.070695,0.266085,-1.066907,-0.133069,0.207600,-0.821991,-0.123152,0.182865,-0.659289,-0.099115,0.466910,0.393298,0.307684,0.271396,0.219090,0.179717,0.261975,0.993454,-0.114235
M,0.000000,0.000000,0.000000,-0.174042,-0.221168,-0.058279,-0.166367,-0.691444,-0.083390,0.039825,-0.955899,-0.116317,0.195463,-1.163080,-0.141655,-0.151945,-0.923056,0.022863,-0.179935,-1.153791,-0.080099,-0.188788,-0.890772,-0.157917,-0.177551,-0.627376,-0.193936,0.000000,-0.999972,0.007452,-0.034281,-1.279050,-0.099970,-0.058571,-0.963705,-0.149596,-0.054945,-0.680795,-0.152686,0.147494,-0.993883,-0.028603,0.150115,-1.332053,-0.120314,0.099421,-1.010148,-0.118312,0.075687,-0.751063,-0.091702,0.287718,-0.935358,-0.072590,0.261821,-1.064273,-0.133304,0.202178,-0.826461,-0.123627,0.177870,-0.669136,-0.100128,0.453178,0.380525,0.295030,0.260709,0.209068,0.176249,0.255222,0.993597,-0.112979
M,0.000000,0.000000,0.000000,-0.172676,-0.220586,-0.059499,-0.166550,-0.677355,-0.086969,0.034365,-0.943739,-0.121712,0.182764,-1.160887,-0.148935,-0.149749,-0.922775,0.019303,-0.184258,-1.135630,-0.086274,-0.194740,-0.873664,-0.166867,-0.183764,-0.610573,-0.204445,0.000000,-0.999990,0.004533,-0.038789,-1.260785,-0.103358,-0.064998,-0.946198,-0.153328,-0.060834,-0.669800,-0.157281,0.145285,-0.991850,-0.030942,0.144692,-1.312367,-0.122060,0.093308,-0.994319,-0.119778,0.072205,-0.744197,-0.093805,0.282675,-0.928081,-0.074524,0.255968,-1.042130,-0.134266,0.196307,-0.810353,-0.124913,0.174198,-0.663886,-0.102024,0.442228,0.373188,0.287825,0.247270,0.209524,0.158487,0.264041,0.993910,-0.110198
M,0.000000,0.000000,0.000000,-0.168590,-0.232526,-0.058965,-0.159900,-0.686833,-0.086866,0.036326,-0.963066,-0.123458,0.189941,-1.193386,-0.152703,-0.149598,-0.928423,0.023928,-0.166963,-1.178500,-0.080342,-0.170386,-0.926672,-0.160370,-0.165566,-0.652587,-0.196479,0.000000,-0.999963,0.008609,-0.024966,-1.311564,-0.093709,-0.042023,-1.007147,-0.145292,-0.042363,-0.718002,-0.151861,0.147995,-0.987948,-0.027048,0.163304,-1.360510,-0.119951,0.116337,-1.045350,-0.121164,0.086816,-0.772880,-0.096470,0.288561,-0.918684,-0.069902,0.281327,-1.106174,-0.132956,0.223504,-0.874476,-0.121874,0.188500,-0.692194,-0.096844,0.465501,0.364470,0.315455,0.252252,0.244445,0.172373,0.303386,0.993163,-0.116738
M,0.000000,0.000000,0.000000,-0.164093,-0.235357,-0.054155,-0.154505,-0.703988,-0.077282,0.038767,-0.985414,-0.108933,0.183553,-1.205108,-0.132985,-0.140829,-0.928981,0.025190,-0.174238,-1.164731,-0.071165,-0.178047,-0.912702,-0.146901,-0.163633,-0.652010,-0.182266,0.000000,-0.999958,0.009203,-0.037756,-1.314075,-0.084825,-0.058803,-1.018381,-0.133249,-0.049735,-0.738557,-0.140128,0.143010,-0.991879,-0.026414,0.145741,-1.357126,-0.106260,0.095549,-1.064853,-0.108500,0.076428,-0.804116,-0.088566,0.281981,-0.929514,-0.069988,0.268554,-1.118926,-0.120349,0.202729,-0.907064,-0.111306,0.168819,-0.729114,-0.091783,0.454411,0.365331,0.309832,0.251339,0.241801,0.158913,0.299347,0.994337,-0.106274
M,0.000000,0.000000,0.000000,-0.168295,-0.230371,-0.057009,-0.155127,-0.706119,-0.082158,0.044482,-0.994522,-0.115675,0.196222,-1.222103,-0.141748,-0.141651,-0.930536,0.018196,-0.172046,-1.186412,-0.078782,-0.174641,-0.937471,-0.154013,-0.161863,-0.672666,-0.189102,0.000000,-0.999996,0.002701,-0.037359,-1.327287,-0.090961,-0.055856,-1.031058,-0.139149,-0.048042,-0.747868,-0.147086,0.145385,-0.991276,-0.032284,0.147939,-1.373437,-0.113536,0.099353,-1.079569,-0.115494,0.079583,-0.812690,-0.096179,0.288486,-0.928394,-0.075232,0.276252,-1.143803,-0.128734,0.211373,-0.929304,-0.119477,0.177652,-0.740744,-0.100112,0.474079,0.375313,0.329697,0.261157,0.260477,0.161336,0.314963,0.993807,-0.111124
M,0.000000,0.000000,0.000000,-0.163086,-0.230065,-0.057524,-0.148139,-0.700030,-0.082448,0.049697,-0.987931,-0.115725,0.197874,-1.216196,-0.140929,-0.140736,-0.927106,0.022704,-0.169257,-1.182444,-0.073489,-0.173763,-0.934511,-0.148590,-0.162308,-0.671274,-0.183596,0.000000,-0.999966,0.008212,-0.037857,-1.322629,-0.086012,-0.055197,-1.030263,-0.135381,-0.048480,-0.747354,-0.143619,0.145469,-0.997029,-0.026070,0.148051,-1.378283,-0.108289,0.102417,-1.088878,-0.112966,0.081232,-0.821358,-0.094942,0.289938,-0.942126,-0.068333,0.279647,-1.148887,-0.123566,0.217207,-0.932626,-0.117094,0.180956,-0.742437,-0.099132,0.474347,0.374797,0.328865,0.264410,0.252929,0.172684,0.298095,0.994119,-0.108293
M,0.000000,0.000000,0.000000,-0.162653,-0.235995,-0.054790,-0.148724,-0.703111,-0.079815,0.052079,-0.976040,-0.114036,0.199523,-1.192131,-0.140175,-0.141071,-0.930899,0.026135,-0.171651,-1.167990,-0.071437,-0.181243,-0.912256,-0.147117,-0.172047,-0.652778,-0.182536,0.000000,-0.999947,0.010335,-0.037894,-1.293200,-0.087248,-0.060047,-0.993298,-0.136088,-0.056088,-0.717344,-0.142715,0.142454,-0.993091,-0.025550,0.145334,-1.347000,-0.107777,0.097132,-1.048313,-0.108739,0.075314,-0.789020,-0.087466,0.282091,-0.935760,-0.069539,0.266740,-1.104024,-0.120525,0.205522,-0.888718,-0.111771,0.174097,-0.721949,-0.092099,0.460332,0.378257,0.315274,0.263407,0.236670,0.167244,0.278447,0.994934,-0.100533
M,0.000000,0.000000,0.000000,-0.159576,-0.231506,-0.056541,-0.152133,-0.693094,-0.081431,0.037378,-0.967280,-0.115477,0.181397,-1.185150,-0.141205,-0.141139,-0.925450,0.023535,-0.177492,-1.152256,-0.078352,-0.186036,-0.890350,-0.155340,-0.174805,-0.629905,-0.190405,0.000000,-0.999970,0.007708,-0.038606,-1.289061,-0.093783,-0.061631,-0.982708,-0.140938,-0.055753,-0.706048,-0.144931,0.142487,-0.994148,-0.028772,0.139655,-1.332073,-0.113764,0.090888,-1.025936,-0.110824,0.072434,-0.769695,-0.085795,0.280883,-0.933335,-0.073836,0.262896,-1.091553,-0.125473,0.200709,-0.876808,-0.114556,0.172063,-0.713974,-0.092768,0.445660,0.365833,0.298951,0.247887,0.225027,0.155183,0.279010,0.995242,-0.097439
M,0.000000,0.000000,0.000000,-0.169367,-0.232394,-0.057496,-0.158527,-0.694856,-0.083634,0.044616,-0.971602,-0.118926,0.197977,-1.195196,-0.146346,-0.146905,-0.924140,0.023903,-0.178635,-1.162214,-0.079526,-0.186445,-0.898845,-0.158211,-0.177183,-0.633772,-0.194321,0.000000,-0.999965,0.008391,-0.034427,-1.295796,-0.096544,-0.057710,-0.980907,-0.146098,-0.056339,-0.695435,-0.150873,0.147275,-0.997189,-0.027790,0.152398,-1.351993,-0.117562,0.100536,-1.034173,-0.116236,0.075441,-0.767465,-0.091027,0.290352,-0.941961,-0.072143,0.274058,-1.103585,-0.129538,0.211493,-0.875020,-0.119741,0.180611,-0.705279,-0.097463,0.470531,0.383913,0.318204,0.258094,0.236290,0.165805,0.279584,0.994006,-0.109330
M,0.000000,0.000000,0.000000,-0.174147,-0.224738,-0.055520,-0.158968,-0.701207,-0.079149,0.050110,-0.978909,-0.111473,0.206061,-1.196088,-0.135888,-0.148817,-0.929018,0.022877,-0.173970,-1.179090,-0.075526,-0.186082,-0.917235,-0.149286,-0.179553,-0.651279,-0.182468,0.000000,-0.999970,0.007714,-0.030747,-1.305978,-0.092918,-0.056675,-0.993054,-0.138589,-0.055315,-0.707975,-0.140990,0.147079,-0.993464,-0.027544,0.158620,-1.362836,-0.113605,0.105560,-1.049705,-0.110595,0.079832,-0.783033,-0.084761,0.288235,-0.936853,-0.070575,0.276539,-1.122113,-0.124933,0.213624,-0.896043,-0.113042,0.181870,-0.722202,-0.089698,0.471669,0.385170,0.318661,0.264576,0.237221,0.174792,0.279681,0.993599,-0.112966
M,0.000000,0.000000,0.000000,-0.161234,-0.238116,-0.063859,-0.143432,-0.679559,-0.097002,0.040256,-0.968283,-0.139110,0.177576,-1.211119,-0.170355,-0.150627,-0.939458,-0.002607,-0.183659,-1.173713,-0.104559,-0.195190,-0.886333,-0.173733,-0.189024,-0.613653,-0.201685,0.000000,-0.999938,-0.011094,-0.042710,-1.259546,-0.116881,-0.067030,-0.922514,-0.153618,-0.063124,-0.636345,-0.149682,0.147111,-0.981811,-0.040037,0.146396,-1.328260,-0.126959,0.094371,-1.015317,-0.119291,0.071050,-0.739385,-0.088296,0.287254,-0.918220,-0.077513,0.293589,-1.134756,-0.126019,0.235425,-0.989512,-0.117911,0.195570,-0.855860,-0.097265,0.457882,0.369078,0.318582,0.231798,0.265505,0.128753,0.326249,0.994917,-0.100699
M,0.000000,0.000000,0.000000,-0.160053,-0.239630,-0.064878,-0.136444,-0.680752,-0.098117,0.066632,-0.947838,-0.139025,0.223310,-1.163274,-0.169043,-0.148245,-0.943094,-0.002673,-0.179406,-1.181186,-0.103299,-0.193454,-0.893518,-0.171452,-0.185610,-0.627561,-0.199030,-0.000000,-0.999957,-0.009296,-0.040729,-1.268885,-0.114956,-0.066461,-0.925689,-0.151210,-0.060130,-0.638045,-0.145438,0.145011,-0.982807,-0.035874,0.143064,-1.332399,-0.123497,0.087992,-1.007764,-0.115996,0.064912,-0.732504,-0.083562,0.284359,-0.924248,-0.070699,0.279187,-1.134526,-0.120586,0.222159,-0.965731,-0.110781,0.190240,-0.825686,-0.087361,0.462829,0.408440,0.319466,0.289475,0.237556,0.192659,0.265578,0.994263,-0.106965
M,0.000000,0.000000,0.000000,-0.159733,-0.244380,-0.066272,-0.131485,-0.693584,-0.102318,0.088201,-0.963977,-0.145988,0.254771,-1.182708,-0.178903,-0.149439,-0.939472,-0.008181,-0.179774,-1.204336,-0.107531,-0.193494,-0.914139,-0.175807,-0.187331,-0.649856,-0.204877,-0.000000,-0.999882,-0.015394,-0.038298,-1.276665,-0.118918,-0.062474,-0.937340,-0.157184,-0.060787,-0.655429,-0.155320,0.147258,-0.986292,-0.042026,0.155345,-1.352988,-0.127791,0.100404,-1.031752,-0.121895,0.070013,-0.758233,-0.093230,0.291111,-0.933152,-0.077052,0.289911,-1.156575,-0.128677,0.223702,-0.961012,-0.118416,0.179376,-0.795529,-0.095973,0.501693,0.440898,0.353651,0.313554,0.262438,0.203699,0.271978,0.993064,-0.117576
M,0.000000,0.000000,0.000000,-0.155582,-0.244201,-0.068194,-0.143334,-0.686135,-0.103676,0.043176,-0.966375,-0.146814,0.185397,-1.208052,-0.178981,-0.143513,-0.938962,-0.005081,-0.187537,-1.189317,-0.105653,-0.203905,-0.919362,-0.175750,-0.195418,-0.650400,-0.204668,0.000000,-0.999954,-0.009552,-0.052985,-1.275282,-0.112805,-0.075757,-0.958538,-0.152419,-0.064023,-0.668668,-0.151341,0.143216,-0.991458,-0.034295,0.138234,-1.349857,-0.122006,0.083928,-1.049801,-0.122497,0.064312,-0.765162,-0.097090,0.286387,-0.943278,-0.067743,0.287794,-1.157257,-0.124421,0.220257,-0.991840,-0.123937,0.174230,-0.819159,-0.106919,0.459165,0.380536,0.326164,0.256369,0.263868,0.159935,0.304430,0.995619,-0.093500
M,0.000000,0.000000,0.000000,-0.159909,-0.237760,-0.063314,-0.131471,-0.687908,-0.095534,0.092266,-0.966253,-0.136250,0.254785,-1.199033,-0.167425,-0.150948,-0.935479,0.003699,-0.180510,-1.214862,-0.098063,-0.195344,-0.937652,-0.167967,-0.187043,-0.677361,-0.197368,0.000000,-0.999981,-0.006184,-0.034241,-1.298651,-0.112579,-0.061861,-0.968756,-0.155670,-0.054113,-0.696140,-0.155272,0.148267,-0.990495,-0.036065,0.156195,-1.365459,-0.129938,0.095071,-1.039991,-0.130529,0.071534,-0.775252,-0.103414,0.295421,-0.943714,-0.073315,0.288446,-1.156479,-0.134253,0.221752,-0.946056,-0.129044,0.190670,-0.780189,-0.107938,0.513190,0.441071,0.361298,0.310593,0.268496,0.197035,0.275130,0.989778,-0.142617
M,0.000000,0.000000,0.000000,-0.164594,-0.232935,-0.065950,-0.134676,-0.685977,-0.099583,0.095428,-0.965536,-0.140839,0.262497,-1.193191,-0.171885,-0.154867,-0.935932,-0.005315,-0.184242,-1.216241,-0.106486,-0.200962,-0.928915,-0.174309,-0.195075,-0.666977,-0.203161,0.000000,-0.999895,-0.014463,-0.039730,-1.302058,-0.123016,-0.067526,-0.966445,-0.165213,-0.062176,-0.686707,-0.164341,0.152079,-0.989986,-0.043304,0.158189,-1.373520,-0.137738,0.096395,-1.045074,-0.138122,0.067151,-0.774408,-0.111573,0.302894,-0.944193,-0.079711,0.298382,-1.162494,-0.141217,0.233559,-0.959729,-0.137651,0.198703,-0.798785,-0.118554,0.517803,0.452089,0.362007,0.324932,0.264608,0.211104,0.268566,0.990340,-0.138664
N,0.000000,0.000000,0.000000,-0.162507,-0.224789,-0.079906,-0.134416,-0.702041,-0.117211,0.072914,-1.049932,-0.151963,0.225763,-1.333123,-0.176791,-0.150690,-0.938141,0.005046,-0.171710,-1.155791,-0.094048,-0.156281,-0.877632,-0.177108,-0.142306,-0.596059,-0.219726,0.000000,-1.000000,-0.000748,-0.034610,-1.305769,-0.100707,-0.039735,-0.985808,-0.158280,-0.038625,-0.698354,-0.172216,0.150404,-0.980948,-0.026597,0.172357,-1.337266,-0.115474,0.131872,-1.065454,-0.127338,0.091610,-0.821429,-0.116165,0.290094,-0.911215,-0.060679,0.243639,-1.024135,-0.121740,0.184207,-0.777715,-0.116337,0.143194,-0.605395,-0.101219,0.575145,0.443032,0.439240,0.272637,0.390211,0.081419,0.442298,0.991291,-0.131688
N,0.000000,0.000000,0.000000,-0.169455,-0.216465,-0.079320,-0.137976,-0.703026,-0.119344,0.081722,-1.025444,-0.156282,0.249316,-1.270125,-0.184709,-0.152883,-0.933131,-0.017360,-0.176136,-1.147086,-0.117339,-0.166376,-0.859749,-0.197279,-0.154503,-0.581192,-0.238089,0.000000,-0.999735,-0.023000,-0.030979,-1.296404,-0.125580,-0.040903,-0.970220,-0.178502,-0.040969,-0.675848,-0.188757,0.153707,-0.985744,-0.046843,0.172352,-1.310424,-0.131992,0.117424,-1.016498,-0.138771,0.068618,-0.759678,-0.124610,0.293070,-0.922867,-0.079317,0.238682,-1.008745,-0.134297,0.171924,-0.753300,-0.126823,0.133934,-0.579026,-0.110944,0.550759,0.447981,0.401770,0.287667,0.330183,0.101620,0.365527,0.991204,-0.132343
N,0.000000,0.000000,0.000000,-0.164135,-0.203171,-0.077268,-0.164889,-0.659843,-0.118858,0.013392,-0.977107,-0.159623,0.153087,-1.220429,-0.187500,-0.149676,-0.919747,-0.037536,-0.189728,-1.132968,-0.151664,-0.202833,-0.836271,-0.222004,-0.184250,-0.592629,-0.253440,0.000000,-0.998851,-0.047914,-0.029925,-1.322950,-0.174050,-0.068971,-0.976465,-0.209678,-0.057481,-0.721092,-0.196910,0.144396,-0.979265,-0.076709,0.141185,-1.226913,-0.174220,0.073762,-0.896843,-0.149884,0.060004,-0.713083,-0.105924,0.272999,-0.909629,-0.115536,0.214316,-0.965502,-0.166581,0.150657,-0.766266,-0.144651,0.144820,-0.699290,-0.114836,0.452288,0.355607,0.303343,0.210202,0.265538,0.018976,0.340814,0.992310,-0.123781
N,0.000000,0.000000,0.000000,-0.170570,-0.197114,-0.077524,-0.156339,-0.681972,-0.116428,0.053972,-1.009377,-0.154188,0.214726,-1.260480,-0.179448,-0.154001,-0.924789,-0.028088,-0.185318,-1.155775,-0.143388,-0.195934,-0.855295,-0.221695,-0.181114,-0.590868,-0.257612,0.000000,-0.999190,-0.040251,-0.014684,-1.346500,-0.161766,-0.050084,-0.983875,-0.200885,-0.040401,-0.709825,-0.191526,0.153549,-0.984328,-0.071813,0.184633,-1.331898,-0.164656,0.115100,-1.020998,-0.143987,0.092272,-0.826894,-0.105639,0.297180,-0.920699,-0.113346,0.273058,-1.054980,-0.161240,0.197435,-0.829948,-0.133001,0.171624,-0.713028,-0.100107,0.521113,0.415089,0.365726,0.245644,0.302635,0.078898,0.355836,0.987684,-0.156460
N,0.000000,0.000000,0.000000,-0.168730,-0.200036,-0.073809,-0.154374,-0.676315,-0.113506,0.050023,-1.006287,-0.152205,0.208146,-1.262793,-0.179049,-0.150531,-0.926474,-0.029861,-0.186373,-1.151840,-0.139754,-0.202864,-0.849571,-0.214510,-0.191931,-0.584098,-0.249443,0.000000,-0.999109,-0.042207,-0.025027,-1.337429,-0.160131,-0.058700,-0.972699,-0.197856,-0.046270,-0.686970,-0.188984,0.151784,-0.986538,-0.073117,0.168304,-1.337162,-0.161152,0.097928,-1.057652,-0.146852,0.072783,-0.873261,-0.116098,0.294025,-0.923569,-0.113070,0.263279,-1.054617,-0.158522,0.185682,-0.845747,-0.135807,0.152122,-0.729439,-0.109324,0.513826,0.411703,0.362739,0.245557,0.301190,0.086247,0.356092,0.988063,-0.154053
N,0.000000,0.000000,0.000000,-0.166680,-0.187333,-0.076017,-0.154904,-0.667125,-0.117055,0.044732,-1.001158,-0.155771,0.198989,-1.267431,-0.182355,-0.151826,-0.925572,-0.032907,-0.191319,-1.142281,-0.142722,-0.204603,-0.834104,-0.217392,-0.190715,-0.565044,-0.252228,0.000000,-0.999040,-0.043817,-0.033965,-1.323724,-0.162253,-0.066860,-0.956653,-0.201057,-0.051482,-0.672897,-0.192764,0.152753,-0.986172,-0.073275,0.162567,-1.328872,-0.161660,0.091944,-1.051479,-0.149639,0.068951,-0.870671,-0.120423,0.296040,-0.925374,-0.111551,0.250647,-1.037866,-0.157781,0.169964,-0.829293,-0.137282,0.136733,-0.719967,-0.112252,0.512127,0.411793,0.361695,0.240501,0.305193,0.074364,0.362540,0.989178,-0.146719
N,0.000000,0.000000,0.000000,-0.168923,-0.190496,-0.075575,-0.142303,-0.670461,-0.117090,0.081705,-0.971774,-0.156364,0.251133,-1.215813,-0.185898,-0.154496,-0.921232,-0.031573,-0.191526,-1.136891,-0.138162,-0.200846,-0.817389,-0.215086,-0.187222,-0.534210,-0.252917,-0.000000,-0.999123,-0.041878,-0.032935,-1.311036,-0.156326,-0.058992,-0.939105,-0.200161,-0.050161,-0.644971,-0.198337,0.156217,-0.990341,-0.069866,0.170667,-1.358110,-0.156337,0.109587,-1.074688,-0.149985,0.080224,-0.868273,-0.126425,0.300732,-0.933065,-0.105891,0.257583,-1.059141,-0.154330,0.188867,-0.830849,-0.134782,0.161299,-0.699784,-0.110973,0.524527,0.452166,0.361613,0.301059,0.270758,0.166124,0.298006,0.988229,-0.152979
N,0.000000,0.000000,0.000000,-0.171436,-0.193180,-0.078263,-0.148823,-0.677887,-0.122619,0.075158,-0.985652,-0.162941,0.250478,-1.227113,-0.194449,-0.153026,-0.921160,-0.039793,-0.189465,-1.150008,-0.145851,-0.203834,-0.833151,-0.221600,-0.188264,-0.548357,-0.259451,0.000000,-0.998763,-0.049732,-0.033848,-1.323588,-0.163230,-0.065844,-0.958477,-0.207973,-0.051838,-0.666054,-0.207467,0.156846,-0.992045,-0.077595,0.158662,-1.380390,-0.162055,0.088164,-1.157340,-0.167337,0.062745,-1.000872,-0.155524,0.302778,-0.935575,-0.112937,0.244979,-1.053924,-0.160853,0.171254,-0.836188,-0.148026,0.146681,-0.709916,-0.132096,0.529473,0.449285,0.368546,0.301866,0.278709,0.181586,0.307203,0.988769,-0.149451
N,0.000000,0.000000,0.000000,-0.168432,-0.211037,-0.073676,-0.147501,-0.679757,-0.114900,0.069367,-0.972375,-0.155207,0.238123,-1.211842,-0.186980,-0.151870,-0.929782,-0.027080,-0.193152,-1.156845,-0.133505,-0.211989,-0.858812,-0.210243,-0.204113,-0.580362,-0.246854,0.000000,-0.999251,-0.038700,-0.035532,-1.326354,-0.146227,-0.068577,-0.981602,-0.190981,-0.059735,-0.693050,-0.192259,0.154920,-0.985411,-0.067931,0.161306,-1.348545,-0.153725,0.093493,-1.069610,-0.152783,0.068030,-0.857747,-0.133198,0.299039,-0.923895,-0.104796,0.238202,-1.057394,-0.155685,0.166165,-0.831026,-0.139417,0.144116,-0.687439,-0.117391,0.507169,0.438044,0.351973,0.299434,0.269010,0.160295,0.305580,0.989372,-0.145404
N,0.000000,0.000000,0.000000,-0.166122,-0.203477,-0.078285,-0.145237,-0.678245,-0.119629,0.074710,-0.963502,-0.158618,0.245087,-1.185107,-0.188698,-0.151181,-0.928794,-0.030316,-0.188375,-1.145408,-0.137487,-0.213100,-0.843254,-0.213926,-0.206521,-0.568225,-0.250670,0.000000,-0.999206,-0.039831,-0.031147,-1.319871,-0.151141,-0.071693,-0.969275,-0.195806,-0.065309,-0.684748,-0.195307,0.154961,-0.984597,-0.067529,0.157227,-1.334433,-0.155007,0.078058,-1.058445,-0.155020,0.047232,-0.862998,-0.135939,0.298863,-0.922401,-0.103413,0.237422,-1.039386,-0.154877,0.166253,-0.808904,-0.139533,0.150563,-0.676478,-0.118489,0.497805,0.438279,0.341743,0.309640,0.251015,0.176501,0.281389,0.988430,-0.151677
N,0.000000,0.000000,0.000000,-0.167233,-0.203422,-0.076681,-0.147953,-0.677699,-0.116673,0.068626,-0.969350,-0.155350,0.237264,-1.199844,-0.184791,-0.149915,-0.929736,-0.025360,-0.186708,-1.149752,-0.132907,-0.211746,-0.845869,-0.209416,-0.205445,-0.571782,-0.246049,-0.000000,-0.999347,-0.036132,-0.031062,-1.324797,-0.147254,-0.071783,-0.973500,-0.190931,-0.064280,-0.693456,-0.189564,0.154463,-0.984576,-0.065497,0.158115,-1.336576,-0.152702,0.078305,-1.055122,-0.149813,0.048535,-0.860917,-0.128423,0.299139,-0.922934,-0.103255,0.238829,-1.047819,-0.152667,0.165515,-0.816188,-0.134387,0.148973,-0.683125,-0.111276,0.498280,0.430061,0.344372,0.298364,0.259668,0.161214,0.295221,0.988352,-0.152188
N,0.000000,0.000000,0.000000,-0.160895,-0.216164,-0.068677,-0.145493,-0.688863,-0.106852,0.066064,-0.973584,-0.144513,0.230784,-1.190830,-0.173958,-0.144450,-0.931095,-0.022828,-0.192455,-1.140649,-0.124405,-0.218077,-0.840978,-0.198424,-0.208237,-0.569957,-0.234736,0.000000,-0.999358,-0.035818,-0.041982,-1.311720,-0.140237,-0.083605,-0.966144,-0.183182,-0.071955,-0.684791,-0.183866,0.150019,-0.986876,-0.066256,0.141220,-1.346942,-0.146237,0.059811,-1.095713,-0.148589,0.033304,-0.910164,-0.134023,0.290012,-0.926770,-0.104210,0.226351,-1.058137,-0.150044,0.149773,-0.840068,-0.135640,0.129817,-0.701505,-0.117252,0.480732,0.429074,0.330159,0.300255,0.244376,0.182102,0.279465,0.989648,-0.143516
N,0.000000,0.000000,0.000000,-0.162241,-0.210920,-0.070302,-0.146192,-0.690015,-0.108639,0.065912,-0.978327,-0.145652,0.231986,-1.197199,-0.174412,-0.145945,-0.932008,-0.026877,-0.191626,-1.143166,-0.128679,-0.216258,-0.842399,-0.201973,-0.205580,-0.570296,-0.237735,0.000000,-0.999223,-0.039403,-0.038753,-1.318362,-0.145174,-0.080916,-0.970168,-0.188054,-0.069541,-0.688477,-0.187904,0.150922,-0.985582,-0.069106,0.142190,-1.345533,-0.150332,0.059082,-1.093318,-0.152040,0.032303,-0.911383,-0.136559,0.290771,-0.925495,-0.106285,0.224321,-1.054854,-0.152228,0.148225,-0.835173,-0.136679,0.131091,-0.699685,-0.117373,0.484691,0.429487,0.333526,0.298052,0.249885,0.175061,0.286217,0.989681,-0.143290
N,0.000000,0.000000,0.000000,-0.168600,-0.206538,-0.075076,-0.147083,-0.687405,-0.114819,0.072374,-0.977080,-0.153028,0.243203,-1.202639,-0.182399,-0.151021,-0.927560,-0.028899,-0.188364,-1.154910,-0.134299,-0.210742,-0.849660,-0.208731,-0.203093,-0.575393,-0.244656,0.000000,-0.999188,-0.040291,-0.032194,-1.327511,-0.149359,-0.071726,-0.975698,-0.192199,-0.064934,-0.694243,-0.191113,0.155206,-0.986041,-0.069642,0.155078,-1.348465,-0.154589,0.077367,-1.077019,-0.153413,0.048513,-0.888505,-0.134727,0.299743,-0.926319,-0.106982,0.233535,-1.045811,-0.155726,0.160493,-0.817402,-0.139169,0.143877,-0.687710,-0.118380,0.504622,0.436854,0.347469,0.304184,0.259562,0.172640,0.291955,0.988384,-0.151976
N,0.000000,0.000000,0.000000,-0.167992,-0.202049,-0.076886,-0.148188,-0.683090,-0.118135,0.071815,-0.975122,-0.156828,0.243107,-1.202548,-0.186809,-0.149865,-0.927602,-0.032696,-0.187897,-1.154852,-0.137832,-0.210604,-0.851435,-0.212634,-0.203558,-0.577116,-0.249189,0.000000,-0.999058,-0.043397,-0.034193,-1.325321,-0.152044,-0.072494,-0.973904,-0.195441,-0.064963,-0.691414,-0.195152,0.155205,-0.987240,-0.072137,0.151430,-1.355892,-0.156230,0.073287,-1.106648,-0.158327,0.044089,-0.934261,-0.143460,0.300637,-0.928090,-0.108749,0.237664,-1.053679,-0.157045,0.164900,-0.824464,-0.141196,0.147193,-0.691425,-0.122071,0.503759,0.436392,0.347960,0.305250,0.259295,0.181257,0.291084,0.988461,-0.151472
N,0.000000,0.000000,0.000000,-0.160370,-0.207815,-0.070547,-0.143200,-0.689080,-0.108627,0.072120,-0.972391,-0.145381,0.241553,-1.186360,-0.173645,-0.145778,-0.931163,-0.026750,-0.189240,-1.143950,-0.127716,-0.213745,-0.844675,-0.199960,-0.203330,-0.575738,-0.235307,0.000000,-0.999233,-0.039164,-0.039019,-1.317891,-0.144748,-0.079846,-0.968202,-0.186789,-0.066360,-0.689577,-0.185665,0.151078,-0.986104,-0.068808,0.142045,-1.346150,-0.150401,0.061376,-1.092370,-0.151586,0.038105,-0.916188,-0.135363,0.292077,-0.927098,-0.105881,0.227575,-1.055218,-0.152077,0.153066,-0.835812,-0.136112,0.137644,-0.705305,-0.116323,0.486548,0.435305,0.333840,0.311217,0.243473,0.189670,0.272692,0.989565,-0.144086
N,0.000000,0.000000,0.000000,-0.176133,-0.306602,-0.066102,-0.151936,-0.774908,-0.102908,0.066972,-0.982340,-0.143249,0.244567,-1.134412,-0.175051,-0.149134,-0.974034,-0.026720,-0.183198,-1.224193,-0.134672,-0.208526,-0.955274,-0.209886,-0.207350,-0.680364,-0.245608,0.000000,-0.999202,-0.039934,-0.015960,-1.323276,-0.148985,-0.063475,-1.020404,-0.191113,-0.071186,-0.731307,-0.194012,0.150440,-0.951027,-0.072262,0.185104,-1.295624,-0.154135,0.100987,-1.055472,-0.156061,0.053766,-0.830567,-0.140208,0.294677,-0.856183,-0.113894,0.290253,-1.026834,-0.164245,0.192369,-0.873746,-0.162068,0.125991,-0.734320,-0.152049,0.450249,0.438946,0.310405,0.322837,0.230338,0.173097,0.289245,0.999835,0.018148
N,0.000000,0.000000,0.000000,-0.171732,-0.282365,-0.073383,-0.148265,-0.752689,-0.113777,0.061960,-0.964259,-0.154405,0.234829,-1.131603,-0.186717,-0.151974,-0.962946,-0.031318,-0.193832,-1.187285,-0.139263,-0.222612,-0.908488,-0.215558,-0.220251,-0.643433,-0.253081,0.000000,-0.999192,-0.040182,-0.028495,-1.290718,-0.149664,-0.072455,-0.990798,-0.195995,-0.074851,-0.717580,-0.202201,0.149425,-0.958408,-0.068091,0.166382,-1.276779,-0.152388,0.088123,-1.042469,-0.160238,0.046282,-0.837445,-0.149168,0.290330,-0.873749,-0.104599,0.245638,-0.990721,-0.156096,0.156530,-0.820715,-0.156217,0.105595,-0.698098,-0.147899,0.449679,0.434860,0.306839,0.309887,0.226633,0.164133,0.276248,0.999998,-0.001873
N,0.000000,0.000000,0.000000,-0.169058,-0.284455,-0.069336,-0.147097,-0.751077,-0.107304,0.060958,-0.957585,-0.146974,0.229591,-1.121778,-0.177853,-0.150987,-0.958104,-0.029704,-0.190339,-1.183422,-0.137710,-0.220415,-0.897608,-0.211528,-0.218197,-0.633397,-0.247030,0.000000,-0.999179,-0.040504,-0.032358,-1.299065,-0.149271,-0.074971,-0.980808,-0.190242,-0.072170,-0.704183,-0.192073,0.148935,-0.959618,-0.070233,0.162025,-1.286135,-0.152362,0.083174,-1.024626,-0.151409,0.043125,-0.805903,-0.133588,0.291412,-0.873997,-0.108907,0.258571,-1.002911,-0.157851,0.168675,-0.832075,-0.153614,0.115154,-0.706876,-0.141821,0.439974,0.426325,0.294291,0.317592,0.210674,0.179522,0.264520,0.999991,-0.004155
N,0.000000,0.000000,0.000000,-0.160580,-0.231644,-0.090674,-0.139127,-0.697142,-0.136463,0.063470,-1.017009,-0.179522,0.214595,-1.278990,-0.210044,-0.162489,-0.933824,-0.030036,-0.176220,-1.163849,-0.155337,-0.168819,-0.863032,-0.243126,-0.148724,-0.564954,-0.283081,0.000000,-0.999256,-0.038557,-0.023017,-1.327581,-0.160537,-0.034704,-0.979929,-0.205518,-0.020409,-0.692421,-0.202703,0.161058,-0.957253,-0.068311,0.183066,-1.298160,-0.167793,0.128320,-0.946178,-0.136988,0.099594,-0.707603,-0.089701,0.305249,-0.851781,-0.108988,0.277915,-1.013296,-0.162924,0.222279,-0.777692,-0.123805,0.205764,-0.652234,-0.080573,0.541973,0.411079,0.392058,0.247531,0.355624,0.056095,0.448261,0.992974,-0.118330
N,0.000000,0.000000,0.000000,-0.158584,-0.251574,-0.087767,-0.142513,-0.700112,-0.133476,0.056299,-0.999568,-0.178776,0.203696,-1.252414,-0.212581,-0.161371,-0.940870,-0.017918,-0.181470,-1.142297,-0.145063,-0.170503,-0.847564,-0.236458,-0.146004,-0.555023,-0.278237,0.000000,-0.999620,-0.027579,-0.029814,-1.304696,-0.152724,-0.040045,-0.957877,-0.201926,-0.023097,-0.671720,-0.200967,0.158659,-0.953535,-0.059129,0.174597,-1.270323,-0.161569,0.119937,-0.921033,-0.134160,0.091993,-0.683695,-0.087008,0.297893,-0.845714,-0.101432,0.273102,-1.002240,-0.153083,0.219596,-0.777208,-0.113780,0.203471,-0.658343,-0.069603,0.517906,0.406248,0.373661,0.246664,0.338975,0.061398,0.432009,0.995055,-0.099329
N,0.000000,0.000000,0.000000,-0.160216,-0.247305,-0.092319,-0.139583,-0.702643,-0.138351,0.064671,-1.000952,-0.182531,0.215643,-1.249529,-0.214785,-0.162549,-0.940496,-0.023666,-0.178116,-1.149185,-0.150466,-0.168227,-0.856748,-0.240245,-0.145962,-0.565878,-0.280995,0.000000,-0.999534,-0.030533,-0.025445,-1.310611,-0.156314,-0.038359,-0.962504,-0.204008,-0.024130,-0.675785,-0.201825,0.158527,-0.953712,-0.059435,0.176700,-1.277176,-0.162541,0.119818,-0.927370,-0.134844,0.091363,-0.690256,-0.087631,0.295356,-0.847531,-0.099439,0.270076,-1.004085,-0.153567,0.216474,-0.777744,-0.116317,0.203304,-0.660198,-0.073423,0.524459,0.411402,0.378085,0.255487,0.338975,0.070784,0.425749,0.994551,-0.104254
N,0.000000,0.000000,0.000000,-0.158844,-0.240808,-0.089828,-0.141269,-0.699717,-0.135497,0.061021,-0.993758,-0.180017,0.212668,-1.239670,-0.213305,-0.161309,-0.937097,-0.024615,-0.173874,-1.138031,-0.151571,-0.167180,-0.849572,-0.241882,-0.147317,-0.558835,-0.282955,0.000000,-0.999447,-0.033265,-0.021078,-1.304321,-0.157502,-0.035936,-0.967248,-0.205845,-0.024042,-0.681859,-0.204811,0.158506,-0.956332,-0.063699,0.179355,-1.264038,-0.164701,0.120918,-0.916528,-0.138628,0.089627,-0.678186,-0.093207,0.296622,-0.851996,-0.105116,0.273922,-1.000074,-0.156817,0.219289,-0.775441,-0.119608,0.203313,-0.657082,-0.077263,0.516733,0.404421,0.367898,0.248859,0.324955,0.063764,0.411150,0.994527,-0.104478
N,0.000000,0.000000,0.000000,-0.163307,-0.248583,-0.088997,-0.145457,-0.705551,-0.133524,0.060888,-0.999394,-0.176381,0.212646,-1.243424,-0.207918,-0.162651,-0.940338,-0.022314,-0.179821,-1.137028,-0.143017,-0.168860,-0.842812,-0.229098,-0.144884,-0.561389,-0.269029,0.000000,-0.999548,-0.030070,-0.027266,-1.300986,-0.151144,-0.039627,-0.952837,-0.197654,-0.023483,-0.672594,-0.195683,0.159056,-0.954213,-0.058864,0.175190,-1.267343,-0.158319,0.118052,-0.917075,-0.131236,0.091326,-0.682033,-0.085121,0.297191,-0.849137,-0.098287,0.267616,-0.997783,-0.149908,0.214912,-0.772127,-0.112569,0.204442,-0.656732,-0.070001,0.516873,0.411780,0.369221,0.253169,0.329745,0.066597,0.417887,0.995001,-0.099864
N,0.000000,0.000000,0.000000,-0.181696,-0.250456,-0.065052,-0.158544,-0.730535,-0.108419,0.068753,-0.980994,-0.152276,0.238072,-1.170233,-0.190495,-0.162360,-0.932869,-0.054353,-0.217697,-1.192121,-0.166128,-0.248083,-0.883463,-0.238091,-0.240495,-0.603221,-0.270845,0.000000,-0.997620,-0.068949,-0.056365,-1.355068,-0.189970,-0.105324,-1.020930,-0.237189,-0.099389,-0.711726,-0.237963,0.158908,-0.982047,-0.098250,0.127692,-1.390293,-0.187404,0.066498,-1.149014,-0.199457,0.059896,-0.940279,-0.189125,0.296390,-0.922408,-0.133220,0.174613,-1.021041,-0.198001,0.135615,-0.880095,-0.209140,0.164649,-0.798675,-0.205855,0.484997,0.456945,0.318193,0.347646,0.224031,0.246211,0.260957,0.989785,-0.142570
N,0.000000,0.000000,0.000000,-0.180214,-0.242276,-0.065027,-0.159469,-0.715958,-0.108992,0.072813,-0.976551,-0.153954,0.254335,-1.154253,-0.191677,-0.160720,-0.929593,-0.052508,-0.211815,-1.199675,-0.163192,-0.246547,-0.888533,-0.233550,-0.243141,-0.608902,-0.266433,0.000000,-0.997723,-0.067452,-0.053830,-1.363525,-0.190238,-0.103753,-1.026909,-0.235064,-0.099713,-0.715434,-0.233098,0.158746,-0.983953,-0.097672,0.131900,-1.399176,-0.185992,0.070119,-1.168762,-0.196660,0.059288,-0.969258,-0.185519,0.300710,-0.921903,-0.134014,0.195893,-1.025299,-0.196000,0.147009,-0.906309,-0.208487,0.157652,-0.843899,-0.207461,0.492048,0.469224,0.323450,0.372509,0.216740,0.273880,0.243848,0.990117,-0.140243
N,0.000000,0.000000,0.000000,-0.179465,-0.240894,-0.065410,-0.167944,-0.680268,-0.109156,0.034483,-0.993800,-0.158250,0.217257,-1.236528,-0.196543,-0.152833,-0.947614,-0.010998,-0.164939,-1.210269,-0.129833,-0.188222,-0.963798,-0.217344,-0.198308,-0.679952,-0.256993,0.000000,-0.999534,-0.030528,-0.010743,-1.316299,-0.141224,-0.054636,-1.024909,-0.188667,-0.068906,-0.758686,-0.191543,0.156040,-0.970699,-0.068583,0.193856,-1.257986,-0.158132,0.114744,-0.930799,-0.132614,0.072072,-0.684961,-0.089168,0.302237,-0.881629,-0.115944,0.293321,-1.082778,-0.157327,0.218200,-0.854493,-0.112731,0.184537,-0.690941,-0.065489,0.504841,0.388862,0.361839,0.247806,0.301307,0.049834,0.373726,0.988958,-0.148198
N,0.000000,0.000000,0.000000,-0.186646,-0.221467,-0.062429,-0.179124,-0.672388,-0.103781,0.030780,-0.984196,-0.150362,0.219972,-1.213093,-0.186506,-0.159478,-0.943915,-0.021612,-0.175039,-1.218507,-0.142039,-0.203847,-0.956844,-0.223289,-0.210208,-0.674356,-0.257772,0.000000,-0.999048,-0.043613,-0.010011,-1.330571,-0.157641,-0.066022,-1.013159,-0.197432,-0.074665,-0.758196,-0.192410,0.159544,-0.967585,-0.083447,0.192267,-1.238352,-0.178029,0.102262,-0.870553,-0.145449,0.068467,-0.636896,-0.094606,0.309075,-0.876208,-0.131846,0.289416,-1.063097,-0.174705,0.209395,-0.819882,-0.125803,0.187785,-0.675445,-0.074261,0.493588,0.397543,0.338557,0.259858,0.273033,0.038437,0.352731,0.988097,-0.153833
N,0.000000,0.000000,0.000000,-0.185744,-0.226444,-0.061093,-0.173095,-0.676279,-0.102130,0.037334,-0.983771,-0.148152,0.219538,-1.213452,-0.184061,-0.157964,-0.944694,-0.021371,-0.175150,-1.209533,-0.138273,-0.207545,-0.951328,-0.218804,-0.215769,-0.670541,-0.254108,0.000000,-0.999075,-0.043011,-0.015002,-1.318698,-0.154469,-0.071292,-1.002663,-0.194424,-0.077350,-0.744325,-0.190826,0.157980,-0.966663,-0.081971,0.185033,-1.226493,-0.171006,0.096761,-0.869668,-0.138556,0.066681,-0.635942,-0.090077,0.305991,-0.877416,-0.129764,0.279279,-1.046663,-0.168423,0.202988,-0.813154,-0.120659,0.186606,-0.676481,-0.071616,0.491127,0.397354,0.337712,0.258769,0.274073,0.039129,0.351201,0.988952,-0.148237
N,0.000000,0.000000,0.000000,-0.181229,-0.236857,-0.057023,-0.173211,-0.675313,-0.096078,0.029219,-0.986810,-0.141979,0.208566,-1.225318,-0.178146,-0.157855,-0.943353,-0.007102,-0.173010,-1.218875,-0.122561,-0.202253,-0.969778,-0.203379,-0.211557,-0.693263,-0.238265,0.000000,-0.999529,-0.030697,-0.012872,-1.325293,-0.138003,-0.065277,-1.020925,-0.179295,-0.078065,-0.759557,-0.177053,0.157919,-0.970944,-0.072185,0.183345,-1.247169,-0.160863,0.102729,-0.903905,-0.132356,0.070232,-0.669626,-0.086395,0.306867,-0.880933,-0.121916,0.283327,-1.074006,-0.162244,0.209445,-0.839473,-0.115591,0.187119,-0.689125,-0.066667,0.492976,0.385658,0.340914,0.246255,0.280177,0.037580,0.362527,0.987957,-0.154728
N,0.000000,0.000000,0.000000,-0.170288,-0.237300,-0.059400,-0.162437,-0.672743,-0.097684,0.029388,-0.991582,-0.142202,0.208215,-1.250529,-0.176359,-0.151804,-0.940252,0.002234,-0.163122,-1.215729,-0.112802,-0.185591,-0.990006,-0.195910,-0.194132,-0.716336,-0.232097,0.000000,-0.999832,-0.018330,-0.017916,-1.339389,-0.121439,-0.062250,-1.064296,-0.167145,-0.075700,-0.802500,-0.169299,0.154970,-0.978560,-0.057597,0.173614,-1.274046,-0.146017,0.095827,-0.951600,-0.124030,0.058688,-0.716550,-0.082998,0.307030,-0.897392,-0.105110,0.283953,-1.096905,-0.148483,0.216135,-0.869439,-0.107052,0.191020,-0.714875,-0.062063,0.507721,0.378340,0.362182,0.249093,0.301507,0.051681,0.373559,0.989233,-0.146347
N,0.000000,0.000000,0.000000,-0.172938,-0.245906,-0.057904,-0.164717,-0.679966,-0.096936,0.033156,-1.012635,-0.143277,0.212124,-1.276881,-0.179043,-0.156941,-0.942554,-0.000277,-0.163164,-1.242245,-0.115140,-0.182706,-1.007029,-0.195720,-0.193385,-0.728478,-0.229397,0.000000,-0.999736,-0.022969,-0.008869,-1.356296,-0.125252,-0.052771,-1.072571,-0.168720,-0.070902,-0.810609,-0.169353,0.158760,-0.976490,-0.063708,0.187148,-1.285189,-0.151951,0.108458,-0.946758,-0.124013,0.067478,-0.704758,-0.078375,0.312640,-0.892079,-0.112613,0.292907,-1.115923,-0.153246,0.223958,-0.880522,-0.104799,0.197073,-0.716145,-0.054624,0.529095,0.382262,0.382315,0.240910,0.326167,0.037773,0.403224,0.988564,-0.150802
N,0.000000,0.000000,0.000000,-0.174447,-0.251578,-0.060925,-0.164082,-0.692018,-0.097838,0.040710,-1.020022,-0.141903,0.221505,-1.279409,-0.175459,-0.151602,-0.938810,0.009158,-0.154382,-1.236165,-0.105046,-0.180322,-1.012603,-0.190501,-0.191236,-0.733059,-0.228390,0.000000,-0.999951,-0.009929,-0.012163,-1.360905,-0.110809,-0.054832,-1.094445,-0.159817,-0.061078,-0.826274,-0.165749,0.154339,-0.977755,-0.048709,0.181173,-1.327077,-0.130430,0.101486,-1.034056,-0.113669,0.065355,-0.788857,-0.079247,0.306926,-0.897514,-0.096765,0.294302,-1.124915,-0.137543,0.225842,-0.922836,-0.102769,0.200943,-0.762821,-0.064171,0.537865,0.384862,0.393143,0.255776,0.334023,0.076983,0.399166,0.988408,-0.151819
N,0.000000,0.000000,0.000000,-0.197065,-0.236167,-0.056647,-0.196989,-0.669846,-0.093748,0.010124,-0.980073,-0.137577,0.210913,-1.183158,-0.169587,-0.164000,-0.946018,-0.003255,-0.173095,-1.251819,-0.123921,-0.210695,-1.029949,-0.209202,-0.219914,-0.758508,-0.248470,0.000000,-0.999615,-0.027763,0.001714,-1.337408,-0.146741,-0.068140,-1.058455,-0.197589,-0.082932,-0.821410,-0.200010,0.156011,-0.962159,-0.070255,0.179825,-1.177302,-0.161591,0.081100,-0.843119,-0.138984,0.056285,-0.645001,-0.096963,0.298816,-0.866074,-0.122476,0.249046,-0.941869,-0.161397,0.169096,-0.730324,-0.125513,0.165065,-0.642413,-0.086282,0.473774,0.392762,0.313507,0.260920,0.248438,0.032630,0.332398,0.987072,-0.160277
N,0.000000,0.000000,0.000000,-0.192515,-0.226254,-0.051001,-0.199141,-0.654426,-0.080069,-0.002179,-0.934556,-0.117608,0.167477,-1.128752,-0.145186,-0.170555,-0.947076,0.002781,-0.175023,-1.245302,-0.115295,-0.214546,-1.010849,-0.189380,-0.208632,-0.769587,-0.219010,-0.000000,-0.999713,-0.023969,0.003153,-1.378763,-0.151826,-0.074148,-1.097420,-0.199998,-0.073471,-0.867998,-0.191030,0.158748,-0.968395,-0.068601,0.142189,-1.160425,-0.175051,0.054580,-0.839323,-0.164730,0.055623,-0.694048,-0.123129,0.298290,-0.886865,-0.119928,0.223536,-0.945684,-0.171941,0.161779,-0.745527,-0.145804,0.182225,-0.693663,-0.108877,0.411298,0.363020,0.243707,0.299253,0.177921,0.050344,0.276151,0.978067,-0.208293
N,0.000000,0.000000,0.000000,-0.186982,-0.229918,-0.047945,-0.194833,-0.656393,-0.075809,-0.000507,-0.939120,-0.112929,0.168899,-1.140140,-0.140253,-0.165539,-0.939617,0.006133,-0.170947,-1.227810,-0.110918,-0.208364,-0.998094,-0.184796,-0.204314,-0.757129,-0.214629,0.000000,-0.999755,-0.022133,0.002487,-1.375417,-0.146353,-0.070059,-1.099795,-0.192629,-0.069546,-0.871679,-0.184173,0.156289,-0.973636,-0.068367,0.147494,-1.179663,-0.172284,0.060538,-0.863603,-0.160267,0.057116,-0.713103,-0.119250,0.294325,-0.893878,-0.121372,0.228780,-0.965934,-0.172459,0.164767,-0.768146,-0.145806,0.177911,-0.709210,-0.109423,0.416518,0.352196,0.249374,0.288246,0.181798,0.055192,0.277008,0.978379,-0.206820
N,0.000000,0.000000,0.000000,-0.197663,-0.238533,-0.049928,-0.201565,-0.666656,-0.080153,0.000667,-0.947704,-0.118470,0.170449,-1.147379,-0.147099,-0.171719,-0.940971,0.000925,-0.175080,-1.231797,-0.117847,-0.216276,-0.989496,-0.192832,-0.211859,-0.749643,-0.224387,0.000000,-0.999630,-0.027201,-0.000482,-1.376755,-0.158198,-0.079893,-1.081141,-0.207732,-0.078706,-0.856544,-0.199991,0.159622,-0.972001,-0.072609,0.142816,-1.161163,-0.178630,0.055408,-0.833682,-0.163423,0.057498,-0.699577,-0.119815,0.297011,-0.892992,-0.124967,0.219555,-0.935899,-0.174534,0.162111,-0.733145,-0.144165,0.187017,-0.695695,-0.105693,0.426139,0.356892,0.255457,0.286276,0.190850,0.044133,0.284993,0.978610,-0.205724
N,0.000000,0.000000,0.000000,-0.197183,-0.223120,-0.048170,-0.204055,-0.658529,-0.073935,-0.011042,-0.934555,-0.107484,0.149902,-1.128939,-0.130962,-0.169163,-0.934617,0.005569,-0.179197,-1.208386,-0.108862,-0.222446,-0.962259,-0.179373,-0.215838,-0.726490,-0.208723,0.000000,-0.999757,-0.022062,-0.010939,-1.358508,-0.152612,-0.091946,-1.056722,-0.200825,-0.086535,-0.836922,-0.190949,0.155877,-0.972646,-0.066943,0.127914,-1.133312,-0.172667,0.042708,-0.802197,-0.159473,0.050385,-0.677958,-0.116783,0.288001,-0.892904,-0.118601,0.200292,-0.900865,-0.170105,0.148408,-0.702704,-0.144944,0.180402,-0.681540,-0.109797,0.397749,0.339274,0.225872,0.281142,0.169002,0.047349,0.273745,0.980569,-0.196172
N,0.000000,0.000000,0.000000,-0.163877,-0.240584,-0.074743,-0.131387,-0.746830,-0.121070,0.093011,-0.998667,-0.162625,0.297260,-1.137433,-0.195099,-0.151226,-0.938875,-0.042132,-0.158803,-1.105817,-0.137726,-0.157654,-0.783693,-0.212712,-0.158953,-0.483067,-0.252735,-0.000000,-0.998776,-0.049461,-0.019487,-1.203165,-0.152159,-0.036164,-0.833441,-0.196001,-0.038080,-0.542681,-0.197724,0.152534,-0.973252,-0.072078,0.165179,-1.265578,-0.134207,0.120559,-1.064271,-0.126367,0.095157,-0.932075,-0.110120,0.288233,-0.900443,-0.103227,0.231566,-0.938299,-0.127415,0.184808,-0.744182,-0.101398,0.178332,-0.668373,-0.078643,0.513774,0.460744,0.358887,0.326334,0.251068,0.193842,0.254334,0.993516,-0.113693
N,0.000000,0.000000,0.000000,-0.177457,-0.235190,-0.055254,-0.152930,-0.702057,-0.089548,0.065211,-0.988796,-0.127452,0.232035,-1.207827,-0.155760,-0.162009,-0.927094,-0.022034,-0.182994,-1.182693,-0.126573,-0.185385,-0.900213,-0.196862,-0.186398,-0.624229,-0.228869,0.000000,-0.999129,-0.041737,-0.032134,-1.312120,-0.144744,-0.050785,-0.980960,-0.182147,-0.048580,-0.711074,-0.179916,0.160627,-0.983136,-0.077803,0.166754,-1.345315,-0.158833,0.118839,-1.045169,-0.143961,0.099949,-0.837116,-0.115783,0.310459,-0.915861,-0.120418,0.245608,-1.018882,-0.170418,0.185166,-0.816103,-0.152868,0.169457,-0.717524,-0.129649,0.501961,0.416813,0.332259,0.284224,0.248319,0.152231,0.304374,0.988422,-0.151727
N,0.000000,0.000000,0.000000,-0.179073,-0.213142,-0.065100,-0.162146,-0.672209,-0.104416,0.060995,-0.961742,-0.146370,0.226746,-1.188355,-0.178267,-0.164740,-0.919944,-0.024491,-0.188703,-1.174098,-0.137749,-0.187057,-0.894568,-0.215366,-0.182535,-0.627114,-0.252037,0.000000,-0.999059,-0.043364,-0.028909,-1.317282,-0.160395,-0.049116,-0.972097,-0.205679,-0.043568,-0.710189,-0.204874,0.159453,-0.986377,-0.079590,0.173817,-1.342211,-0.174599,0.118611,-1.017121,-0.158841,0.097036,-0.814414,-0.125149,0.305628,-0.919697,-0.123412,0.255532,-1.020258,-0.183000,0.196196,-0.808075,-0.163400,0.183021,-0.719385,-0.135421,0.498952,0.417663,0.324724,0.286881,0.234650,0.162747,0.285322,0.985219,-0.171301
N,0.000000,0.000000,0.000000,-0.181961,-0.214058,-0.066753,-0.165063,-0.671442,-0.108065,0.059935,-0.965476,-0.151554,0.226316,-1.199751,-0.184882,-0.166149,-0.919550,-0.029112,-0.191204,-1.174667,-0.144142,-0.189916,-0.892165,-0.221709,-0.185382,-0.627950,-0.258397,-0.000000,-0.998855,-0.047841,-0.028895,-1.318179,-0.166664,-0.050609,-0.969234,-0.211538,-0.044365,-0.711852,-0.210474,0.161386,-0.987273,-0.084077,0.174196,-1.342693,-0.181371,0.116414,-1.016872,-0.165849,0.096080,-0.821235,-0.132289,0.310442,-0.922251,-0.127866,0.255075,-1.020325,-0.189659,0.193692,-0.807288,-0.171154,0.181297,-0.722735,-0.143926,0.506760,0.420253,0.332202,0.281939,0.243975,0.152189,0.295523,0.985055,-0.172239
N,0.000000,0.000000,0.000000,-0.177783,-0.217741,-0.062843,-0.158457,-0.679302,-0.101119,0.063706,-0.971216,-0.142264,0.228189,-1.204546,-0.173200,-0.163710,-0.921580,-0.023385,-0.191248,-1.174959,-0.133843,-0.191041,-0.892898,-0.209294,-0.186415,-0.629846,-0.245329,0.000000,-0.999091,-0.042629,-0.034070,-1.315532,-0.156804,-0.054737,-0.971826,-0.200719,-0.046751,-0.715792,-0.200102,0.159436,-0.986443,-0.079047,0.169475,-1.342892,-0.171564,0.112228,-1.025693,-0.157107,0.091918,-0.830712,-0.125470,0.307735,-0.920770,-0.122822,0.256527,-1.025260,-0.180744,0.189385,-0.819700,-0.162802,0.168756,-0.734084,-0.136976,0.506062,0.422318,0.333663,0.285249,0.247307,0.150299,0.298988,0.985764,-0.168133
N,0.000000,0.000000,0.000000,-0.185926,-0.216715,-0.061914,-0.168742,-0.672655,-0.100540,0.049922,-0.971156,-0.142078,0.207060,-1.210179,-0.173581,-0.165183,-0.918773,-0.024753,-0.192363,-1.172467,-0.136901,-0.191820,-0.892637,-0.213483,-0.189254,-0.625104,-0.250027,0.000000,-0.999026,-0.044124,-0.035047,-1.317373,-0.159353,-0.054818,-0.976264,-0.203344,-0.049174,-0.712060,-0.203257,0.160530,-0.988338,-0.080841,0.168998,-1.351680,-0.174146,0.116581,-1.043371,-0.162311,0.096721,-0.843759,-0.133426,0.309966,-0.922656,-0.124716,0.254564,-1.017791,-0.185819,0.189598,-0.819186,-0.173417,0.167907,-0.736105,-0.152017,0.495613,0.402873,0.322829,0.265158,0.244906,0.146532,0.309268,0.985840,-0.167690
N,0.000000,0.000000,0.000000,-0.179430,-0.220161,-0.062811,-0.158755,-0.686407,-0.099458,0.067255,-0.967921,-0.138969,0.226534,-1.188847,-0.168639,-0.163962,-0.920155,-0.024517,-0.200432,-1.163199,-0.137123,-0.203955,-0.873218,-0.212933,-0.198665,-0.610114,-0.248397,0.000000,-0.999066,-0.043198,-0.037748,-1.312506,-0.158776,-0.062898,-0.961798,-0.200583,-0.055523,-0.709447,-0.198068,0.158925,-0.985544,-0.079311,0.168688,-1.338359,-0.173452,0.110005,-1.006109,-0.155223,0.092979,-0.809450,-0.120276,0.304452,-0.920463,-0.123002,0.255297,-1.023681,-0.182017,0.190005,-0.806704,-0.162183,0.175225,-0.717348,-0.134449,0.495433,0.428896,0.321045,0.291948,0.232127,0.160385,0.283168,0.986471,-0.163938
N,0.000000,0.000000,0.000000,-0.178578,-0.223995,-0.063144,-0.162068,-0.684453,-0.100570,0.054886,-0.977363,-0.140569,0.205673,-1.212344,-0.170291,-0.163421,-0.919964,-0.024580,-0.201612,-1.165527,-0.140165,-0.204950,-0.882421,-0.218176,-0.199501,-0.615547,-0.254330,0.000000,-0.999083,-0.042821,-0.041050,-1.315120,-0.161851,-0.065216,-0.973394,-0.205687,-0.057707,-0.712714,-0.204121,0.159036,-0.987669,-0.078863,0.163550,-1.342437,-0.174842,0.105871,-1.018839,-0.158850,0.088376,-0.815583,-0.125442,0.305028,-0.924748,-0.122550,0.247451,-1.020177,-0.184865,0.183983,-0.813502,-0.169856,0.171137,-0.728043,-0.145288,0.492897,0.411072,0.322537,0.267407,0.247008,0.136819,0.307997,0.987110,-0.160043
N,0.000000,0.000000,0.000000,-0.178974,-0.236142,-0.059910,-0.159508,-0.690386,-0.097801,0.058776,-0.977157,-0.139669,0.212360,-1.211660,-0.171609,-0.163917,-0.923086,-0.022041,-0.199377,-1.171180,-0.136310,-0.202746,-0.892027,-0.213442,-0.198262,-0.624726,-0.248602,0.000000,-0.999137,-0.041531,-0.040264,-1.317366,-0.156517,-0.062031,-0.982932,-0.199373,-0.052992,-0.719501,-0.198437,0.159070,-0.984993,-0.078475,0.162994,-1.339022,-0.170342,0.107090,-1.016808,-0.154392,0.089816,-0.802045,-0.121712,0.304844,-0.917622,-0.122983,0.249823,-1.026582,-0.180927,0.185569,-0.827696,-0.164846,0.168759,-0.731345,-0.139986,0.497222,0.415225,0.327388,0.274263,0.250782,0.136600,0.312052,0.986832,-0.161746
N,0.000000,0.000000,0.000000,-0.168538,-0.249665,-0.064189,-0.156226,-0.725908,-0.105091,0.045911,-1.043133,-0.149146,0.211704,-1.254664,-0.179078,-0.151587,-0.922067,-0.016989,-0.180521,-1.221611,-0.134173,-0.196288,-0.934466,-0.212834,-0.195365,-0.653921,-0.249980,0.000000,-0.999452,-0.033088,-0.028131,-1.377355,-0.163898,-0.050852,-1.071659,-0.212722,-0.045107,-0.775679,-0.208598,0.150764,-0.991545,-0.070721,0.179722,-1.425403,-0.160038,0.132128,-1.333538,-0.182076,0.097122,-1.238937,-0.178058,0.296803,-0.916229,-0.116119,0.327295,-1.054745,-0.168252,0.255444,-1.023034,-0.187959,0.180548,-1.011544,-0.195552,0.518531,0.396168,0.362305,0.269823,0.291010,0.174749,0.354604,0.988016,-0.154352
N,0.000000,0.000000,0.000000,-0.170090,-0.274318,-0.058761,-0.146769,-0.755289,-0.096889,0.064454,-1.062357,-0.140078,0.229784,-1.273256,-0.169702,-0.149480,-0.925558,-0.007635,-0.174180,-1.227492,-0.122910,-0.191759,-0.938480,-0.201329,-0.196542,-0.651463,-0.238068,0.000000,-0.999658,-0.026149,-0.024949,-1.379874,-0.153852,-0.047471,-1.092730,-0.204421,-0.048957,-0.802980,-0.202283,0.150449,-0.996020,-0.066379,0.182458,-1.420924,-0.152101,0.143542,-1.342328,-0.176377,0.109953,-1.256775,-0.174364,0.296756,-0.931822,-0.114346,0.320252,-1.067259,-0.162873,0.247245,-1.031928,-0.182172,0.168333,-1.010780,-0.190083,0.539444,0.409232,0.385050,0.276599,0.306316,0.156062,0.352316,0.987669,-0.156554
N,0.000000,0.000000,0.000000,-0.173276,-0.269830,-0.058631,-0.148288,-0.760632,-0.097580,0.066183,-1.074427,-0.141188,0.236060,-1.291400,-0.170953,-0.148507,-0.924328,-0.013287,-0.171646,-1.230998,-0.127922,-0.188794,-0.939425,-0.204319,-0.193292,-0.651614,-0.240353,0.000000,-0.999474,-0.032434,-0.028620,-1.381541,-0.161469,-0.050429,-1.077694,-0.209033,-0.047651,-0.779544,-0.204300,0.150464,-0.995719,-0.072929,0.180876,-1.428987,-0.158420,0.136337,-1.336458,-0.178948,0.101325,-1.242955,-0.174736,0.298097,-0.930511,-0.121138,0.317540,-1.059161,-0.168208,0.240487,-1.015675,-0.185739,0.161555,-0.993234,-0.193176,0.554520,0.414396,0.400166,0.279769,0.323053,0.148769,0.369556,0.987641,-0.156736
N,0.000000,0.000000,0.000000,-0.170042,-0.275108,-0.059444,-0.142245,-0.756146,-0.100360,0.079837,-1.052762,-0.146526,0.253320,-1.253135,-0.180501,-0.149878,-0.931820,-0.008095,-0.172378,-1.228217,-0.123100,-0.190441,-0.943796,-0.204068,-0.193642,-0.665677,-0.243068,0.000000,-0.999615,-0.027741,-0.015844,-1.373684,-0.152544,-0.043527,-1.092059,-0.205645,-0.047654,-0.816208,-0.206849,0.150483,-0.991535,-0.068809,0.191650,-1.418163,-0.152106,0.146004,-1.359796,-0.178619,0.111568,-1.303305,-0.180032,0.294672,-0.925130,-0.117453,0.312036,-1.073253,-0.160870,0.238964,-1.030778,-0.174134,0.167105,-1.006828,-0.179149,0.543632,0.430272,0.389588,0.296247,0.302465,0.178448,0.336559,0.986685,-0.162643
N,0.000000,0.000000,0.000000,-0.169108,-0.268462,-0.059382,-0.147590,-0.737623,-0.099572,0.066789,-1.043132,-0.145340,0.234936,-1.249344,-0.178431,-0.149246,-0.930729,-0.001159,-0.175150,-1.225188,-0.116116,-0.191770,-0.939141,-0.198284,-0.194525,-0.656101,-0.237366,0.000000,-0.999793,-0.020335,-0.018217,-1.367860,-0.144610,-0.043292,-1.085438,-0.197511,-0.046944,-0.803352,-0.198084,0.148777,-0.993761,-0.061932,0.190609,-1.411166,-0.144311,0.145262,-1.370393,-0.172221,0.105338,-1.320266,-0.174973,0.290871,-0.926156,-0.111402,0.318883,-1.074879,-0.153408,0.247712,-1.037746,-0.166939,0.170365,-1.010661,-0.172487,0.529656,0.415496,0.377445,0.281561,0.293799,0.171218,0.334772,0.986544,-0.163498
N,0.000000,0.000000,0.000000,-0.168316,-0.258191,-0.057584,-0.154893,-0.737987,-0.091313,0.036077,-1.056863,-0.131079,0.188935,-1.282175,-0.156923,-0.145135,-0.921765,-0.003410,-0.174858,-1.218534,-0.114491,-0.196606,-0.928991,-0.188309,-0.202643,-0.643991,-0.222127,0.000000,-0.999785,-0.020731,-0.031750,-1.371070,-0.146046,-0.056669,-1.079153,-0.192313,-0.057846,-0.787035,-0.187482,0.146017,-0.997676,-0.059831,0.173944,-1.414976,-0.146420,0.130132,-1.304994,-0.167528,0.093211,-1.185734,-0.162363,0.290162,-0.933046,-0.106799,0.320585,-1.063751,-0.159326,0.244392,-1.021447,-0.182453,0.161371,-0.992047,-0.191885,0.514844,0.371747,0.366044,0.238165,0.303658,0.134057,0.366947,0.987970,-0.154644
N,0.000000,0.000000,0.000000,-0.167733,-0.265231,-0.064458,-0.141805,-0.748868,-0.106940,0.081658,-1.051296,-0.153702,0.256933,-1.248462,-0.186352,-0.149783,-0.931277,-0.013902,-0.171471,-1.234360,-0.130239,-0.192759,-0.933984,-0.210060,-0.198477,-0.642646,-0.247486,0.000000,-0.999530,-0.030651,-0.019182,-1.379318,-0.158534,-0.047269,-1.075905,-0.207989,-0.050304,-0.779099,-0.204868,0.152012,-0.992246,-0.069424,0.192010,-1.424508,-0.154561,0.147586,-1.345028,-0.176650,0.110959,-1.261198,-0.173038,0.300430,-0.927075,-0.116526,0.332648,-1.091334,-0.161567,0.255315,-1.046144,-0.174825,0.173112,-1.012374,-0.178726,0.543842,0.432294,0.390160,0.306818,0.300545,0.190310,0.331749,0.987034,-0.160514
M,0.000000,0.000000,0.000000,-0.180112,-0.236823,-0.072613,-0.149045,-0.685830,-0.116702,0.106913,-0.930333,-0.164896,0.287116,-1.133420,-0.207509,-0.173214,-0.934326,-0.024085,-0.190417,-1.169567,-0.139181,-0.196722,-0.888849,-0.224396,-0.198052,-0.604891,-0.265707,0.000000,-0.999248,-0.038770,-0.029395,-1.263180,-0.153523,-0.061116,-0.909042,-0.207389,-0.072337,-0.624733,-0.216806,0.165916,-0.957130,-0.071900,0.181305,-1.324875,-0.171798,0.115872,-0.981254,-0.167297,0.074062,-0.724283,-0.140780,0.312530,-0.850944,-0.111845,0.279985,-0.994812,-0.180666,0.219114,-0.757097,-0.164724,0.195716,-0.619871,-0.137073,0.534028,0.483750,0.359041,0.346311,0.253293,0.221645,0.299316,0.984425,-0.175808
M,0.000000,0.000000,0.000000,-0.172408,-0.238615,-0.071253,-0.140727,-0.688457,-0.112358,0.112433,-0.933430,-0.157657,0.295400,-1.137705,-0.197768,-0.170587,-0.934002,-0.013127,-0.186545,-1.162943,-0.121930,-0.193548,-0.890557,-0.205049,-0.193929,-0.609293,-0.245778,0.000000,-0.999631,-0.027153,-0.031764,-1.254481,-0.137894,-0.060584,-0.911345,-0.191998,-0.066436,-0.624529,-0.200615,0.163900,-0.958235,-0.060011,0.180329,-1.311816,-0.156384,0.115508,-0.987532,-0.157613,0.073517,-0.736144,-0.134808,0.309183,-0.850421,-0.099628,0.281980,-0.989459,-0.166778,0.219433,-0.755622,-0.154398,0.190613,-0.616087,-0.129179,0.541047,0.488528,0.368015,0.352502,0.261684,0.212764,0.303897,0.985653,-0.168787
M,0.000000,0.000000,0.000000,-0.176810,-0.242166,-0.069063,-0.144390,-0.697292,-0.109308,0.108164,-0.946565,-0.154637,0.287560,-1.158085,-0.194745,-0.173681,-0.932629,-0.015414,-0.183700,-1.192784,-0.128519,-0.186991,-0.918487,-0.212063,-0.189614,-0.634119,-0.251620,0.000000,-0.999536,-0.030471,-0.025190,-1.288504,-0.143020,-0.052554,-0.938719,-0.197305,-0.064466,-0.650503,-0.206853,0.166453,-0.962584,-0.064125,0.187403,-1.353047,-0.164242,0.125399,-1.013985,-0.163462,0.080716,-0.751192,-0.138966,0.317401,-0.863679,-0.103889,0.292010,-1.033506,-0.173180,0.230791,-0.793239,-0.159175,0.200928,-0.644261,-0.133079,0.543814,0.477155,0.367171,0.342779,0.264479,0.221297,0.309548,0.984641,-0.174591
M,0.000000,0.000000,0.000000,-0.174879,-0.231411,-0.072114,-0.139764,-0.689089,-0.113589,0.118083,-0.935606,-0.159117,0.297865,-1.140082,-0.199603,-0.170134,-0.938378,-0.016088,-0.181370,-1.177171,-0.128351,-0.188885,-0.901369,-0.213807,-0.190641,-0.619887,-0.255592,0.000000,-0.999557,-0.029769,-0.027662,-1.267578,-0.143007,-0.059787,-0.919763,-0.200022,-0.070472,-0.635375,-0.211025,0.164577,-0.958079,-0.062033,0.186127,-1.328394,-0.162539,0.118820,-0.990579,-0.164165,0.072879,-0.732297,-0.140797,0.312706,-0.855788,-0.100643,0.286045,-1.010248,-0.170944,0.223995,-0.769210,-0.157750,0.196038,-0.625403,-0.131405,0.541650,0.485921,0.370560,0.354156,0.264228,0.222083,0.301391,0.984061,-0.177831
M,0.000000,0.000000,0.000000,-0.176449,-0.232619,-0.071590,-0.142835,-0.692192,-0.112654,0.112495,-0.940025,-0.157463,0.288227,-1.142366,-0.196454,-0.169703,-0.937322,-0.018178,-0.183027,-1.177146,-0.129329,-0.191222,-0.896612,-0.212754,-0.191783,-0.617532,-0.253335,0.000000,-0.999528,-0.030710,-0.029757,-1.269397,-0.142667,-0.061808,-0.919011,-0.196870,-0.072212,-0.637737,-0.206505,0.162305,-0.959730,-0.061567,0.180888,-1.333670,-0.158403,0.116339,-0.995461,-0.156077,0.073347,-0.739358,-0.131170,0.309787,-0.861013,-0.099115,0.283798,-1.015615,-0.164768,0.222427,-0.780168,-0.149878,0.194939,-0.641959,-0.123544,0.532471,0.477279,0.361868,0.346617,0.259628,0.222635,0.298495,0.984831,-0.173516
M,0.000000,0.000000,0.000000,-0.179620,-0.236280,-0.068224,-0.146629,-0.693626,-0.107707,0.107138,-0.945189,-0.152246,0.287702,-1.153424,-0.191029,-0.171085,-0.935917,-0.011039,-0.181126,-1.189337,-0.122922,-0.191745,-0.912984,-0.206286,-0.195901,-0.633494,-0.246150,-0.000000,-0.999668,-0.025775,-0.025912,-1.278903,-0.137870,-0.059758,-0.930723,-0.191861,-0.072434,-0.647880,-0.200486,0.164223,-0.963117,-0.059304,0.183094,-1.340881,-0.156687,0.117263,-1.001683,-0.154087,0.074327,-0.746484,-0.128260,0.314068,-0.865657,-0.099291,0.284237,-1.023236,-0.164239,0.222469,-0.785591,-0.148256,0.196427,-0.644613,-0.120807,0.538693,0.475108,0.365680,0.341942,0.262327,0.217399,0.303185,0.983407,-0.181412
M,0.000000,0.000000,0.000000,-0.172017,-0.244467,-0.068662,-0.137722,-0.694055,-0.108812,0.116053,-0.945729,-0.154064,0.297449,-1.153653,-0.193234,-0.170335,-0.937425,-0.007669,-0.176662,-1.186833,-0.118408,-0.184535,-0.914927,-0.202222,-0.188117,-0.635161,-0.242780,0.000000,-0.999748,-0.022434,-0.024190,-1.276856,-0.133912,-0.055367,-0.933170,-0.188680,-0.066156,-0.651139,-0.198157,0.163128,-0.959958,-0.056200,0.185701,-1.332816,-0.152832,0.119736,-1.002720,-0.151175,0.075181,-0.749891,-0.126109,0.309525,-0.857663,-0.096551,0.286464,-1.019222,-0.159678,0.225081,-0.788557,-0.143049,0.197142,-0.649041,-0.115524,0.547732,0.481125,0.375946,0.349499,0.272651,0.214987,0.311614,0.983383,-0.181541
M,0.000000,0.000000,0.000000,-0.174804,-0.244860,-0.069713,-0.141994,-0.696259,-0.111384,0.112992,-0.951628,-0.157955,0.291555,-1.164274,-0.198098,-0.170397,-0.936426,-0.012762,-0.179788,-1.192975,-0.125061,-0.187822,-0.922966,-0.209052,-0.189487,-0.642782,-0.249693,0.000000,-0.999618,-0.027646,-0.028096,-1.283355,-0.140104,-0.058956,-0.940718,-0.194571,-0.067760,-0.658338,-0.204274,0.163126,-0.962286,-0.061520,0.182427,-1.343021,-0.157918,0.117386,-1.010905,-0.154339,0.075887,-0.756369,-0.128511,0.311231,-0.862677,-0.102317,0.287579,-1.028558,-0.164690,0.225028,-0.799449,-0.147280,0.197341,-0.659785,-0.119770,0.547415,0.477831,0.375726,0.346007,0.275584,0.213246,0.317051,0.984585,-0.174907
M,0.000000,0.000000,0.000000,-0.175090,-0.247346,-0.067204,-0.147480,-0.699696,-0.107001,0.101684,-0.961969,-0.152744,0.278427,-1.178326,-0.191935,-0.168551,-0.936772,-0.007542,-0.183032,-1.196971,-0.120525,-0.192674,-0.923948,-0.204087,-0.194145,-0.643629,-0.243576,-0.000000,-0.999725,-0.023446,-0.029254,-1.288755,-0.135363,-0.061776,-0.944456,-0.187389,-0.069684,-0.661648,-0.194824,0.161757,-0.961994,-0.059015,0.179743,-1.347722,-0.155215,0.113826,-1.016681,-0.150754,0.073350,-0.761934,-0.123692,0.309850,-0.861032,-0.101515,0.288569,-1.040421,-0.163861,0.223219,-0.810247,-0.146716,0.192081,-0.662804,-0.118906,0.540498,0.467323,0.371225,0.331756,0.279426,0.199453,0.331420,0.984945,-0.172869
M,0.000000,0.000000,0.000000,-0.194011,-0.236404,-0.070785,-0.194214,-0.679389,-0.111379,0.018975,-0.936883,-0.156740,0.179039,-1.125429,-0.194542,-0.169802,-0.933708,-0.029260,-0.204765,-1.151745,-0.153014,-0.224556,-0.843440,-0.232436,-0.217042,-0.582747,-0.266901,0.000000,-0.998956,-0.045688,-0.043119,-1.239285,-0.172337,-0.094572,-0.842623,-0.211477,-0.086394,-0.588764,-0.203738,0.160436,-0.955644,-0.081319,0.139279,-1.242905,-0.189349,0.057442,-0.833541,-0.159096,0.039772,-0.598080,-0.108804,0.300508,-0.851948,-0.124961,0.234033,-0.937332,-0.189976,0.169283,-0.673796,-0.156907,0.177448,-0.570716,-0.113516,0.431005,0.386940,0.264968,0.250620,0.204920,0.124131,0.307226,0.983070,-0.183228
M,0.000000,0.000000,0.000000,-0.148688,-0.244901,-0.071775,-0.133100,-0.694839,-0.107542,0.041895,-1.006256,-0.152580,0.180022,-1.268441,-0.185180,-0.149013,-0.921036,-0.004318,-0.165173,-1.207533,-0.108824,-0.166311,-0.937505,-0.182132,-0.158279,-0.664405,-0.212843,0.000000,-0.999956,-0.009374,-0.018915,-1.320965,-0.115474,-0.038608,-0.993945,-0.159857,-0.035489,-0.703138,-0.162454,0.150871,-1.004010,-0.034721,0.169325,-1.438608,-0.123258,0.122547,-1.133821,-0.120831,0.107075,-0.844554,-0.094519,0.289207,-0.955580,-0.069514,0.316403,-1.220688,-0.125944,0.271987,-1.098600,-0.124970,0.246214,-0.950995,-0.109218,0.511533,0.358748,0.367967,0.217241,0.305633,0.181399,0.350973,0.990408,-0.138171
T,0.000000,0.000000,0.000000,-0.202299,-0.239035,-0.045634,-0.270867,-0.675942,-0.055014,-0.205216,-1.069271,-0.081122,-0.140845,-1.346884,-0.087191,-0.140344,-1.002158,0.075895,-0.169641,-1.318387,-0.038925,-0.188214,-1.035660,-0.085581,-0.157743,-0.919811,-0.093845,0.000000,-0.998665,0.051661,-0.010095,-1.289575,-0.060058,-0.073042,-0.886524,-0.062042,-0.049757,-0.832942,-0.025336,0.141636,-0.948785,-0.000684,0.147620,-1.251615,-0.126371,0.062858,-0.843042,-0.064984,0.075769,-0.740603,0.018034,0.283527,-0.862120,-0.060445,0.278697,-1.114684,-0.125831,0.195440,-0.842233,-0.069865,0.192158,-0.717139,-0.002952,0.381358,0.063016,0.400468,0.145314,0.495745,0.306306,0.644828,0.989054,-0.147554
T,0.000000,0.000000,0.000000,-0.216217,-0.233171,-0.049780,-0.282314,-0.684144,-0.055672,-0.191181,-1.104497,-0.076395,-0.112653,-1.382657,-0.074642,-0.149922,-1.006209,0.073855,-0.178879,-1.338795,-0.048612,-0.195708,-1.041890,-0.096951,-0.170037,-0.909730,-0.103794,0.000000,-0.998623,0.052469,-0.008787,-1.297297,-0.064373,-0.073568,-0.883779,-0.066011,-0.054927,-0.833119,-0.027969,0.145912,-0.942870,0.001512,0.154525,-1.253469,-0.131524,0.065921,-0.825987,-0.067465,0.075819,-0.722805,0.019305,0.293825,-0.854392,-0.057140,0.291351,-1.106330,-0.128890,0.202280,-0.816614,-0.073212,0.193656,-0.689669,-0.004815,0.406390,0.083591,0.419917,0.134832,0.515817,0.302174,0.666779,0.987744,-0.156080
T,0.000000,0.000000,0.000000,-0.215983,-0.230261,-0.051490,-0.283759,-0.680681,-0.058220,-0.192390,-1.105475,-0.079344,-0.112249,-1.384807,-0.077354,-0.151602,-1.007294,0.071851,-0.180509,-1.340368,-0.052088,-0.196661,-1.040619,-0.101074,-0.171742,-0.907532,-0.108155,0.000000,-0.998690,0.051168,-0.008473,-1.296503,-0.066174,-0.072638,-0.880634,-0.067321,-0.054852,-0.832322,-0.029234,0.147270,-0.942846,0.000696,0.156639,-1.255597,-0.133299,0.068177,-0.825090,-0.068295,0.077191,-0.722492,0.018972,0.295941,-0.854573,-0.057637,0.295132,-1.105240,-0.130358,0.204858,-0.813054,-0.074497,0.194298,-0.686507,-0.005949,0.407832,0.085279,0.422142,0.136719,0.518432,0.303523,0.669445,0.987549,-0.157314
T,0.000000,0.000000,0.000000,-0.214115,-0.228365,-0.049055,-0.280701,-0.679416,-0.054062,-0.186503,-1.104592,-0.074279,-0.103081,-1.382689,-0.071757,-0.151240,-1.004918,0.076995,-0.177516,-1.341749,-0.046100,-0.195706,-1.051827,-0.094708,-0.171730,-0.919597,-0.101252,-0.000000,-0.998461,0.055454,-0.004956,-1.297764,-0.059790,-0.071591,-0.885360,-0.059599,-0.055119,-0.839751,-0.020381,0.146906,-0.943838,0.003885,0.159852,-1.258218,-0.128066,0.069771,-0.830521,-0.062645,0.077235,-0.728509,0.024751,0.294801,-0.856824,-0.055633,0.297515,-1.106624,-0.127268,0.205663,-0.816880,-0.071772,0.192333,-0.690876,-0.003519,0.408849,0.088741,0.417659,0.130323,0.510692,0.296307,0.659624,0.987018,-0.160612
T,0.000000,0.000000,0.000000,-0.212917,-0.232790,-0.048869,-0.276083,-0.681406,-0.053379,-0.181656,-1.100645,-0.072733,-0.103523,-1.380951,-0.069327,-0.150656,-1.004153,0.079217,-0.177719,-1.334331,-0.042032,-0.194529,-1.047440,-0.090414,-0.171298,-0.910858,-0.096628,0.000000,-0.998294,0.058390,-0.005272,-1.291280,-0.055120,-0.071017,-0.883109,-0.056298,-0.055003,-0.834902,-0.018301,0.145694,-0.943332,0.007718,0.157819,-1.248339,-0.122626,0.068117,-0.826218,-0.059227,0.075933,-0.725350,0.026525,0.291755,-0.855481,-0.050754,0.292093,-1.099319,-0.121078,0.201633,-0.813003,-0.065956,0.190615,-0.689951,0.001908,0.407754,0.091779,0.416480,0.133776,0.509466,0.297870,0.657806,0.986917,-0.161229
T,0.000000,0.000000,0.000000,-0.210026,-0.236667,-0.048716,-0.275624,-0.680784,-0.055422,-0.196342,-1.086116,-0.077249,-0.127742,-1.355064,-0.076030,-0.146422,-1.008283,0.079815,-0.172974,-1.323929,-0.040357,-0.188546,-1.036845,-0.089007,-0.163632,-0.913260,-0.096519,0.000000,-0.998306,0.058179,-0.008459,-1.283356,-0.056397,-0.070799,-0.878855,-0.059096,-0.052203,-0.839991,-0.021873,0.143361,-0.943498,0.006982,0.151767,-1.239550,-0.122274,0.065675,-0.826860,-0.060434,0.075676,-0.737640,0.024024,0.285943,-0.857790,-0.052071,0.283676,-1.092976,-0.119773,0.197487,-0.814810,-0.064852,0.190699,-0.701693,0.002417,0.380648,0.065481,0.402002,0.140556,0.499774,0.305953,0.647295,0.987818,-0.155614
T,0.000000,0.000000,0.000000,-0.212445,-0.233625,-0.048278,-0.276584,-0.685188,-0.054461,-0.193063,-1.094079,-0.075840,-0.123226,-1.365890,-0.074972,-0.146857,-1.007643,0.076962,-0.172788,-1.326343,-0.043437,-0.189925,-1.041010,-0.091559,-0.163035,-0.917458,-0.098821,0.000000,-0.998496,0.054832,-0.006657,-1.288091,-0.060482,-0.073161,-0.880906,-0.062317,-0.054069,-0.837302,-0.024384,0.142922,-0.944130,0.003289,0.152393,-1.243712,-0.126533,0.063248,-0.827300,-0.063823,0.073743,-0.733253,0.021202,0.285659,-0.859643,-0.056111,0.282476,-1.094036,-0.124666,0.194328,-0.814217,-0.069970,0.186849,-0.698710,-0.003066,0.389850,0.070815,0.408671,0.140893,0.504818,0.305862,0.651020,0.988041,-0.154190
T,0.000000,0.000000,0.000000,-0.213953,-0.232759,-0.051397,-0.278340,-0.680307,-0.059402,-0.190979,-1.096970,-0.082271,-0.118382,-1.377208,-0.082725,-0.149650,-1.005931,0.075970,-0.177709,-1.329462,-0.046559,-0.193338,-1.051489,-0.095669,-0.167566,-0.919352,-0.102601,0.000000,-0.998477,0.055170,-0.006637,-1.290342,-0.060892,-0.071825,-0.881455,-0.062190,-0.054643,-0.832456,-0.023528,0.145495,-0.943458,0.004392,0.155871,-1.247736,-0.127689,0.066751,-0.826692,-0.063611,0.074617,-0.726073,0.023155,0.290683,-0.855349,-0.054432,0.288362,-1.092655,-0.125930,0.199040,-0.811205,-0.071096,0.188687,-0.693441,-0.003201,0.404980,0.084305,0.420080,0.143211,0.515131,0.306593,0.663681,0.987631,-0.156793
T,0.000000,0.000000,0.000000,-0.215020,-0.229692,-0.052021,-0.281892,-0.678633,-0.060092,-0.194581,-1.100005,-0.082868,-0.116152,-1.378582,-0.083232,-0.150321,-1.006859,0.073960,-0.178095,-1.335747,-0.048339,-0.196256,-1.053067,-0.095974,-0.168989,-0.924477,-0.102385,0.000000,-0.998597,0.052959,-0.006485,-1.293594,-0.063557,-0.074372,-0.880041,-0.063424,-0.055353,-0.833105,-0.023697,0.145845,-0.942412,0.001902,0.157364,-1.251043,-0.130623,0.065693,-0.825355,-0.065532,0.074400,-0.726464,0.021939,0.292408,-0.853831,-0.057274,0.290880,-1.094322,-0.129332,0.199969,-0.809859,-0.074570,0.189999,-0.692454,-0.006769,0.405037,0.083001,0.420033,0.140131,0.515882,0.305489,0.665551,0.987827,-0.155555
T,0.000000,0.000000,0.000000,-0.214274,-0.231883,-0.052630,-0.280729,-0.679477,-0.059824,-0.192719,-1.105539,-0.081690,-0.116594,-1.381412,-0.079563,-0.151401,-1.008254,0.076421,-0.173895,-1.342372,-0.045764,-0.190136,-1.044857,-0.093297,-0.166025,-0.910134,-0.099572,0.000000,-0.998408,0.056403,-0.004433,-1.291188,-0.057977,-0.070178,-0.875089,-0.057172,-0.053268,-0.832468,-0.018160,0.146593,-0.941707,0.005884,0.160528,-1.247971,-0.123538,0.070524,-0.823648,-0.057117,0.077432,-0.725135,0.030001,0.293974,-0.853778,-0.053215,0.297277,-1.094847,-0.122351,0.205837,-0.811717,-0.066852,0.192653,-0.691548,0.000814,0.405943,0.077135,0.422816,0.145556,0.519528,0.310704,0.669072,0.987453,-0.157912
T,0.000000,0.000000,0.000000,-0.213968,-0.239669,-0.052583,-0.273353,-0.685605,-0.058704,-0.177382,-1.099108,-0.079001,-0.103693,-1.378450,-0.076026,-0.148255,-1.008519,0.081714,-0.168772,-1.327599,-0.040928,-0.186252,-1.034891,-0.092015,-0.165139,-0.899896,-0.100313,0.000000,-0.998051,0.062396,-0.001698,-1.280323,-0.053402,-0.067100,-0.871555,-0.058495,-0.051342,-0.827325,-0.022830,0.142532,-0.940062,0.012554,0.157199,-1.228429,-0.118652,0.066860,-0.812072,-0.058761,0.073998,-0.720467,0.024768,0.284544,-0.851322,-0.045455,0.283542,-1.078268,-0.114807,0.195374,-0.797218,-0.061197,0.186249,-0.684459,0.005483,0.404619,0.089738,0.417870,0.143331,0.510546,0.303953,0.655383,0.988124,-0.153657
T,0.000000,0.000000,0.000000,-0.217673,-0.233808,-0.055877,-0.280789,-0.682312,-0.062780,-0.186231,-1.103733,-0.083636,-0.110921,-1.381176,-0.081163,-0.150386,-1.009224,0.078953,-0.165269,-1.335743,-0.043125,-0.183258,-1.026591,-0.093743,-0.162095,-0.900116,-0.103089,0.000000,-0.998213,0.059754,0.003055,-1.287948,-0.056618,-0.064110,-0.871824,-0.061821,-0.051171,-0.826443,-0.026877,0.143556,-0.941763,0.009788,0.163267,-1.234391,-0.122408,0.071862,-0.810253,-0.062885,0.076267,-0.712666,0.020253,0.288922,-0.854586,-0.048675,0.292953,-1.084608,-0.117586,0.202057,-0.797786,-0.063643,0.188469,-0.678414,0.002606,0.406869,0.080403,0.422873,0.149279,0.515863,0.313729,0.661987,0.987556,-0.157268
T,0.000000,0.000000,0.000000,-0.222256,-0.229182,-0.056672,-0.287114,-0.676374,-0.062812,-0.186386,-1.112214,-0.083058,-0.106666,-1.394690,-0.079922,-0.152676,-1.009086,0.082003,-0.167799,-1.340954,-0.040949,-0.187972,-1.029437,-0.091481,-0.166947,-0.903129,-0.100552,0.000000,-0.998000,0.063209,0.002376,-1.293823,-0.054176,-0.066612,-0.873201,-0.058910,-0.053574,-0.827810,-0.023056,0.145666,-0.941184,0.013129,0.164597,-1.240000,-0.121938,0.071654,-0.807943,-0.061420,0.076566,-0.706887,0.023574,0.294138,-0.853721,-0.045469,0.296149,-1.086722,-0.116593,0.203362,-0.795607,-0.062526,0.189846,-0.673498,0.004523,0.420746,0.090243,0.435002,0.150755,0.527255,0.315084,0.674150,0.987145,-0.159826
T,0.000000,0.000000,0.000000,-0.221761,-0.225041,-0.057695,-0.286725,-0.677427,-0.064088,-0.183697,-1.115937,-0.084060,-0.100953,-1.399340,-0.079984,-0.154033,-1.009130,0.078611,-0.168292,-1.341962,-0.045819,-0.187673,-1.031716,-0.094693,-0.167734,-0.905411,-0.101935,0.000000,-0.998177,0.060362,0.003439,-1.292060,-0.057630,-0.066446,-0.869675,-0.060061,-0.054198,-0.834314,-0.022419,0.146632,-0.941068,0.010555,0.166350,-1.236817,-0.125110,0.072834,-0.804969,-0.062811,0.077912,-0.717127,0.023132,0.295482,-0.855638,-0.047900,0.299313,-1.084468,-0.119421,0.207067,-0.792431,-0.065119,0.194826,-0.678227,0.001973,0.424540,0.094837,0.436830,0.151349,0.528686,0.316072,0.673649,0.986786,-0.162026
T,0.000000,0.000000,0.000000,-0.217502,-0.225131,-0.055672,-0.280054,-0.676306,-0.062002,-0.173324,-1.113133,-0.081964,-0.092673,-1.401185,-0.078519,-0.153829,-1.006838,0.077068,-0.171175,-1.337346,-0.048491,-0.189260,-1.039831,-0.098323,-0.171197,-0.903822,-0.105104,0.000000,-0.998299,0.058302,0.001583,-1.288184,-0.059365,-0.064846,-0.871934,-0.062072,-0.054447,-0.830826,-0.024473,0.147391,-0.942925,0.008450,0.163878,-1.236995,-0.127281,0.072961,-0.807602,-0.065202,0.075671,-0.715426,0.020636,0.295406,-0.857030,-0.049714,0.295363,-1.085603,-0.122957,0.204917,-0.791879,-0.068947,0.191981,-0.675687,-0.001577,0.428319,0.105544,0.435460,0.148392,0.524591,0.308471,0.668984,0.986807,-0.161901
T,0.000000,0.000000,0.000000,-0.217800,-0.228642,-0.058346,-0.281656,-0.679701,-0.065919,-0.183381,-1.108635,-0.086378,-0.109141,-1.390965,-0.082529,-0.151961,-1.009915,0.076007,-0.168118,-1.332813,-0.047770,-0.186329,-1.027938,-0.096972,-0.165924,-0.903449,-0.104602,0.000000,-0.998276,0.058701,-0.000303,-1.282671,-0.058348,-0.067645,-0.864897,-0.061022,-0.054325,-0.830786,-0.024187,0.144674,-0.941659,0.010140,0.159089,-1.230233,-0.123873,0.068322,-0.804079,-0.062145,0.074631,-0.717219,0.022725,0.290656,-0.857409,-0.047074,0.289919,-1.081691,-0.118060,0.199401,-0.792765,-0.064440,0.188765,-0.680459,0.001984,0.414929,0.089823,0.431350,0.155429,0.524295,0.315423,0.667665,0.987406,-0.158205
T,0.000000,0.000000,0.000000,-0.217462,-0.225854,-0.059080,-0.282668,-0.678500,-0.066690,-0.183730,-1.112009,-0.087040,-0.101551,-1.391586,-0.082722,-0.152024,-1.009215,0.075837,-0.170162,-1.334053,-0.049563,-0.187308,-1.030440,-0.099452,-0.165744,-0.905707,-0.107226,0.000000,-0.998279,0.058647,-0.000171,-1.283656,-0.060577,-0.067137,-0.865470,-0.063632,-0.055023,-0.830971,-0.026302,0.145056,-0.942654,0.009986,0.160293,-1.233155,-0.126311,0.068925,-0.804654,-0.064513,0.074046,-0.717348,0.021198,0.291637,-0.857767,-0.047318,0.290539,-1.081504,-0.120288,0.200119,-0.792190,-0.067075,0.189222,-0.681437,-0.000267,0.417009,0.095484,0.430103,0.149724,0.520529,0.309132,0.663937,0.987410,-0.158181
T,0.000000,0.000000,0.000000,-0.227142,-0.213600,-0.070560,-0.293601,-0.670453,-0.078832,-0.188542,-1.118369,-0.097128,-0.097822,-1.399108,-0.089362,-0.158925,-1.013830,0.072276,-0.169513,-1.342984,-0.055381,-0.190499,-1.010758,-0.106946,-0.171089,-0.899824,-0.117269,0.000000,-0.998195,0.060053,0.004088,-1.295761,-0.064705,-0.069174,-0.860944,-0.069793,-0.055831,-0.833463,-0.032584,0.148717,-0.937755,0.014892,0.168675,-1.233004,-0.128036,0.070921,-0.789223,-0.067775,0.078843,-0.708995,0.018829,0.299896,-0.853604,-0.039731,0.300013,-1.068681,-0.116495,0.205487,-0.768441,-0.064702,0.196971,-0.661343,0.001817,0.422256,0.097182,0.438891,0.147221,0.533382,0.316396,0.676918,0.987246,-0.159200
T,0.000000,0.000000,0.000000,-0.219620,-0.222207,-0.064216,-0.287789,-0.674854,-0.072916,-0.188798,-1.106899,-0.092886,-0.105329,-1.384752,-0.087184,-0.155085,-1.018013,0.072220,-0.174613,-1.342249,-0.057962,-0.194004,-1.027524,-0.110800,-0.174304,-0.904132,-0.120011,-0.000000,-0.998341,0.057578,-0.001544,-1.288267,-0.066599,-0.071025,-0.861818,-0.069723,-0.055643,-0.832513,-0.030518,0.147307,-0.933786,0.010577,0.160981,-1.227009,-0.130684,0.067186,-0.791079,-0.068162,0.076672,-0.710612,0.020111,0.295233,-0.845186,-0.045343,0.291187,-1.060856,-0.121606,0.200181,-0.768395,-0.068631,0.194442,-0.664510,-0.000523,0.402967,0.086375,0.425868,0.143193,0.526072,0.312564,0.673299,0.989354,-0.145532
T,0.000000,0.000000,0.000000,-0.220388,-0.232524,-0.066300,-0.285607,-0.678175,-0.074531,-0.188960,-1.102195,-0.093125,-0.111391,-1.375287,-0.085606,-0.155604,-1.018700,0.073071,-0.170656,-1.336126,-0.051507,-0.188515,-1.012042,-0.103082,-0.170585,-0.906669,-0.114198,0.000000,-0.998220,0.059634,-0.001050,-1.284632,-0.061510,-0.068356,-0.861451,-0.067597,-0.054511,-0.841158,-0.032557,0.146688,-0.931831,0.014308,0.162009,-1.219340,-0.122973,0.070613,-0.792906,-0.063667,0.079576,-0.723827,0.020251,0.293503,-0.841672,-0.040194,0.292422,-1.055497,-0.111303,0.202882,-0.769756,-0.058337,0.196896,-0.672037,0.007611,0.392793,0.078795,0.419144,0.144824,0.522724,0.316959,0.671376,0.990026,-0.140886
T,0.000000,0.000000,0.000000,-0.184240,-0.290684,-0.097273,-0.241307,-0.718736,-0.126802,-0.164034,-1.094442,-0.157836,-0.109434,-1.373804,-0.158808,-0.158173,-1.069057,0.030620,-0.185933,-1.373462,-0.113379,-0.196943,-1.047438,-0.174556,-0.172115,-0.924719,-0.187562,0.000000,-0.999328,0.036655,-0.006834,-1.236152,-0.093715,-0.066009,-0.841131,-0.101334,-0.047716,-0.864309,-0.067942,0.146672,-0.880859,0.008672,0.154823,-1.080721,-0.126005,0.067688,-0.727001,-0.074035,0.085649,-0.741557,0.001240,0.280762,-0.753955,-0.031037,0.268127,-0.864426,-0.091375,0.190303,-0.646941,-0.046789,0.202435,-0.630688,0.009465,0.362117,0.088972,0.436364,0.183608,0.580202,0.395986,0.743499,0.999982,0.006048
T,0.000000,0.000000,0.000000,-0.181867,-0.290105,-0.091595,-0.240433,-0.718980,-0.118996,-0.160497,-1.098338,-0.148694,-0.101535,-1.381158,-0.148891,-0.157850,-1.070517,0.032341,-0.185594,-1.375401,-0.113323,-0.198047,-1.062655,-0.175451,-0.175689,-0.931701,-0.187937,0.000000,-0.999376,0.035330,-0.005565,-1.235963,-0.097356,-0.064481,-0.843108,-0.105857,-0.049880,-0.861980,-0.072203,0.147274,-0.882898,0.004850,0.155624,-1.087787,-0.133407,0.067945,-0.730125,-0.081831,0.080323,-0.739246,-0.005358,0.282173,-0.758059,-0.036652,0.271311,-0.880908,-0.100953,0.191298,-0.656132,-0.056146,0.197164,-0.633923,0.001637,0.364025,0.091456,0.435895,0.181515,0.577759,0.390432,0.740325,1.000000,-0.000928
T,0.000000,0.000000,0.000000,-0.180200,-0.289691,-0.093670,-0.238249,-0.717341,-0.120253,-0.159313,-1.091691,-0.148507,-0.101236,-1.371280,-0.146827,-0.156396,-1.068625,0.032990,-0.183414,-1.368984,-0.112763,-0.195419,-1.051651,-0.175541,-0.174201,-0.921549,-0.188246,0.000000,-0.999309,0.037161,-0.005262,-1.231142,-0.095270,-0.062956,-0.841088,-0.105312,-0.048430,-0.863308,-0.072734,0.146006,-0.884322,0.007492,0.154671,-1.080649,-0.130226,0.068267,-0.727287,-0.080999,0.080765,-0.743136,-0.006187,0.279789,-0.760422,-0.033418,0.269284,-0.878018,-0.096247,0.190140,-0.656107,-0.052148,0.195487,-0.636946,0.004864,0.356337,0.088988,0.427156,0.177504,0.567513,0.387595,0.728827,0.999996,-0.002765
T,0.000000,0.000000,0.000000,-0.183399,-0.292934,-0.096016,-0.242561,-0.718095,-0.123539,-0.165005,-1.091572,-0.152280,-0.108443,-1.369173,-0.151228,-0.155931,-1.067602,0.033131,-0.183332,-1.359456,-0.109047,-0.193748,-1.039130,-0.170857,-0.171789,-0.922169,-0.184813,-0.000000,-0.999272,0.038149,-0.008411,-1.229087,-0.092200,-0.064230,-0.839953,-0.101868,-0.048777,-0.863377,-0.070100,0.144680,-0.884701,0.009246,0.152156,-1.080059,-0.126880,0.066793,-0.728378,-0.077846,0.078446,-0.742513,-0.004024,0.276931,-0.761624,-0.031266,0.266363,-0.875201,-0.093176,0.188094,-0.656666,-0.049970,0.192923,-0.638372,0.005626,0.356635,0.086498,0.429476,0.181974,0.569681,0.389989,0.729397,1.000000,0.000618
T,0.000000,0.000000,0.000000,-0.182506,-0.292389,-0.093655,-0.242015,-0.718199,-0.121205,-0.161920,-1.091081,-0.150296,-0.100504,-1.369547,-0.149904,-0.156528,-1.068117,0.031934,-0.185167,-1.366072,-0.112185,-0.197023,-1.048740,-0.175502,-0.174430,-0.923028,-0.189957,0.000000,-0.999358,0.035822,-0.007410,-1.231202,-0.095135,-0.065119,-0.842202,-0.105164,-0.049366,-0.860924,-0.073749,0.145420,-0.884147,0.006120,0.153083,-1.084314,-0.129708,0.066134,-0.731561,-0.079931,0.078875,-0.741373,-0.005782,0.278500,-0.759856,-0.035001,0.266483,-0.875897,-0.097305,0.187642,-0.656617,-0.053685,0.193711,-0.636715,0.002361,0.356461,0.092751,0.426187,0.175516,0.566071,0.382194,0.727029,1.000000,-0.000091
T,0.000000,0.000000,0.000000,-0.186235,-0.293000,-0.092763,-0.244237,-0.723184,-0.118746,-0.162150,-1.100407,-0.146384,-0.101982,-1.378079,-0.144438,-0.156353,-1.068392,0.032661,-0.184509,-1.367195,-0.109213,-0.197261,-1.049883,-0.169074,-0.173546,-0.926769,-0.181432,0.000000,-0.999349,0.036079,-0.006672,-1.232936,-0.094927,-0.065699,-0.842490,-0.103915,-0.048367,-0.862855,-0.071387,0.145303,-0.885090,0.006108,0.153697,-1.082828,-0.130931,0.064756,-0.728633,-0.081455,0.078414,-0.741386,-0.007082,0.278850,-0.761734,-0.035026,0.267388,-0.876660,-0.097908,0.186927,-0.656023,-0.054697,0.193277,-0.637108,0.001068,0.360869,0.090389,0.431768,0.180560,0.571710,0.390804,0.732725,0.999997,-0.002325
T,0.000000,0.000000,0.000000,-0.186528,-0.294097,-0.089474,-0.243838,-0.723399,-0.115243,-0.165667,-1.099544,-0.143855,-0.107844,-1.378021,-0.143464,-0.155029,-1.066710,0.037955,-0.183651,-1.366341,-0.106335,-0.197578,-1.053681,-0.168358,-0.173487,-0.925541,-0.180883,0.000000,-0.999202,0.039937,-0.007170,-1.233932,-0.092124,-0.066782,-0.845444,-0.102419,-0.048543,-0.865780,-0.069672,0.145988,-0.886574,0.008461,0.150625,-1.083380,-0.128745,0.062556,-0.732031,-0.080205,0.078826,-0.746725,-0.005705,0.280291,-0.764491,-0.033799,0.262899,-0.877498,-0.095513,0.184050,-0.658511,-0.051877,0.194302,-0.640913,0.004605,0.363392,0.085215,0.434476,0.183119,0.573613,0.392219,0.734230,0.999997,-0.002288
T,0.000000,0.000000,0.000000,-0.186941,-0.295177,-0.088614,-0.246875,-0.720110,-0.114373,-0.166308,-1.094314,-0.143384,-0.102872,-1.370042,-0.142662,-0.155629,-1.067872,0.040023,-0.187446,-1.368428,-0.105710,-0.201230,-1.053447,-0.169059,-0.178212,-0.930425,-0.182462,0.000000,-0.999157,0.041048,-0.010852,-1.235484,-0.092473,-0.068791,-0.842289,-0.103381,-0.050231,-0.865134,-0.070757,0.146551,-0.887614,0.008434,0.146160,-1.087469,-0.129990,0.060748,-0.729008,-0.080248,0.079537,-0.743485,-0.004365,0.281556,-0.766545,-0.034988,0.260657,-0.883284,-0.095866,0.184269,-0.661337,-0.049956,0.198209,-0.642937,0.008393,0.357021,0.092309,0.426483,0.170565,0.563718,0.376862,0.723593,0.999994,-0.003534
T,0.000000,0.000000,0.000000,-0.186259,-0.292848,-0.090239,-0.247883,-0.719901,-0.118070,-0.170964,-1.099322,-0.148750,-0.109289,-1.379951,-0.150503,-0.158206,-1.071142,0.034423,-0.191937,-1.369961,-0.110218,-0.205031,-1.062765,-0.172486,-0.177951,-0.942872,-0.185710,0.000000,-0.999346,0.036167,-0.011544,-1.238515,-0.095932,-0.071642,-0.847760,-0.104083,-0.050898,-0.866440,-0.069965,0.148310,-0.882748,0.004591,0.150033,-1.090534,-0.133379,0.060394,-0.733872,-0.081475,0.077901,-0.739775,-0.004380,0.284237,-0.756397,-0.037801,0.265980,-0.884158,-0.100408,0.184817,-0.661932,-0.053977,0.195260,-0.635556,0.005071,0.363254,0.092485,0.437779,0.180378,0.581053,0.388977,0.745911,1.000000,-0.000090
T,0.000000,0.000000,0.000000,-0.184922,-0.290541,-0.090992,-0.247501,-0.715680,-0.119670,-0.171956,-1.095358,-0.151345,-0.109622,-1.376461,-0.154053,-0.157892,-1.069504,0.034784,-0.190325,-1.368926,-0.110518,-0.203651,-1.062336,-0.173449,-0.177523,-0.940297,-0.187126,-0.000000,-0.999331,0.036570,-0.010809,-1.237840,-0.095775,-0.070516,-0.847001,-0.104094,-0.050290,-0.865312,-0.070192,0.148181,-0.883660,0.004774,0.150734,-1.091400,-0.133537,0.061510,-0.734701,-0.081746,0.078266,-0.739670,-0.004843,0.284273,-0.757058,-0.037987,0.266736,-0.882755,-0.101390,0.186047,-0.660668,-0.055661,0.196017,-0.634782,0.002842,0.363609,0.092006,0.436555,0.179933,0.578395,0.386608,0.743158,1.000000,-0.000525
T,0.000000,0.000000,0.000000,-0.188462,-0.289017,-0.089397,-0.249195,-0.716936,-0.116038,-0.169056,-1.095982,-0.145948,-0.104380,-1.374172,-0.146857,-0.156107,-1.068691,0.038366,-0.186629,-1.369957,-0.107685,-0.201986,-1.062768,-0.171324,-0.176431,-0.935886,-0.184886,-0.000000,-0.999222,0.039428,-0.008757,-1.237186,-0.093685,-0.070180,-0.847721,-0.103319,-0.050130,-0.865498,-0.069786,0.147053,-0.884875,0.006705,0.150670,-1.086011,-0.131731,0.060282,-0.731044,-0.081713,0.077429,-0.740721,-0.005757,0.283181,-0.759963,-0.036912,0.265483,-0.879748,-0.099761,0.184647,-0.658079,-0.054948,0.195820,-0.636076,0.002832,0.360973,0.091198,0.431491,0.175317,0.571149,0.385118,0.734537,0.999988,-0.004895
T,0.000000,0.000000,0.000000,-0.190005,-0.291915,-0.088636,-0.249899,-0.720661,-0.113835,-0.167881,-1.098403,-0.142451,-0.104728,-1.375079,-0.141916,-0.155282,-1.070545,0.041301,-0.186406,-1.370506,-0.103731,-0.202316,-1.059332,-0.166735,-0.176263,-0.934029,-0.179924,0.000000,-0.999106,0.042268,-0.009040,-1.238807,-0.090331,-0.071434,-0.847533,-0.100118,-0.050691,-0.865476,-0.066585,0.145939,-0.884190,0.009391,0.149563,-1.087209,-0.128912,0.058540,-0.730236,-0.079096,0.076966,-0.738777,-0.002984,0.281373,-0.759426,-0.034335,0.263922,-0.881405,-0.096695,0.182539,-0.659063,-0.051681,0.194491,-0.635247,0.006341,0.358978,0.090279,0.431563,0.174319,0.571576,0.384320,0.734626,0.999990,-0.004446
T,0.000000,0.000000,0.000000,-0.183054,-0.327321,-0.061192,-0.225190,-0.724108,-0.072333,-0.160305,-1.075102,-0.087518,-0.144239,-1.326566,-0.076515,-0.154668,-1.063697,0.054773,-0.170593,-1.358739,-0.047230,-0.184512,-1.145586,-0.094828,-0.155100,-1.036292,-0.109879,0.000000,-0.998706,0.050851,-0.006448,-1.269281,-0.042785,-0.070523,-0.933037,-0.046955,-0.049331,-0.917617,-0.023572,0.130206,-0.873816,0.021006,0.136133,-1.120944,-0.069679,0.038220,-0.829748,-0.014848,0.062557,-0.791292,0.045430,0.252904,-0.736027,-0.019046,0.220437,-0.851468,-0.053378,0.140250,-0.683081,-0.008373,0.164177,-0.655250,0.037621,0.294017,0.050865,0.380157,0.152989,0.538343,0.347758,0.713976,0.999987,-0.005150
T,0.000000,0.000000,0.000000,-0.187476,-0.316769,-0.063113,-0.235112,-0.712979,-0.075112,-0.175392,-1.058786,-0.092151,-0.161361,-1.305936,-0.083832,-0.149176,-1.053323,0.059720,-0.169145,-1.329588,-0.048068,-0.174963,-1.065624,-0.102045,-0.145639,-0.979550,-0.121306,0.000000,-0.998566,0.053536,-0.008971,-1.261061,-0.050949,-0.064036,-0.912420,-0.065473,-0.041835,-0.903917,-0.045971,0.130032,-0.883522,0.020891,0.135482,-1.118265,-0.080353,0.049210,-0.812964,-0.034105,0.071007,-0.793588,0.024913,0.248448,-0.755406,-0.021322,0.223039,-0.868853,-0.059411,0.149950,-0.687023,-0.015007,0.172581,-0.665572,0.032550,0.290808,0.043578,0.373342,0.162228,0.523747,0.351209,0.689155,0.999609,-0.027964
T,0.000000,0.000000,0.000000,-0.189214,-0.314518,-0.063090,-0.237573,-0.713642,-0.075585,-0.176282,-1.065446,-0.092952,-0.159404,-1.311530,-0.084651,-0.151307,-1.053767,0.057050,-0.170977,-1.339757,-0.048291,-0.180872,-1.075725,-0.099112,-0.150780,-0.986318,-0.117068,0.000000,-0.998639,0.052158,-0.009142,-1.260511,-0.049050,-0.068072,-0.905664,-0.058691,-0.044722,-0.898807,-0.036870,0.131014,-0.881928,0.021009,0.134560,-1.121606,-0.076291,0.045126,-0.810909,-0.024966,0.070174,-0.787361,0.035848,0.251278,-0.754084,-0.020062,0.222609,-0.863445,-0.056498,0.147757,-0.680386,-0.011307,0.173735,-0.660716,0.036077,0.294255,0.047463,0.376865,0.162632,0.529211,0.350080,0.695398,0.999727,-0.023360
T,0.000000,0.000000,0.000000,-0.182577,-0.312588,-0.062223,-0.231449,-0.713598,-0.074655,-0.163241,-1.057724,-0.092402,-0.137418,-1.293081,-0.083893,-0.150406,-1.055806,0.052149,-0.172405,-1.351627,-0.060797,-0.178241,-1.096140,-0.114470,-0.149677,-0.991725,-0.131669,0.000000,-0.999038,0.043863,-0.005915,-1.257573,-0.059761,-0.061563,-0.905277,-0.067269,-0.042879,-0.899000,-0.043021,0.132372,-0.882017,0.008252,0.139574,-1.116781,-0.092260,0.053479,-0.804797,-0.039727,0.073442,-0.784276,0.022955,0.254203,-0.749395,-0.037463,0.229619,-0.864258,-0.077668,0.156669,-0.676513,-0.031590,0.176874,-0.652714,0.017656,0.273817,0.072008,0.348808,0.138333,0.500251,0.328446,0.671652,0.999675,-0.025499
T,0.000000,0.000000,0.000000,-0.243852,-0.136500,-0.102272,-0.347501,-0.510294,-0.141612,-0.237835,-0.966829,-0.188011,-0.147446,-1.284263,-0.197691,-0.206752,-0.964173,0.018482,-0.243146,-1.318853,-0.159195,-0.249482,-1.051324,-0.215233,-0.222718,-0.900679,-0.211239,-0.000000,-0.999940,0.010935,0.009680,-1.270046,-0.148313,-0.069906,-0.814906,-0.132234,-0.065356,-0.846180,-0.068415,0.197215,-0.995851,-0.037449,0.206919,-1.216313,-0.203668,0.104308,-0.783509,-0.124038,0.120508,-0.813057,-0.019884,0.381462,-0.971990,-0.098846,0.358881,-1.092355,-0.177484,0.273887,-0.804512,-0.113980,0.295862,-0.794980,-0.037199,0.390776,0.108798,0.382236,0.165315,0.477127,0.360871,0.622116,0.915632,-0.402017
T,0.000000,0.000000,0.000000,-0.249917,-0.131767,-0.107008,-0.349720,-0.517036,-0.143274,-0.214608,-0.969491,-0.185398,-0.096303,-1.264888,-0.192033,-0.212147,-0.971485,0.014179,-0.227642,-1.349797,-0.162888,-0.235384,-1.034054,-0.224212,-0.211616,-0.883259,-0.226797,0.000000,-0.999976,0.006986,0.023838,-1.299844,-0.154287,-0.063255,-0.829776,-0.148145,-0.067559,-0.846080,-0.092919,0.195835,-0.990471,-0.040753,0.223890,-1.233566,-0.207718,0.114047,-0.783562,-0.134513,0.119662,-0.804362,-0.035277,0.380618,-0.962663,-0.102094,0.378574,-1.110570,-0.179453,0.283861,-0.802062,-0.115375,0.291168,-0.769150,-0.039396,0.376866,0.159088,0.345052,0.130692,0.428410,0.322104,0.571736,0.920726,-0.390210
T,0.000000,0.000000,0.000000,-0.243063,-0.137311,-0.101678,-0.342090,-0.517440,-0.137835,-0.216078,-0.961506,-0.181395,-0.111016,-1.253630,-0.190405,-0.207939,-0.970185,0.020319,-0.230354,-1.336444,-0.153524,-0.235277,-1.037111,-0.213884,-0.205322,-0.894008,-0.216000,-0.000000,-0.999942,0.010810,0.020408,-1.290380,-0.147245,-0.062373,-0.827273,-0.139573,-0.062312,-0.845435,-0.083283,0.192720,-0.989727,-0.038794,0.219335,-1.221894,-0.201713,0.113077,-0.780038,-0.127776,0.121523,-0.800720,-0.028575,0.374933,-0.960496,-0.101778,0.372785,-1.102776,-0.174869,0.280043,-0.799490,-0.109468,0.290100,-0.770291,-0.033035,0.366251,0.149865,0.342301,0.143128,0.429984,0.332064,0.574394,0.923572,-0.383426
T,0.000000,0.000000,0.000000,-0.240984,-0.131100,-0.104511,-0.344790,-0.510843,-0.142090,-0.219411,-0.946453,-0.186537,-0.095427,-1.223838,-0.195475,-0.206371,-0.972105,0.013765,-0.227830,-1.340551,-0.162802,-0.233415,-1.028796,-0.223724,-0.202864,-0.883947,-0.226254,0.000000,-0.999983,0.005813,0.018330,-1.283793,-0.154192,-0.064047,-0.815178,-0.143999,-0.060818,-0.839922,-0.085692,0.191068,-0.988020,-0.042848,0.217315,-1.213360,-0.205099,0.110279,-0.771265,-0.130272,0.119912,-0.799249,-0.030743,0.371865,-0.958625,-0.105485,0.370212,-1.092398,-0.176902,0.276159,-0.791948,-0.112478,0.286020,-0.769704,-0.037163,0.345629,0.179499,0.315807,0.135053,0.401228,0.313065,0.544791,0.925519,-0.378702
T,0.000000,0.000000,0.000000,-0.245037,-0.132082,-0.106263,-0.344701,-0.516768,-0.144761,-0.213822,-0.966698,-0.189575,-0.091667,-1.257657,-0.199182,-0.208358,-0.975099,0.010251,-0.225240,-1.354977,-0.165813,-0.232173,-1.052006,-0.224266,-0.206073,-0.897968,-0.224412,0.000000,-0.999996,0.002887,0.027681,-1.296326,-0.157482,-0.058679,-0.827605,-0.146869,-0.062777,-0.844022,-0.088233,0.193385,-0.988122,-0.044847,0.226417,-1.223031,-0.210214,0.115669,-0.777479,-0.135229,0.118286,-0.797562,-0.035169,0.375501,-0.957743,-0.106265,0.377566,-1.099154,-0.182825,0.283423,-0.793689,-0.118959,0.288868,-0.762596,-0.043296,0.370564,0.168602,0.340035,0.132205,0.421571,0.320154,0.562874,0.923672,-0.383185
T,0.000000,0.000000,0.000000,-0.205028,-0.187553,-0.099131,-0.286858,-0.571570,-0.136774,-0.179119,-1.003854,-0.180979,-0.097423,-1.292860,-0.192268,-0.181291,-1.007318,0.024788,-0.187580,-1.362507,-0.136450,-0.185408,-1.067590,-0.194586,-0.171714,-0.929793,-0.198487,-0.000000,-0.999817,0.019123,0.027027,-1.276979,-0.124016,-0.034976,-0.834542,-0.121985,-0.047409,-0.872911,-0.076197,0.169310,-0.954197,-0.024212,0.202147,-1.184917,-0.176253,0.115933,-0.765861,-0.112548,0.109557,-0.790430,-0.024929,0.327318,-0.889945,-0.079925,0.340880,-1.040276,-0.149796,0.262128,-0.759339,-0.092016,0.256633,-0.726741,-0.023287,0.368349,0.126865,0.374234,0.142824,0.462690,0.318827,0.596125,0.969843,-0.243731
T,0.000000,0.000000,0.000000,-0.204202,-0.198561,-0.105652,-0.285844,-0.589737,-0.141456,-0.184842,-1.005966,-0.180121,-0.108832,-1.280916,-0.184966,-0.174979,-1.023015,0.015545,-0.177820,-1.377058,-0.142074,-0.181857,-1.049980,-0.199381,-0.170709,-0.921066,-0.205085,0.000000,-0.999869,0.016191,0.025217,-1.266657,-0.129504,-0.042057,-0.824154,-0.132964,-0.051965,-0.872356,-0.091215,0.161805,-0.943066,-0.019792,0.190681,-1.157611,-0.171493,0.099233,-0.745253,-0.114651,0.098569,-0.789675,-0.032335,0.312308,-0.874658,-0.068122,0.319828,-1.000450,-0.138185,0.240590,-0.724990,-0.086430,0.241773,-0.706931,-0.022651,0.333306,0.125866,0.362348,0.145769,0.463325,0.324182,0.596705,0.979337,-0.202233
T,0.000000,0.000000,0.000000,-0.201366,-0.204072,-0.102016,-0.283600,-0.588520,-0.138361,-0.181965,-1.002620,-0.178220,-0.103625,-1.286426,-0.185220,-0.175652,-1.021754,0.016250,-0.185396,-1.374145,-0.141363,-0.190047,-1.056569,-0.202004,-0.175252,-0.922686,-0.210210,0.000000,-0.999894,0.014570,0.019050,-1.260433,-0.129885,-0.046987,-0.825135,-0.136352,-0.052579,-0.866637,-0.097974,0.160888,-0.940334,-0.023015,0.184071,-1.156314,-0.172435,0.094190,-0.749949,-0.116587,0.096877,-0.789419,-0.035942,0.309582,-0.867539,-0.072672,0.310889,-0.996299,-0.139991,0.232453,-0.728109,-0.086757,0.236145,-0.711963,-0.022529,0.340337,0.127689,0.364355,0.137065,0.464820,0.316008,0.599060,0.980645,-0.195794
T,0.000000,0.000000,0.000000,-0.202471,-0.204457,-0.098793,-0.283567,-0.592758,-0.132281,-0.179751,-1.007389,-0.169744,-0.099432,-1.288778,-0.174689,-0.175070,-1.021084,0.020559,-0.185231,-1.369686,-0.132072,-0.189850,-1.065159,-0.187749,-0.176701,-0.931318,-0.192895,0.000000,-0.999837,0.018046,0.018865,-1.261427,-0.122361,-0.047733,-0.830901,-0.125922,-0.054611,-0.871189,-0.085770,0.160776,-0.941174,-0.020006,0.183039,-1.157569,-0.167479,0.093148,-0.752459,-0.111163,0.094577,-0.787887,-0.030476,0.309158,-0.868345,-0.069807,0.309805,-0.997642,-0.137241,0.232135,-0.729001,-0.084483,0.235824,-0.710416,-0.020692,0.339857,0.125395,0.361276,0.132213,0.460938,0.311541,0.595575,0.979950,-0.199246
T,0.000000,0.000000,0.000000,-0.202634,-0.209504,-0.091391,-0.283404,-0.603092,-0.123901,-0.177645,-1.023678,-0.163025,-0.098080,-1.306282,-0.170486,-0.173120,-1.021769,0.027169,-0.191419,-1.381694,-0.126487,-0.195008,-1.090755,-0.180282,-0.176809,-0.949320,-0.182296,0.000000,-0.999805,0.019736,0.020659,-1.275536,-0.122392,-0.045825,-0.838343,-0.122381,-0.052217,-0.869457,-0.077430,0.161624,-0.943247,-0.023283,0.186552,-1.163294,-0.173118,0.097317,-0.751162,-0.113586,0.098239,-0.779305,-0.028452,0.313055,-0.871739,-0.077459,0.315141,-1.012155,-0.144374,0.237999,-0.737388,-0.087989,0.241808,-0.712097,-0.020655,0.354467,0.127808,0.373808,0.131748,0.470011,0.318541,0.605405,0.980426,-0.196888
T,0.000000,0.000000,0.000000,-0.203777,-0.204919,-0.095078,-0.283852,-0.598260,-0.129792,-0.178810,-1.024855,-0.170277,-0.101713,-1.312666,-0.178832,-0.175219,-1.023867,0.022926,-0.184772,-1.387564,-0.132759,-0.186167,-1.095567,-0.187683,-0.173815,-0.957045,-0.190481,0.000000,-0.999855,0.017027,0.025152,-1.277341,-0.126279,-0.041234,-0.839863,-0.127783,-0.054535,-0.873608,-0.084479,0.163042,-0.942190,-0.024457,0.190719,-1.167305,-0.176777,0.101454,-0.750890,-0.117301,0.096587,-0.777246,-0.032251,0.314472,-0.869312,-0.077145,0.319562,-1.013058,-0.146839,0.242474,-0.732201,-0.090321,0.241958,-0.702375,-0.022635,0.359881,0.120959,0.382828,0.141790,0.480811,0.326575,0.616533,0.979928,-0.199349
T,0.000000,0.000000,0.000000,-0.241520,-0.237070,-0.087208,-0.303923,-0.708466,-0.102249,-0.191353,-1.152035,-0.123470,-0.099080,-1.437863,-0.114432,-0.170865,-1.082112,0.043804,-0.198896,-1.448809,-0.106143,-0.232656,-1.113060,-0.154008,-0.207002,-0.979272,-0.152268,-0.000000,-0.999284,0.037843,-0.022786,-1.258881,-0.104304,-0.112507,-0.809286,-0.095775,-0.091077,-0.837838,-0.042592,0.148439,-0.881981,-0.005780,0.116489,-1.063544,-0.161688,0.012772,-0.643409,-0.098482,0.043619,-0.671492,-0.007011,0.292771,-0.759815,-0.059746,0.232159,-0.875387,-0.127146,0.146153,-0.603998,-0.070282,0.176105,-0.575309,-0.001758,0.395917,0.100755,0.474717,0.194828,0.618122,0.434531,0.785039,0.996466,-0.083997
T,0.000000,0.000000,0.000000,-0.230785,-0.230631,-0.086913,-0.292430,-0.703241,-0.104868,-0.177628,-1.146950,-0.129546,-0.082183,-1.430805,-0.124641,-0.167716,-1.080635,0.038874,-0.179355,-1.455436,-0.110565,-0.213043,-1.138159,-0.157139,-0.188942,-0.997377,-0.154521,0.000000,-0.999530,0.030669,-0.002229,-1.268529,-0.110142,-0.095710,-0.825981,-0.100155,-0.079495,-0.851508,-0.046566,0.146627,-0.885508,-0.014751,0.132506,-1.077225,-0.168551,0.025195,-0.663018,-0.104407,0.047988,-0.687409,-0.013819,0.289668,-0.767005,-0.070859,0.244428,-0.889699,-0.140913,0.156039,-0.618247,-0.085505,0.176980,-0.582709,-0.018257,0.395818,0.101229,0.465697,0.181484,0.601480,0.415979,0.762755,0.995022,-0.099660
T,0.000000,0.000000,0.000000,-0.231429,-0.227392,-0.087720,-0.292974,-0.697674,-0.105201,-0.178095,-1.142292,-0.129155,-0.085225,-1.426175,-0.123298,-0.167627,-1.078738,0.040286,-0.179545,-1.452834,-0.107815,-0.212951,-1.142143,-0.152567,-0.189509,-1.000534,-0.148401,-0.000000,-0.999444,0.033350,-0.002502,-1.263661,-0.106118,-0.096048,-0.819595,-0.094486,-0.080637,-0.847051,-0.039521,0.146277,-0.887557,-0.011113,0.132434,-1.072763,-0.164802,0.024592,-0.657174,-0.100982,0.046031,-0.683478,-0.010384,0.288508,-0.770642,-0.066284,0.244507,-0.886301,-0.136827,0.156549,-0.615256,-0.082569,0.176873,-0.582153,-0.015905,0.392762,0.099230,0.462494,0.183164,0.596898,0.417130,0.756737,0.995014,-0.099740
T,0.000000,0.000000,0.000000,-0.233912,-0.230583,-0.089279,-0.294074,-0.701805,-0.107395,-0.178710,-1.147580,-0.132153,-0.088623,-1.432390,-0.127152,-0.167397,-1.081181,0.040953,-0.176112,-1.456732,-0.107818,-0.211581,-1.139533,-0.153373,-0.189516,-1.000265,-0.149950,0.000000,-0.999404,0.034505,0.000206,-1.268077,-0.106048,-0.096208,-0.821932,-0.095618,-0.081215,-0.850261,-0.041380,0.146471,-0.886163,-0.009665,0.135702,-1.076749,-0.163920,0.024815,-0.660283,-0.100256,0.045484,-0.685778,-0.009641,0.289037,-0.768777,-0.064755,0.247804,-0.888933,-0.135383,0.158257,-0.618157,-0.081104,0.178633,-0.584454,-0.014423,0.397256,0.092848,0.470599,0.187975,0.606165,0.422083,0.766095,0.994864,-0.101223
T,0.000000,0.000000,0.000000,-0.234718,-0.234868,-0.094748,-0.294428,-0.702206,-0.114716,-0.181526,-1.147915,-0.140843,-0.091232,-1.434010,-0.136908,-0.167256,-1.081376,0.045274,-0.169860,-1.454864,-0.102175,-0.206348,-1.129628,-0.148280,-0.185327,-0.998200,-0.145943,0.000000,-0.999138,0.041524,0.005819,-1.269820,-0.100892,-0.091790,-0.824324,-0.094315,-0.077236,-0.853263,-0.042085,0.144957,-0.885616,-0.000646,0.140733,-1.075244,-0.156525,0.027929,-0.662015,-0.096923,0.047891,-0.689606,-0.008171,0.285688,-0.769260,-0.054085,0.251360,-0.889205,-0.123982,0.160632,-0.619054,-0.070947,0.179686,-0.585351,-0.005081,0.404129,0.088451,0.478827,0.194098,0.612444,0.427674,0.768648,0.994402,-0.105666
T,0.000000,0.000000,0.000000,-0.232575,-0.238541,-0.096889,-0.294546,-0.700750,-0.118284,-0.181676,-1.144265,-0.145504,-0.091140,-1.432494,-0.143120,-0.167045,-1.081443,0.044978,-0.168752,-1.449873,-0.103169,-0.207546,-1.122374,-0.151300,-0.186960,-0.998077,-0.151097,-0.000000,-0.999150,0.041220,0.005891,-1.272927,-0.104098,-0.092287,-0.829170,-0.101343,-0.077107,-0.854840,-0.051432,0.144803,-0.884807,-0.000946,0.142231,-1.078645,-0.159670,0.028433,-0.665368,-0.103122,0.048182,-0.690910,-0.015594,0.286521,-0.767116,-0.054344,0.253932,-0.893039,-0.125903,0.161951,-0.622112,-0.073865,0.180285,-0.585449,-0.008386,0.405437,0.089004,0.479661,0.190787,0.613061,0.424200,0.770219,0.994557,-0.104193
T,0.000000,0.000000,0.000000,-0.258428,-0.230946,-0.113648,-0.327573,-0.688999,-0.129229,-0.197167,-1.130615,-0.141792,-0.086550,-1.405641,-0.119803,-0.177923,-1.083649,0.035082,-0.179413,-1.409831,-0.115573,-0.219973,-1.058021,-0.173813,-0.198406,-0.980217,-0.184553,-0.000000,-0.998992,0.044899,0.001308,-1.262170,-0.101418,-0.101626,-0.804289,-0.109933,-0.086146,-0.859298,-0.071839,0.153038,-0.897644,0.015378,0.159453,-1.113378,-0.141297,0.035705,-0.677978,-0.087922,0.055973,-0.716799,-0.005483,0.301644,-0.802279,-0.027278,0.278524,-0.931025,-0.093450,0.178296,-0.647967,-0.041771,0.197508,-0.622106,0.021074,0.368805,0.093054,0.447193,0.169236,0.577700,0.382618,0.723396,0.991548,-0.129741
T,0.000000,0.000000,0.000000,-0.241338,-0.210010,-0.108455,-0.313215,-0.676365,-0.132583,-0.190750,-1.130335,-0.157612,-0.079008,-1.420844,-0.150265,-0.171561,-1.073537,0.024540,-0.173321,-1.437026,-0.132138,-0.210677,-1.099525,-0.187253,-0.193147,-0.981800,-0.192143,0.000000,-0.999646,0.026618,0.006447,-1.268819,-0.122595,-0.089523,-0.816602,-0.123915,-0.079590,-0.857767,-0.079507,0.152633,-0.902893,-0.010269,0.155269,-1.113704,-0.172331,0.041377,-0.680670,-0.113053,0.054103,-0.711108,-0.025843,0.303907,-0.802820,-0.059337,0.277692,-0.952650,-0.134661,0.181329,-0.653167,-0.079472,0.188797,-0.601428,-0.012339,0.399681,0.097393,0.463614,0.176578,0.584406,0.386921,0.732698,0.992339,-0.123542
M,0.000000,0.000000,0.000000,-0.157565,-0.265498,-0.079039,-0.150543,-0.683709,-0.115203,-0.004819,-0.973290,-0.153573,0.142274,-1.174378,-0.177667,-0.162417,-0.948647,-0.015247,-0.129531,-1.156003,-0.121199,-0.118742,-0.875651,-0.189062,-0.139534,-0.588733,-0.214755,0.000000,-0.999870,-0.016139,0.035045,-1.236669,-0.146678,0.028427,-0.895307,-0.204168,-0.004366,-0.599208,-0.208535,0.144094,-0.966439,-0.035370,0.215767,-1.285850,-0.157817,0.192998,-0.998962,-0.169863,0.144741,-0.722800,-0.141812,0.256063,-0.870786,-0.060534,0.326458,-1.089004,-0.147905,0.335409,-1.017091,-0.156720,0.323020,-0.962603,-0.138300,0.412519,0.278216,0.277104,0.127823,0.251974,0.134986,0.344727,0.993351,-0.115128
M,0.000000,0.000000,0.000000,-0.125737,-0.237701,-0.071310,-0.094741,-0.636273,-0.109577,0.092205,-0.911677,-0.151993,0.254682,-1.116805,-0.183773,-0.154929,-0.934721,-0.013831,-0.142991,-1.134775,-0.114141,-0.134182,-0.848142,-0.179954,-0.139504,-0.579009,-0.205110,0.000000,-0.999839,-0.017928,0.017984,-1.247271,-0.129515,0.005774,-0.899488,-0.170857,-0.017590,-0.604088,-0.166858,0.145637,-0.974898,-0.039775,0.200827,-1.299800,-0.140293,0.169570,-0.998683,-0.138026,0.127611,-0.739294,-0.105168,0.262990,-0.890125,-0.067829,0.310179,-1.104632,-0.132454,0.298444,-0.994456,-0.126194,0.277911,-0.914508,-0.101118,0.479391,0.404123,0.325650,0.275664,0.229703,0.195647,0.254747,0.993188,-0.116525
M,0.000000,0.000000,0.000000,-0.118981,-0.232098,-0.065228,-0.082605,-0.616838,-0.102048,0.110736,-0.888683,-0.145886,0.271181,-1.102624,-0.180676,-0.143488,-0.925660,-0.002590,-0.143038,-1.142164,-0.101115,-0.134525,-0.866291,-0.169794,-0.139029,-0.590040,-0.196115,0.000000,-0.999961,-0.008792,0.009603,-1.243874,-0.112517,0.000142,-0.911381,-0.155756,-0.019179,-0.615137,-0.155708,0.137497,-0.988682,-0.032947,0.184749,-1.308903,-0.125835,0.157018,-1.013248,-0.125705,0.122336,-0.749170,-0.096511,0.252164,-0.922693,-0.063306,0.289497,-1.151502,-0.119609,0.270155,-1.019038,-0.109172,0.245878,-0.904160,-0.082664,0.484749,0.423641,0.337080,0.304993,0.229517,0.230281,0.215667,0.993026,-0.117895
M,0.000000,0.000000,0.000000,-0.145118,-0.247698,-0.058853,-0.123084,-0.652228,-0.096883,0.070346,-0.915533,-0.144109,0.241936,-1.110728,-0.182566,-0.152970,-0.931559,-0.006300,-0.153652,-1.148402,-0.107748,-0.144585,-0.868034,-0.176252,-0.148069,-0.593280,-0.202993,0.000000,-0.999823,-0.018790,0.005566,-1.250009,-0.123944,-0.004173,-0.912022,-0.164310,-0.025292,-0.615467,-0.163041,0.147075,-0.986102,-0.048928,0.189122,-1.317514,-0.142640,0.160988,-1.010198,-0.137461,0.122791,-0.739042,-0.105664,0.272139,-0.917687,-0.085192,0.310145,-1.152795,-0.142647,0.284880,-0.999981,-0.129602,0.252448,-0.865990,-0.101959,0.468104,0.404360,0.312498,0.280547,0.205887,0.217126,0.218309,0.993960,-0.109747
M,0.000000,0.000000,0.000000,-0.129996,-0.244686,-0.063553,-0.102835,-0.644783,-0.097043,0.080929,-0.928076,-0.137418,0.238749,-1.147910,-0.166069,-0.153766,-0.930890,0.011072,-0.134810,-1.141438,-0.076377,-0.118038,-0.880543,-0.137585,-0.129967,-0.620121,-0.162442,-0.000000,-0.999992,0.003950,0.013509,-1.258394,-0.091611,0.007273,-0.929615,-0.132587,-0.021519,-0.649132,-0.133769,0.149527,-0.985770,-0.021082,0.198370,-1.324358,-0.109810,0.173660,-1.028048,-0.105595,0.129400,-0.770051,-0.075955,0.278962,-0.916753,-0.052437,0.329807,-1.157174,-0.107433,0.304816,-1.018605,-0.095168,0.266174,-0.905971,-0.069240,0.482229,0.384231,0.328310,0.261694,0.235098,0.189551,0.260696,0.993580,-0.113136
M,0.000000,0.000000,0.000000,-0.150567,-0.249553,-0.066568,-0.137253,-0.661461,-0.104193,0.042710,-0.935181,-0.148033,0.208890,-1.123251,-0.180054,-0.163241,-0.932627,-0.015078,-0.142562,-1.147162,-0.111018,-0.120996,-0.865957,-0.168909,-0.129857,-0.597560,-0.189863,-0.000000,-0.999738,-0.022887,0.015814,-1.250516,-0.129084,0.013720,-0.896561,-0.165559,-0.015589,-0.615637,-0.160776,0.152292,-0.974429,-0.047512,0.201867,-1.315450,-0.146909,0.179810,-0.988855,-0.137299,0.132165,-0.724099,-0.100933,0.275296,-0.882600,-0.078081,0.333506,-1.105640,-0.145401,0.322168,-0.988015,-0.137405,0.289476,-0.913423,-0.111712,0.449484,0.358965,0.289123,0.236796,0.207168,0.195162,0.269669,0.993696,-0.112112
M,0.000000,0.000000,0.000000,-0.149007,-0.253004,-0.063186,-0.133022,-0.665029,-0.099554,0.053414,-0.931558,-0.142510,0.222109,-1.114749,-0.173858,-0.166786,-0.935471,-0.012888,-0.138734,-1.138051,-0.106961,-0.118035,-0.850060,-0.165001,-0.126248,-0.583202,-0.187477,0.000000,-0.999767,-0.021591,0.020479,-1.253372,-0.127903,0.017572,-0.896975,-0.164754,-0.011567,-0.608727,-0.160319,0.156232,-0.971791,-0.046668,0.208441,-1.312789,-0.143756,0.185868,-0.993528,-0.135591,0.137491,-0.730620,-0.101080,0.282073,-0.878655,-0.077473,0.339022,-1.090644,-0.142314,0.332250,-0.994165,-0.137072,0.304662,-0.939784,-0.114681,0.457484,0.367731,0.292812,0.248964,0.202371,0.200781,0.261965,0.993802,-0.111163
M,0.000000,0.000000,0.000000,-0.147455,-0.264361,-0.062070,-0.126728,-0.674860,-0.095732,0.056462,-0.941995,-0.135161,0.221760,-1.126195,-0.162650,-0.165330,-0.944172,-0.004185,-0.144567,-1.141771,-0.100368,-0.124320,-0.854126,-0.161092,-0.128962,-0.590569,-0.183780,0.000000,-0.999929,-0.011899,0.020414,-1.259580,-0.121609,0.014117,-0.904123,-0.159244,-0.012112,-0.617194,-0.152414,0.151157,-0.961146,-0.036673,0.207456,-1.296946,-0.136448,0.178358,-0.991956,-0.128601,0.132042,-0.738675,-0.091258,0.270914,-0.856162,-0.067096,0.324419,-1.065330,-0.130791,0.325783,-1.016307,-0.126159,0.311679,-1.008530,-0.102804,0.456160,0.371911,0.296388,0.244981,0.219308,0.173341,0.290627,0.994161,-0.107911
M,0.000000,0.000000,0.000000,-0.147963,-0.265365,-0.062295,-0.127465,-0.675552,-0.096901,0.057357,-0.948338,-0.137206,0.223355,-1.136940,-0.165712,-0.167060,-0.944321,-0.007625,-0.142774,-1.146551,-0.104636,-0.123086,-0.861842,-0.165072,-0.130230,-0.595870,-0.187488,0.000000,-0.999877,-0.015704,0.021924,-1.265159,-0.126871,0.014537,-0.911607,-0.165206,-0.013442,-0.621732,-0.158882,0.152924,-0.960774,-0.040635,0.210241,-1.304880,-0.141659,0.181477,-1.003260,-0.135201,0.133934,-0.748816,-0.098938,0.273479,-0.854105,-0.071000,0.326544,-1.064774,-0.136471,0.328653,-1.021243,-0.133598,0.314554,-1.016751,-0.111600,0.463160,0.371313,0.301954,0.241916,0.227243,0.170160,0.302454,0.993943,-0.109893
M,0.000000,0.000000,0.000000,0.090198,-0.130988,-0.096908,0.187442,-0.371373,-0.148645,0.249948,-0.549946,-0.190953,0.298268,-0.698665,-0.220180,0.131702,-0.957811,-0.090738,0.177346,-0.849202,-0.203559,0.135761,-0.507512,-0.277452,0.098152,-0.232012,-0.304451,0.000000,-0.997234,-0.074325,0.030599,-0.827581,-0.188249,0.002046,-0.445409,-0.217965,-0.003126,-0.151149,-0.206638,-0.121312,-0.932804,-0.072777,-0.099522,-0.747545,-0.185803,-0.095506,-0.407876,-0.183494,-0.071403,-0.145162,-0.144610,-0.222828,-0.812939,-0.079192,-0.209369,-0.763462,-0.162991,-0.191779,-0.548988,-0.161670,-0.162304,-0.374709,-0.129815,0.334149,0.193803,0.446521,0.298807,0.502589,0.402254,0.551795,0.996262,-0.086388
M,0.000000,0.000000,0.000000,0.106773,-0.151649,-0.127179,0.211530,-0.422013,-0.188019,0.267728,-0.631282,-0.234754,0.306096,-0.787938,-0.264021,0.116631,-0.969797,-0.096981,0.159083,-0.959230,-0.211008,0.118754,-0.580887,-0.281824,0.075885,-0.276854,-0.305997,0.000000,-0.997955,-0.063922,0.050753,-0.946044,-0.185294,0.023384,-0.553782,-0.216335,0.002559,-0.255629,-0.204535,-0.106757,-0.936590,-0.049605,-0.042854,-0.905823,-0.169909,-0.043086,-0.567619,-0.166362,-0.043746,-0.284740,-0.125173,-0.201860,-0.834220,-0.045388,-0.159651,-0.886174,-0.135831,-0.143675,-0.703839,-0.137990,-0.132606,-0.546200,-0.108123,0.311243,0.231871,0.421713,0.310477,0.488384,0.380158,0.554943,0.993984,-0.109525
M,0.000000,0.000000,0.000000,-0.204384,-0.300242,-0.049144,-0.179431,-0.727100,-0.086698,0.083228,-0.952520,-0.132969,0.289704,-1.116506,-0.177243,-0.172498,-0.975795,0.008274,-0.178399,-1.236768,-0.097582,-0.205829,-1.005625,-0.186508,-0.221161,-0.734120,-0.234334,0.000000,-0.999803,-0.019854,-0.008821,-1.327695,-0.127411,-0.048348,-1.031102,-0.193635,-0.068355,-0.734011,-0.214239,0.164320,-0.929411,-0.063950,0.207410,-1.322750,-0.162584,0.131170,-1.039400,-0.177635,0.068319,-0.770499,-0.164350,0.306977,-0.796080,-0.112190,0.281383,-0.962624,-0.178646,0.208674,-0.737033,-0.167669,0.162441,-0.557721,-0.144716,0.517539,0.489825,0.349741,0.369054,0.252112,0.222539,0.327418,0.991699,-0.128581
M,0.000000,0.000000,0.000000,-0.187546,-0.302230,-0.051352,-0.165792,-0.709135,-0.087206,0.072380,-0.945673,-0.131317,0.255311,-1.140469,-0.172082,-0.157959,-0.970388,0.022720,-0.169899,-1.224375,-0.078724,-0.202735,-1.010070,-0.166482,-0.217040,-0.754907,-0.214025,0.000000,-0.999999,-0.001399,-0.023545,-1.321937,-0.100733,-0.064871,-1.054020,-0.167287,-0.077914,-0.771489,-0.191348,0.155794,-0.942357,-0.042695,0.175224,-1.327537,-0.138029,0.104567,-1.056109,-0.155827,0.059625,-0.792907,-0.146877,0.299987,-0.821815,-0.088930,0.255009,-0.976288,-0.159673,0.183974,-0.753834,-0.155938,0.148732,-0.572316,-0.138559,0.487511,0.443350,0.337710,0.340267,0.256696,0.206320,0.332341,0.993511,-0.113734
M,0.000000,0.000000,0.000000,-0.190445,-0.293084,-0.057314,-0.167933,-0.701068,-0.097289,0.076990,-0.931515,-0.143525,0.262968,-1.121680,-0.187055,-0.161121,-0.971101,0.010266,-0.175424,-1.198418,-0.095925,-0.204123,-0.972896,-0.186120,-0.216009,-0.717705,-0.235087,0.000000,-0.999922,-0.012526,-0.021841,-1.303761,-0.116050,-0.063547,-1.017197,-0.180199,-0.075952,-0.738896,-0.201046,0.155304,-0.936468,-0.052882,0.181401,-1.302409,-0.151791,0.105297,-1.018234,-0.166741,0.056010,-0.763234,-0.154393,0.294896,-0.808263,-0.098405,0.251403,-0.939317,-0.169970,0.177415,-0.712253,-0.164090,0.138309,-0.546635,-0.144405,0.491387,0.454292,0.338286,0.345414,0.252780,0.201395,0.327275,0.993098,-0.117287
N,0.000000,0.000000,0.000000,0.055798,-0.196414,-0.084117,0.152920,-0.595446,-0.122749,0.273040,-0.843621,-0.161312,0.362409,-1.009630,-0.188643,0.035662,-0.967795,-0.036559,0.066644,-1.041072,-0.149763,0.055058,-0.697216,-0.219777,0.036484,-0.429578,-0.243355,0.000000,-0.999531,-0.030637,0.094319,-1.096263,-0.162235,0.072033,-0.682436,-0.194329,0.042045,-0.370053,-0.176504,-0.030523,-0.956044,-0.043738,0.057120,-1.077229,-0.174647,0.040436,-0.699571,-0.165088,0.025263,-0.415292,-0.113386,-0.072258,-0.857661,-0.063777,0.046524,-0.995108,-0.155493,0.090760,-0.862635,-0.152775,0.120326,-0.774602,-0.119494,0.362827,0.299962,0.395484,0.282975,0.422213,0.312996,0.477097,0.997878,-0.065119
N,0.000000,0.000000,0.000000,-0.189268,-0.239851,-0.101997,-0.181935,-0.663500,-0.152309,0.018535,-0.896699,-0.193193,0.219375,-0.991060,-0.219679,-0.163542,-0.997448,-0.104996,-0.153251,-1.117186,-0.224644,-0.135078,-0.759962,-0.283082,-0.119528,-0.456958,-0.296612,0.000000,-0.995610,-0.093598,0.031265,-1.182615,-0.231038,0.004215,-0.766823,-0.251780,-0.020746,-0.429194,-0.222790,0.144478,-0.910617,-0.100666,0.172770,-1.090408,-0.219091,0.116827,-0.752682,-0.209499,0.071099,-0.495707,-0.162585,0.261422,-0.770390,-0.115604,0.309767,-0.958503,-0.177765,0.277981,-0.921338,-0.169562,0.242517,-0.911744,-0.142725,0.399773,0.393425,0.253066,0.268716,0.162002,0.109738,0.247577,0.999856,-0.016943
N,0.000000,0.000000,0.000000,-0.181785,-0.241945,-0.095415,-0.170140,-0.689529,-0.143552,0.016642,-0.957510,-0.186531,0.204183,-1.067427,-0.217493,-0.155555,-0.998542,-0.083720,-0.147503,-1.137237,-0.205306,-0.136681,-0.791023,-0.271936,-0.127213,-0.499717,-0.291596,-0.000000,-0.996901,-0.078668,0.030307,-1.217486,-0.213501,-0.001395,-0.818377,-0.240508,-0.029088,-0.487773,-0.216542,0.138958,-0.923085,-0.092058,0.158290,-1.100665,-0.207575,0.100637,-0.758795,-0.197269,0.059992,-0.498680,-0.149669,0.251594,-0.802292,-0.113315,0.281608,-0.978635,-0.165323,0.239409,-0.849190,-0.143322,0.209030,-0.760427,-0.106551,0.389939,0.358755,0.256782,0.229710,0.202047,0.057526,0.288786,0.999762,-0.021824
N,0.000000,0.000000,0.000000,-0.164061,-0.223991,-0.098855,-0.137078,-0.655008,-0.154142,0.069766,-0.900637,-0.201194,0.267886,-1.040403,-0.236567,-0.152011,-0.996738,-0.089447,-0.145449,-1.127539,-0.212543,-0.133793,-0.781274,-0.284789,-0.129450,-0.476655,-0.310773,-0.000000,-0.996363,-0.085205,0.028567,-1.214451,-0.225490,0.001183,-0.804200,-0.257335,-0.031534,-0.462574,-0.236237,0.143619,-0.920584,-0.099331,0.177244,-1.099891,-0.213983,0.121894,-0.778696,-0.205109,0.072461,-0.543126,-0.162582,0.264419,-0.796431,-0.121377,0.262081,-0.915172,-0.177719,0.208391,-0.757404,-0.158341,0.174346,-0.675354,-0.125116,0.447062,0.423103,0.310827,0.296123,0.220528,0.110747,0.269821,0.999068,-0.043163
N,0.000000,0.000000,0.000000,-0.167191,-0.250598,-0.085092,-0.145221,-0.717926,-0.126745,0.066947,-0.954493,-0.167372,0.277580,-1.028958,-0.195693,-0.148707,-0.996382,-0.058969,-0.108010,-1.164784,-0.177101,-0.099737,-0.845688,-0.242500,-0.101431,-0.567770,-0.262620,0.000000,-0.998387,-0.056783,0.052481,-1.239393,-0.191361,0.029627,-0.845888,-0.220022,-0.002849,-0.519104,-0.195727,0.140571,-0.933638,-0.074140,0.187155,-1.119928,-0.187753,0.130613,-0.789608,-0.181890,0.071839,-0.540480,-0.137521,0.264936,-0.830770,-0.098698,0.299156,-1.005970,-0.147841,0.250456,-0.858039,-0.129534,0.209102,-0.755578,-0.097267,0.448859,0.409235,0.311899,0.308174,0.206476,0.128512,0.221012,0.999972,0.007450
T,0.000000,0.000000,0.000000,-0.196883,-0.246590,-0.057969,-0.264775,-0.701675,-0.067014,-0.155840,-1.174058,-0.089003,-0.100447,-1.498988,-0.086804,-0.158216,-1.028005,0.064891,-0.201775,-1.403601,-0.075735,-0.219720,-1.260211,-0.115287,-0.205811,-1.111857,-0.103398,-0.000000,-0.998838,0.048201,-0.018419,-1.275761,-0.083952,-0.078578,-0.855260,-0.066630,-0.062400,-0.851120,-0.004680,0.155807,-0.940469,-0.002638,0.135067,-1.200919,-0.159046,0.054464,-0.773143,-0.084783,0.068168,-0.742859,0.017240,0.308617,-0.852122,-0.061379,0.276296,-1.062931,-0.151533,0.195455,-0.762607,-0.093975,0.201201,-0.673206,-0.017586,0.498171,0.139601,0.527699,0.237838,0.620237,0.386693,0.765777,0.989786,-0.142558
T,0.000000,0.000000,0.000000,-0.203187,-0.241055,-0.058446,-0.271424,-0.706727,-0.066430,-0.159636,-1.190310,-0.090018,-0.097520,-1.514017,-0.089657,-0.160929,-1.031792,0.076735,-0.194321,-1.417927,-0.070400,-0.208595,-1.210795,-0.117876,-0.191785,-1.057743,-0.110728,0.000000,-0.998310,0.058120,-0.009565,-1.279985,-0.081796,-0.075457,-0.847557,-0.074326,-0.063882,-0.847172,-0.017559,0.157793,-0.934438,0.004353,0.142375,-1.195969,-0.159188,0.055496,-0.753646,-0.090194,0.067833,-0.724725,0.010974,0.313732,-0.848077,-0.057095,0.283880,-1.059104,-0.147397,0.200264,-0.746316,-0.088888,0.208935,-0.659169,-0.010810,0.514050,0.137749,0.545254,0.250137,0.640261,0.404399,0.783367,0.989233,-0.146349
T,0.000000,0.000000,0.000000,-0.204026,-0.239397,-0.059036,-0.272242,-0.699717,-0.065567,-0.162282,-1.178706,-0.087054,-0.104952,-1.499435,-0.083420,-0.159333,-1.031616,0.078179,-0.191711,-1.412194,-0.071544,-0.205608,-1.182292,-0.121071,-0.183078,-1.043357,-0.116172,0.000000,-0.998219,0.059656,-0.010405,-1.285080,-0.083134,-0.076557,-0.848229,-0.077444,-0.062615,-0.855596,-0.021971,0.156633,-0.935201,0.005545,0.142637,-1.203459,-0.161372,0.054572,-0.755456,-0.094149,0.068937,-0.731396,0.006452,0.312107,-0.851043,-0.056063,0.281633,-1.060611,-0.148125,0.196342,-0.745639,-0.091530,0.204442,-0.661027,-0.014740,0.497922,0.123608,0.531698,0.234280,0.628253,0.393673,0.771426,0.989271,-0.146094
T,0.000000,0.000000,0.000000,-0.202352,-0.243411,-0.060847,-0.268019,-0.704873,-0.067946,-0.158075,-1.182540,-0.089923,-0.102082,-1.507887,-0.087348,-0.159731,-1.031250,0.080981,-0.187206,-1.408630,-0.067621,-0.201070,-1.177331,-0.117901,-0.180133,-1.041423,-0.113934,0.000000,-0.998007,0.063104,-0.007949,-1.283287,-0.079921,-0.074190,-0.850624,-0.077331,-0.060703,-0.858277,-0.023886,0.156334,-0.934646,0.009476,0.143293,-1.197149,-0.158104,0.054324,-0.752839,-0.094301,0.067107,-0.729997,0.004558,0.311515,-0.850946,-0.051676,0.281745,-1.059553,-0.143808,0.196228,-0.746706,-0.088496,0.203434,-0.662096,-0.012442,0.508765,0.132239,0.541327,0.243642,0.636207,0.402211,0.777115,0.989341,-0.145616
T,0.000000,0.000000,0.000000,-0.248986,-0.224489,-0.095817,-0.320983,-0.701664,-0.108787,-0.179172,-1.207318,-0.128565,-0.047290,-1.523786,-0.114882,-0.172103,-1.070445,0.079485,-0.166602,-1.442804,-0.081117,-0.202963,-1.182229,-0.134422,-0.187802,-1.091880,-0.130408,0.000000,-0.997046,0.076813,0.017106,-1.282808,-0.083692,-0.084381,-0.801855,-0.078897,-0.084253,-0.847035,-0.016858,0.160292,-0.926139,0.030888,0.173219,-1.170031,-0.153983,0.053555,-0.693121,-0.090649,0.055901,-0.716769,0.015339,0.324673,-0.859402,-0.025658,0.320769,-1.044576,-0.113729,0.218641,-0.715622,-0.054549,0.216564,-0.654736,0.025634,0.508797,0.148099,0.562529,0.251376,0.649246,0.418683,0.766632,0.983985,-0.178252
T,0.000000,0.000000,0.000000,-0.240138,-0.224708,-0.088114,-0.315928,-0.691720,-0.105776,-0.180234,-1.187778,-0.133536,-0.047494,-1.503168,-0.129961,-0.170831,-1.061957,0.070720,-0.172111,-1.457020,-0.091622,-0.208700,-1.216486,-0.145136,-0.196607,-1.105939,-0.140707,0.000000,-0.998050,0.062415,0.003426,-1.268691,-0.095776,-0.088834,-0.801141,-0.087549,-0.085028,-0.838119,-0.025830,0.160077,-0.928839,0.012552,0.155305,-1.164414,-0.165154,0.048291,-0.699803,-0.095867,0.058166,-0.708895,0.010577,0.321145,-0.856920,-0.048149,0.296472,-1.029946,-0.131174,0.202934,-0.712855,-0.068755,0.210250,-0.648534,0.012031,0.500152,0.138307,0.542594,0.242365,0.627096,0.396384,0.748481,0.985918,-0.167227
T,0.000000,0.000000,0.000000,-0.241198,-0.224145,-0.090414,-0.316707,-0.694096,-0.106082,-0.178372,-1.195477,-0.130953,-0.044486,-1.510837,-0.123358,-0.172498,-1.064828,0.072956,-0.173453,-1.463730,-0.091156,-0.209549,-1.236272,-0.144944,-0.197126,-1.129263,-0.139582,0.000000,-0.997790,0.066448,0.007389,-1.270556,-0.091427,-0.087164,-0.795770,-0.080447,-0.085827,-0.837542,-0.016039,0.160138,-0.929879,0.017122,0.159517,-1.169293,-0.161500,0.050550,-0.698568,-0.090912,0.057735,-0.711534,0.017111,0.322083,-0.860516,-0.043502,0.303275,-1.037319,-0.126540,0.209048,-0.717873,-0.063647,0.213292,-0.653753,0.017820,0.503836,0.141027,0.548837,0.247882,0.631758,0.399655,0.750777,0.986009,-0.166692
T,0.000000,0.000000,0.000000,-0.239952,-0.227202,-0.097995,-0.314884,-0.695897,-0.116812,-0.179783,-1.190784,-0.142873,-0.043847,-1.496453,-0.136048,-0.167676,-1.078026,0.068198,-0.166329,-1.454831,-0.095320,-0.202260,-1.257557,-0.145296,-0.188038,-1.158738,-0.135959,0.000000,-0.997790,0.066446,0.013368,-1.263448,-0.089626,-0.081993,-0.788152,-0.070308,-0.081502,-0.835983,0.002033,0.157679,-0.926409,0.020414,0.165565,-1.154263,-0.158555,0.053898,-0.689369,-0.085163,0.055620,-0.705261,0.026239,0.318004,-0.854468,-0.037644,0.307725,-1.028309,-0.122160,0.212193,-0.713442,-0.059883,0.210788,-0.648964,0.022297,0.481800,0.135620,0.539992,0.244376,0.624535,0.401814,0.743481,0.986839,-0.161708
T,0.000000,0.000000,0.000000,-0.240902,-0.219406,-0.093977,-0.315339,-0.699251,-0.110979,-0.178910,-1.197468,-0.136113,-0.042250,-1.505228,-0.128179,-0.171324,-1.069063,0.062419,-0.166880,-1.465702,-0.102156,-0.204816,-1.201938,-0.153590,-0.192141,-1.086970,-0.146919,0.000000,-0.998293,0.058405,0.010678,-1.260756,-0.099437,-0.082734,-0.781489,-0.086175,-0.080378,-0.829665,-0.020815,0.158097,-0.926116,0.011734,0.160151,-1.153062,-0.165485,0.051432,-0.683513,-0.094116,0.057509,-0.700526,0.013589,0.317725,-0.854704,-0.046393,0.301794,-1.026776,-0.128281,0.207547,-0.708826,-0.065964,0.211128,-0.647801,0.014517,0.493181,0.133312,0.541832,0.251782,0.628559,0.407895,0.747965,0.988301,-0.152517
T,0.000000,0.000000,0.000000,-0.234560,-0.219750,-0.091515,-0.309447,-0.698768,-0.107740,-0.171499,-1.191687,-0.132143,-0.032793,-1.493040,-0.124086,-0.170772,-1.072469,0.053421,-0.168238,-1.477877,-0.114791,-0.204088,-1.219284,-0.167636,-0.193042,-1.094951,-0.160977,0.000000,-0.998916,0.046544,0.012495,-1.268038,-0.114157,-0.080663,-0.789615,-0.100405,-0.079080,-0.829228,-0.034303,0.159868,-0.925582,-0.002195,0.164934,-1.153312,-0.182746,0.054878,-0.681535,-0.110559,0.059433,-0.695186,-0.001872,0.322008,-0.849940,-0.061897,0.305866,-1.027667,-0.147307,0.213470,-0.707303,-0.083700,0.217552,-0.641100,-0.001725,0.476893,0.136608,0.523783,0.229730,0.611543,0.397432,0.737109,0.987426,-0.158083
T,0.000000,0.000000,0.000000,-0.236961,-0.222621,-0.082738,-0.308077,-0.694726,-0.094507,-0.179126,-1.183425,-0.115944,-0.053541,-1.488811,-0.104563,-0.169174,-1.062663,0.066458,-0.168336,-1.452143,-0.095032,-0.204510,-1.181764,-0.146061,-0.192993,-1.067202,-0.140438,-0.000000,-0.998349,0.057437,0.002779,-1.262016,-0.099119,-0.086705,-0.787692,-0.086358,-0.079127,-0.830820,-0.022234,0.161876,-0.932775,0.007617,0.153842,-1.158176,-0.169305,0.050617,-0.692527,-0.097048,0.063442,-0.706219,0.010435,0.323893,-0.864749,-0.052380,0.297337,-1.034427,-0.135696,0.207456,-0.717749,-0.072792,0.218243,-0.656826,0.007602,0.473520,0.120885,0.519291,0.233747,0.606766,0.395625,0.731186,0.985542,-0.169431
T,0.000000,0.000000,0.000000,-0.254058,-0.195015,-0.102956,-0.329444,-0.661165,-0.119648,-0.203479,-1.152066,-0.141835,-0.103616,-1.454213,-0.130466,-0.177669,-1.080044,0.062907,-0.172669,-1.462285,-0.109329,-0.204089,-1.215669,-0.171874,-0.186646,-1.067212,-0.170861,0.000000,-0.998098,0.061641,0.021830,-1.280924,-0.094849,-0.086432,-0.815347,-0.087986,-0.084305,-0.847821,-0.027705,0.157475,-0.911432,0.015560,0.170837,-1.123069,-0.160560,0.044752,-0.666740,-0.097510,0.051754,-0.689816,0.002339,0.322857,-0.826591,-0.043081,0.304990,-0.967923,-0.129147,0.202298,-0.656887,-0.073693,0.206653,-0.602789,0.001011,0.427644,0.072665,0.505650,0.216874,0.619761,0.431145,0.763823,0.984729,-0.174094
T,0.000000,0.000000,0.000000,-0.250840,-0.189786,-0.105677,-0.324721,-0.647203,-0.126626,-0.201216,-1.130410,-0.152321,-0.108953,-1.430417,-0.145248,-0.177417,-1.082982,0.045352,-0.176699,-1.468442,-0.123420,-0.217311,-1.195022,-0.178423,-0.202129,-1.049317,-0.173438,0.000000,-0.998997,0.044774,0.014763,-1.289120,-0.109398,-0.092017,-0.810722,-0.096030,-0.081988,-0.849387,-0.031661,0.159001,-0.908404,0.000880,0.166982,-1.121827,-0.174626,0.042539,-0.660752,-0.108555,0.054317,-0.688980,-0.007045,0.319946,-0.819117,-0.055273,0.299634,-0.963983,-0.140525,0.199667,-0.654701,-0.083256,0.210320,-0.604649,-0.007813,0.402153,0.080696,0.483841,0.191196,0.604691,0.415007,0.752155,0.986380,-0.164481
T,0.000000,0.000000,0.000000,-0.251725,-0.186579,-0.106639,-0.329637,-0.646701,-0.126092,-0.205891,-1.135430,-0.149976,-0.111698,-1.432689,-0.140271,-0.176716,-1.085483,0.047346,-0.173253,-1.474674,-0.122476,-0.215933,-1.185629,-0.178970,-0.201680,-1.042470,-0.175518,0.000000,-0.998863,0.047663,0.016052,-1.291588,-0.108203,-0.092638,-0.806570,-0.096134,-0.082020,-0.847420,-0.032703,0.157759,-0.908475,0.004274,0.167950,-1.126708,-0.172373,0.041585,-0.660653,-0.106292,0.054672,-0.688635,-0.004526,0.319232,-0.821713,-0.051580,0.300408,-0.965512,-0.136697,0.198942,-0.652871,-0.079159,0.210397,-0.604227,-0.003507,0.399975,0.076606,0.485799,0.193023,0.606878,0.415761,0.752900,0.986236,-0.165345
T,0.000000,0.000000,0.000000,-0.251871,-0.190457,-0.107287,-0.326499,-0.646198,-0.128387,-0.210257,-1.136077,-0.153860,-0.129046,-1.446099,-0.146693,-0.174839,-1.079524,0.046719,-0.173155,-1.456023,-0.117712,-0.215284,-1.149698,-0.170656,-0.197979,-1.021528,-0.167096,0.000000,-0.998881,0.047289,0.011766,-1.288695,-0.105491,-0.093846,-0.803105,-0.093951,-0.079113,-0.850443,-0.032437,0.157097,-0.910525,0.004943,0.165687,-1.125180,-0.170752,0.040801,-0.661100,-0.106644,0.055596,-0.691188,-0.007076,0.315367,-0.822096,-0.049450,0.297944,-0.968773,-0.134307,0.197253,-0.658875,-0.078160,0.208657,-0.610580,-0.004340,0.416993,0.053703,0.504268,0.215179,0.625868,0.436389,0.772230,0.986674,-0.162708
T,0.000000,0.000000,0.000000,-0.252691,-0.196684,-0.110528,-0.327886,-0.655899,-0.129168,-0.213749,-1.141431,-0.150787,-0.126220,-1.449607,-0.139046,-0.175713,-1.079336,0.051232,-0.168031,-1.449030,-0.109704,-0.212739,-1.126486,-0.162778,-0.195850,-1.015133,-0.161469,0.000000,-0.998532,0.054168,0.015832,-1.293578,-0.098012,-0.091863,-0.812426,-0.091815,-0.077367,-0.863957,-0.034992,0.156308,-0.908907,0.014194,0.169515,-1.130306,-0.160678,0.042103,-0.666844,-0.100883,0.056832,-0.700067,-0.004715,0.314509,-0.820857,-0.037897,0.300284,-0.972218,-0.120608,0.196109,-0.661497,-0.065671,0.205203,-0.613107,0.006421,0.419232,0.051083,0.506687,0.214960,0.629015,0.435753,0.774467,0.986409,-0.164307
T,0.000000,0.000000,0.000000,-0.261528,-0.175956,-0.118407,-0.347496,-0.645685,-0.138293,-0.233178,-1.135939,-0.159068,-0.130174,-1.420444,-0.143044,-0.178953,-1.098496,0.036631,-0.157209,-1.495357,-0.134676,-0.199811,-1.158884,-0.189555,-0.196501,-1.017589,-0.184974,-0.000000,-0.999031,0.044024,0.024177,-1.284297,-0.114891,-0.080189,-0.786256,-0.104698,-0.080657,-0.840628,-0.041885,0.159469,-0.911785,0.007072,0.173935,-1.125220,-0.170977,0.054743,-0.655913,-0.108172,0.059146,-0.702692,-0.008577,0.322344,-0.836876,-0.042878,0.313592,-0.973033,-0.127462,0.217929,-0.656637,-0.070874,0.224150,-0.617341,0.004192,0.371905,0.080080,0.479092,0.207733,0.604286,0.424759,0.745223,0.986146,-0.165878
T,0.000000,0.000000,0.000000,-0.250468,-0.180059,-0.111742,-0.334411,-0.641549,-0.134925,-0.209838,-1.126104,-0.161201,-0.098509,-1.411716,-0.152613,-0.177609,-1.091065,0.036247,-0.169158,-1.484034,-0.137073,-0.208152,-1.181353,-0.193997,-0.197428,-1.035025,-0.190475,0.000000,-0.999299,0.037440,0.019803,-1.291939,-0.121220,-0.083401,-0.802834,-0.110119,-0.080924,-0.843932,-0.047172,0.160126,-0.911916,-0.005102,0.170989,-1.131237,-0.182379,0.051982,-0.661861,-0.115670,0.057982,-0.695487,-0.013733,0.325027,-0.830968,-0.060462,0.308836,-0.978763,-0.145349,0.212098,-0.661262,-0.086171,0.218083,-0.611539,-0.009344,0.380450,0.102287,0.464664,0.171260,0.581766,0.390108,0.724668,0.987955,-0.154743
T,0.000000,0.000000,0.000000,-0.253346,-0.190106,-0.110251,-0.334559,-0.649216,-0.129751,-0.215692,-1.136993,-0.152554,-0.110265,-1.435838,-0.140208,-0.177171,-1.087681,0.051205,-0.162213,-1.471679,-0.119653,-0.204553,-1.148325,-0.179364,-0.194354,-1.016182,-0.179555,0.000000,-0.998589,0.053098,0.024522,-1.296757,-0.105631,-0.082582,-0.807029,-0.101260,-0.078451,-0.850682,-0.043606,0.159635,-0.911063,0.011115,0.176200,-1.135483,-0.167465,0.051868,-0.664147,-0.105610,0.059803,-0.697602,-0.006612,0.324754,-0.830697,-0.043211,0.313696,-0.982546,-0.128267,0.211627,-0.662284,-0.071286,0.216476,-0.612477,0.003782,0.402900,0.066374,0.490625,0.196741,0.609208,0.415956,0.751563,0.986564,-0.163373
T,0.000000,0.000000,0.000000,-0.236566,-0.248743,-0.058520,-0.316422,-0.685508,-0.076259,-0.225226,-1.106425,-0.107592,-0.104504,-1.382705,-0.112066,-0.154784,-1.057162,0.058894,-0.200925,-1.381303,-0.092662,-0.242093,-1.117699,-0.143197,-0.216560,-0.993071,-0.143363,-0.000000,-0.999195,0.040130,-0.054767,-1.198926,-0.106750,-0.125472,-0.763206,-0.095623,-0.082757,-0.787807,-0.038534,0.150127,-0.915499,-0.013293,0.083611,-1.059831,-0.170252,-0.001407,-0.638170,-0.098132,0.043665,-0.645141,0.002115,0.299182,-0.810903,-0.074813,0.218794,-0.938473,-0.145127,0.139037,-0.660159,-0.084882,0.175193,-0.617271,-0.010502,0.371125,0.098365,0.425635,0.190465,0.541179,0.378180,0.700934,0.996341,-0.085467
T,0.000000,0.000000,0.000000,-0.225169,-0.242387,-0.059020,-0.301957,-0.680049,-0.073716,-0.212004,-1.103222,-0.101229,-0.110240,-1.387483,-0.102499,-0.155063,-1.053167,0.056331,-0.204973,-1.378463,-0.091691,-0.243893,-1.124026,-0.137466,-0.215838,-0.997506,-0.134228,0.000000,-0.999276,0.038057,-0.052166,-1.206782,-0.103376,-0.123855,-0.777642,-0.087974,-0.084363,-0.803589,-0.028880,0.149984,-0.912413,-0.014711,0.085583,-1.056822,-0.169953,-0.000058,-0.636387,-0.097854,0.041923,-0.647171,0.001411,0.299799,-0.802391,-0.075497,0.221042,-0.928079,-0.147615,0.140088,-0.648887,-0.089159,0.173101,-0.605920,-0.016489,0.372831,0.095773,0.427333,0.189805,0.548739,0.390170,0.714977,0.996767,-0.080347
T,0.000000,0.000000,0.000000,-0.224828,-0.248516,-0.055692,-0.302169,-0.683010,-0.070299,-0.214578,-1.102707,-0.098781,-0.114541,-1.385964,-0.101969,-0.152854,-1.051995,0.060448,-0.203636,-1.372099,-0.083980,-0.244721,-1.111845,-0.129134,-0.214653,-0.986922,-0.126773,0.000000,-0.999172,0.040684,-0.053631,-1.206436,-0.098265,-0.126284,-0.777841,-0.083484,-0.083335,-0.799721,-0.025713,0.148633,-0.911928,-0.012947,0.084401,-1.058923,-0.165561,-0.002510,-0.641427,-0.094180,0.041507,-0.645748,0.003762,0.297100,-0.799852,-0.074345,0.218310,-0.929219,-0.144647,0.134994,-0.652469,-0.086313,0.167917,-0.605898,-0.014387,0.373339,0.091945,0.427875,0.189616,0.549450,0.388043,0.716755,0.996984,-0.077605
T,0.000000,0.000000,0.000000,-0.249035,-0.222950,-0.053888,-0.327088,-0.652684,-0.086641,-0.201710,-1.064925,-0.135204,-0.053043,-1.331519,-0.169307,-0.187767,-1.015025,0.004729,-0.152997,-1.458442,-0.143982,-0.151212,-1.217774,-0.232455,-0.161703,-0.968417,-0.264746,-0.000000,-0.999706,-0.024251,0.050476,-1.258219,-0.195115,-0.014087,-0.817476,-0.243134,-0.074069,-0.540968,-0.230469,0.170047,-0.941700,-0.074989,0.209988,-1.163657,-0.238822,0.114619,-0.715235,-0.210058,0.037384,-0.443197,-0.140423,0.326171,-0.848782,-0.130161,0.343896,-1.029197,-0.222401,0.256895,-0.715533,-0.177749,0.188681,-0.512645,-0.112674,0.385497,0.163528,0.365998,0.129442,0.458938,0.319680,0.615119,0.967254,-0.253810
T,0.000000,0.000000,0.000000,-0.244325,-0.219966,-0.055725,-0.326091,-0.645087,-0.091013,-0.208373,-1.049730,-0.140622,-0.066157,-1.313213,-0.175645,-0.185047,-1.018894,-0.007952,-0.154239,-1.457870,-0.157751,-0.152076,-1.222746,-0.246098,-0.162329,-0.972767,-0.278600,0.000000,-0.999333,-0.036523,0.050504,-1.248205,-0.210697,-0.013047,-0.806882,-0.259203,-0.073962,-0.530304,-0.246948,0.168950,-0.938165,-0.085839,0.210725,-1.151194,-0.252933,0.115987,-0.700984,-0.225025,0.036156,-0.429456,-0.156121,0.323688,-0.840977,-0.139324,0.340731,-1.003058,-0.236108,0.251350,-0.684425,-0.193632,0.177632,-0.482432,-0.129715,0.358997,0.170307,0.349646,0.138074,0.451665,0.329981,0.613437,0.969833,-0.243770
T,0.000000,0.000000,0.000000,-0.242796,-0.221831,-0.057032,-0.325178,-0.646510,-0.094865,-0.204070,-1.050613,-0.146519,-0.053277,-1.312679,-0.183457,-0.186297,-1.016998,-0.013277,-0.157276,-1.461383,-0.165057,-0.153388,-1.237793,-0.255210,-0.163613,-0.987320,-0.289247,0.000000,-0.999105,-0.042292,0.051727,-1.252273,-0.218005,-0.011788,-0.812432,-0.266653,-0.075132,-0.531777,-0.254826,0.169487,-0.938407,-0.092080,0.210984,-1.153569,-0.258913,0.116557,-0.704917,-0.229662,0.035231,-0.432721,-0.160748,0.324306,-0.840937,-0.146411,0.340816,-1.003421,-0.242922,0.251364,-0.686400,-0.199743,0.177434,-0.487718,-0.135995,0.366174,0.182394,0.347986,0.125969,0.445032,0.317558,0.605377,0.970488,-0.241148
T,0.000000,0.000000,0.000000,-0.241053,-0.223500,-0.056627,-0.322363,-0.646831,-0.094494,-0.201642,-1.052604,-0.146564,-0.048223,-1.317600,-0.183659,-0.185861,-1.018924,-0.011064,-0.151943,-1.467693,-0.162354,-0.149062,-1.241736,-0.251708,-0.160727,-0.992177,-0.285043,0.000000,-0.999206,-0.039837,0.054912,-1.251481,-0.215609,-0.009728,-0.812767,-0.264267,-0.074396,-0.531773,-0.252222,0.169757,-0.938583,-0.089465,0.215667,-1.153300,-0.256947,0.119765,-0.706292,-0.228369,0.036853,-0.432960,-0.159439,0.325383,-0.841433,-0.143549,0.346113,-1.005763,-0.241009,0.256451,-0.689810,-0.198977,0.181727,-0.488141,-0.135633,0.371404,0.183684,0.352682,0.126607,0.447260,0.319379,0.606568,0.969189,-0.246317
T,0.000000,0.000000,0.000000,-0.207280,-0.315832,-0.093832,-0.262752,-0.742286,-0.121557,-0.155709,-1.169906,-0.158284,-0.108851,-1.507736,-0.163583,-0.170077,-1.106291,0.077917,-0.196197,-1.460799,-0.110591,-0.200228,-1.196246,-0.202887,-0.174645,-1.038170,-0.221629,0.000000,-0.997233,0.074344,0.002365,-1.260729,-0.101288,-0.063758,-0.818959,-0.128764,-0.065881,-0.846353,-0.091692,0.157992,-0.879177,0.028136,0.154613,-1.105448,-0.156027,0.059295,-0.687739,-0.112003,0.055656,-0.700361,-0.023187,0.302454,-0.768559,-0.028906,0.287201,-0.916445,-0.119581,0.190718,-0.637485,-0.071418,0.179812,-0.586220,0.000356,0.472471,0.112431,0.573647,0.277961,0.709259,0.480943,0.856558,0.999850,-0.017345
T,0.000000,0.000000,0.000000,-0.195390,-0.271507,-0.091012,-0.264221,-0.706470,-0.127370,-0.173855,-1.120351,-0.168810,-0.125401,-1.444806,-0.180958,-0.165161,-1.078505,0.015685,-0.217937,-1.421812,-0.160380,-0.226684,-1.162051,-0.227401,-0.197041,-0.992480,-0.232723,0.000000,-0.999939,0.011009,-0.030439,-1.233130,-0.147698,-0.088198,-0.800807,-0.143764,-0.069473,-0.827524,-0.090806,0.155931,-0.887146,-0.030771,0.126598,-1.072261,-0.197318,0.043649,-0.668194,-0.128339,0.060623,-0.684226,-0.030054,0.300187,-0.761001,-0.083327,0.259936,-0.896297,-0.170930,0.178886,-0.629619,-0.117645,0.187901,-0.593134,-0.045171,0.417643,0.097545,0.500483,0.234374,0.642409,0.450067,0.811323,0.999964,0.008544
T,0.000000,0.000000,0.000000,-0.192829,-0.281205,-0.085462,-0.260942,-0.708288,-0.118989,-0.171386,-1.118932,-0.159093,-0.126356,-1.445153,-0.170412,-0.163463,-1.078352,0.026668,-0.217889,-1.411554,-0.147345,-0.223995,-1.158509,-0.215272,-0.193503,-0.993591,-0.221579,0.000000,-0.999823,0.018836,-0.031825,-1.230404,-0.138838,-0.087433,-0.801595,-0.137484,-0.067649,-0.826615,-0.086170,0.154785,-0.887270,-0.026095,0.126092,-1.068203,-0.192406,0.043931,-0.670826,-0.126946,0.059615,-0.690052,-0.030644,0.298624,-0.759485,-0.081287,0.261053,-0.897152,-0.168387,0.179882,-0.635372,-0.115990,0.187030,-0.600204,-0.044035,0.418044,0.100197,0.500100,0.236749,0.641171,0.454208,0.811598,0.999965,0.008415
T,0.000000,0.000000,0.000000,-0.194239,-0.282052,-0.083184,-0.260708,-0.712132,-0.116587,-0.168482,-1.123430,-0.156910,-0.120955,-1.449071,-0.168905,-0.164129,-1.076325,0.024507,-0.218129,-1.420991,-0.149409,-0.225774,-1.172842,-0.217421,-0.196865,-0.996973,-0.223622,0.000000,-0.999874,0.015881,-0.030707,-1.229612,-0.141098,-0.089234,-0.801322,-0.139010,-0.069710,-0.820961,-0.087667,0.155189,-0.885718,-0.029329,0.127346,-1.071127,-0.192966,0.042797,-0.676040,-0.125737,0.059964,-0.691903,-0.029475,0.299082,-0.755403,-0.084762,0.259809,-0.891597,-0.171042,0.179461,-0.634121,-0.118289,0.191400,-0.602887,-0.046531,0.422151,0.103011,0.500554,0.238915,0.642732,0.452852,0.815283,0.999947,0.010327
T,0.000000,0.000000,0.000000,-0.193861,-0.277476,-0.084333,-0.260931,-0.705877,-0.118620,-0.169917,-1.115661,-0.159783,-0.121818,-1.440293,-0.172805,-0.163215,-1.073794,0.023485,-0.218657,-1.416099,-0.149675,-0.224505,-1.166725,-0.216727,-0.194060,-0.991483,-0.222289,0.000000,-0.999878,0.015611,-0.032050,-1.223624,-0.140970,-0.087137,-0.797083,-0.138347,-0.066945,-0.817876,-0.086795,0.153724,-0.888853,-0.028917,0.123738,-1.064639,-0.192324,0.041977,-0.670466,-0.125264,0.059091,-0.686194,-0.029184,0.295815,-0.760947,-0.083804,0.254689,-0.890400,-0.169396,0.175116,-0.631055,-0.117022,0.184913,-0.597930,-0.045683,0.417809,0.102461,0.494273,0.236680,0.633019,0.449216,0.802402,0.999953,0.009676
T,0.000000,0.000000,0.000000,-0.193039,-0.274210,-0.086075,-0.260588,-0.710297,-0.117901,-0.169237,-1.121446,-0.155275,-0.120959,-1.442855,-0.163416,-0.162806,-1.074154,0.021682,-0.221060,-1.413607,-0.147432,-0.229659,-1.157755,-0.210894,-0.197323,-0.993001,-0.215440,0.000000,-0.999869,0.016177,-0.035442,-1.224964,-0.137463,-0.092224,-0.799745,-0.133057,-0.068639,-0.826756,-0.081584,0.152431,-0.888627,-0.025782,0.122121,-1.068190,-0.186476,0.038772,-0.674797,-0.118457,0.059625,-0.692753,-0.022868,0.293889,-0.762963,-0.078333,0.253377,-0.896831,-0.161265,0.172684,-0.639790,-0.108667,0.184715,-0.606779,-0.038225,0.414672,0.105505,0.493073,0.235506,0.633130,0.447206,0.800994,0.999930,0.011867
T,0.000000,0.000000,0.000000,-0.181318,-0.229219,-0.043109,-0.258936,-0.590387,-0.074680,-0.240810,-0.900858,-0.119068,-0.225560,-1.162280,-0.145371,-0.122314,-0.991734,0.004131,-0.272846,-1.200370,-0.127751,-0.328496,-1.001287,-0.177672,-0.319789,-0.823820,-0.185591,0.000000,-0.999767,-0.021571,-0.168951,-0.967573,-0.152792,-0.186808,-0.609094,-0.153456,-0.134927,-0.576996,-0.119912,0.115209,-0.926141,-0.071615,-0.051113,-0.827522,-0.198057,-0.065731,-0.506792,-0.145097,-0.009545,-0.494697,-0.077882,0.210415,-0.803568,-0.129688,0.065017,-0.714814,-0.198215,0.034937,-0.499671,-0.165553,0.082713,-0.493638,-0.120461,0.249192,0.063224,0.304326,0.202906,0.421100,0.381144,0.564796,0.999321,-0.036848
T,0.000000,0.000000,0.000000,-0.181060,-0.209007,-0.046318,-0.255124,-0.576747,-0.075611,-0.224518,-0.887316,-0.115237,-0.185684,-1.140271,-0.135004,-0.126141,-0.977947,-0.007366,-0.279342,-1.188943,-0.142874,-0.334227,-0.966123,-0.192993,-0.320181,-0.785395,-0.200755,-0.000000,-0.999525,-0.030823,-0.163212,-0.954648,-0.166619,-0.185218,-0.594673,-0.169236,-0.135081,-0.563220,-0.137050,0.118038,-0.930046,-0.078181,-0.043804,-0.813796,-0.205968,-0.063257,-0.492621,-0.154820,-0.007427,-0.489823,-0.089231,0.217435,-0.811970,-0.133760,0.075863,-0.709078,-0.200869,0.041779,-0.493985,-0.169784,0.087394,-0.493456,-0.126584,0.214909,0.105843,0.255229,0.189633,0.373725,0.362976,0.519893,0.998649,-0.051963
T,0.000000,0.000000,0.000000,-0.183250,-0.203513,-0.046004,-0.261159,-0.570122,-0.078249,-0.226820,-0.885491,-0.121384,-0.180977,-1.139688,-0.144917,-0.127780,-0.976956,-0.010225,-0.279611,-1.197831,-0.144860,-0.338319,-0.986825,-0.191469,-0.328436,-0.797936,-0.196321,0.000000,-0.999406,-0.034474,-0.162161,-0.961481,-0.166996,-0.187510,-0.593846,-0.162991,-0.136321,-0.565466,-0.125964,0.119692,-0.931385,-0.082746,-0.041526,-0.821410,-0.209073,-0.064670,-0.493968,-0.152687,-0.008194,-0.489892,-0.083803,0.220639,-0.813954,-0.139271,0.078662,-0.712101,-0.206617,0.041000,-0.492428,-0.172629,0.086221,-0.489948,-0.127059,0.217838,0.114496,0.254223,0.180552,0.371022,0.353360,0.517136,0.998444,-0.055771
T,0.000000,0.000000,0.000000,-0.185512,-0.205871,-0.046545,-0.261953,-0.579765,-0.076918,-0.229136,-0.893618,-0.117839,-0.181471,-1.142100,-0.138923,-0.127205,-0.982126,-0.004534,-0.275540,-1.192967,-0.136977,-0.333042,-0.982115,-0.183365,-0.322299,-0.800297,-0.188414,0.000000,-0.999623,-0.027439,-0.161197,-0.955259,-0.158080,-0.187868,-0.590813,-0.154066,-0.137725,-0.567945,-0.117157,0.119895,-0.927498,-0.074788,-0.040127,-0.818291,-0.199121,-0.065600,-0.496492,-0.143018,-0.011573,-0.497820,-0.074508,0.219948,-0.806830,-0.130566,0.078205,-0.710518,-0.195862,0.040089,-0.493319,-0.161514,0.085156,-0.493098,-0.115956,0.215863,0.106959,0.256242,0.188911,0.375485,0.358405,0.523081,0.998424,-0.056114
T,0.000000,0.000000,0.000000,-0.186986,-0.207036,-0.045853,-0.261063,-0.576571,-0.075349,-0.226017,-0.888041,-0.115412,-0.184580,-1.138601,-0.135882,-0.126020,-0.981858,-0.003748,-0.272383,-1.191154,-0.133403,-0.329520,-0.980069,-0.178189,-0.319531,-0.802876,-0.182976,0.000000,-0.999634,-0.027067,-0.159940,-0.956766,-0.156451,-0.185428,-0.593293,-0.153337,-0.134649,-0.570062,-0.117632,0.118322,-0.928190,-0.074369,-0.041181,-0.820340,-0.198358,-0.064701,-0.497877,-0.143520,-0.009610,-0.498907,-0.076293,0.216785,-0.808601,-0.129884,0.076063,-0.711084,-0.195456,0.040225,-0.494114,-0.161852,0.086270,-0.495835,-0.117140,0.213206,0.102359,0.255387,0.184646,0.373907,0.354622,0.519645,0.998421,-0.056164
T,0.000000,0.000000,0.000000,-0.186181,-0.210604,-0.046290,-0.260142,-0.577917,-0.076158,-0.226597,-0.884739,-0.116491,-0.179406,-1.132151,-0.137040,-0.126794,-0.981931,-0.003415,-0.268420,-1.189878,-0.135193,-0.324342,-0.972840,-0.183967,-0.316122,-0.795797,-0.191501,0.000000,-0.999649,-0.026477,-0.155015,-0.954152,-0.155717,-0.182485,-0.597616,-0.155616,-0.136346,-0.575746,-0.122831,0.118993,-0.927314,-0.073622,-0.036527,-0.817914,-0.195698,-0.062108,-0.500398,-0.142255,-0.010075,-0.502969,-0.076659,0.218618,-0.805145,-0.129182,0.080161,-0.712473,-0.191777,0.041553,-0.497446,-0.156975,0.085079,-0.497408,-0.111911,0.207821,0.106110,0.248932,0.180630,0.367453,0.350142,0.515187,0.998336,-0.057667
T,0.000000,0.000000,0.000000,-0.189352,-0.212835,-0.058758,-0.263157,-0.574912,-0.093121,-0.221736,-0.903411,-0.136941,-0.177159,-1.171826,-0.159140,-0.135211,-0.977869,-0.007732,-0.266192,-1.205625,-0.145360,-0.304297,-0.975882,-0.192845,-0.287580,-0.791650,-0.196375,-0.000000,-0.999699,-0.024550,-0.133915,-0.974885,-0.152738,-0.156625,-0.602019,-0.145606,-0.113249,-0.602002,-0.106856,0.125366,-0.931424,-0.068057,-0.004358,-0.847117,-0.195115,-0.037934,-0.510128,-0.135072,0.007626,-0.518803,-0.062166,0.231168,-0.816050,-0.120853,0.117773,-0.752954,-0.186611,0.070902,-0.528460,-0.147228,0.107075,-0.522632,-0.096560,0.249607,0.096225,0.281296,0.201735,0.397002,0.369581,0.542930,0.998119,-0.061305
T,0.000000,0.000000,0.000000,-0.193442,-0.180630,-0.093404,-0.271611,-0.595666,-0.134105,-0.183913,-1.005252,-0.178787,-0.100220,-1.308303,-0.194647,-0.159006,-1.013897,-0.016547,-0.219983,-1.334260,-0.183625,-0.238088,-1.031668,-0.243451,-0.211304,-0.839678,-0.248166,0.000000,-0.999769,-0.021480,-0.039320,-1.124907,-0.171290,-0.098294,-0.687207,-0.161725,-0.081341,-0.709918,-0.112805,0.147207,-0.925279,-0.061010,0.116591,-1.019895,-0.211990,0.034094,-0.614524,-0.138739,0.048741,-0.631049,-0.047622,0.283843,-0.821251,-0.112707,0.242934,-0.895541,-0.189984,0.164462,-0.620479,-0.136539,0.172514,-0.590580,-0.070307,0.349071,0.123039,0.367728,0.194649,0.475170,0.361230,0.625650,0.993377,-0.114897
T,0.000000,0.000000,0.000000,-0.197739,-0.184883,-0.087942,-0.273439,-0.600523,-0.124614,-0.185668,-1.007047,-0.166368,-0.104881,-1.305930,-0.180407,-0.158903,-1.010738,-0.010606,-0.222006,-1.331900,-0.172506,-0.240313,-1.026193,-0.229414,-0.211343,-0.843259,-0.233895,0.000000,-0.999843,-0.017701,-0.045437,-1.126127,-0.161944,-0.102507,-0.688508,-0.150029,-0.081758,-0.713026,-0.101058,0.145900,-0.924710,-0.058880,0.108611,-1.020867,-0.205764,0.028814,-0.613539,-0.130955,0.046874,-0.628965,-0.040077,0.281624,-0.819035,-0.111826,0.233700,-0.896156,-0.187585,0.156804,-0.623142,-0.133991,0.167391,-0.593726,-0.068480,0.344803,0.120230,0.362163,0.190273,0.472216,0.357047,0.625425,0.993897,-0.110308
T,0.000000,0.000000,0.000000,-0.195048,-0.189188,-0.085724,-0.272102,-0.599576,-0.124079,-0.191364,-0.999339,-0.168165,-0.112079,-1.298105,-0.184731,-0.156804,-1.009771,-0.007921,-0.226623,-1.316697,-0.170926,-0.242349,-1.007727,-0.230555,-0.210715,-0.827255,-0.236788,0.000000,-0.999877,-0.015657,-0.051887,-1.114557,-0.159864,-0.103995,-0.680770,-0.149325,-0.080145,-0.706038,-0.101582,0.144733,-0.924797,-0.057106,0.101025,-1.013758,-0.202952,0.026794,-0.610429,-0.127815,0.049379,-0.623793,-0.036558,0.279083,-0.817674,-0.110233,0.227765,-0.890757,-0.184015,0.152101,-0.621647,-0.129449,0.164230,-0.591759,-0.063011,0.341172,0.116861,0.360676,0.194759,0.470744,0.355807,0.623997,0.994690,-0.102912
T,0.000000,0.000000,0.000000,-0.194113,-0.191796,-0.083696,-0.273009,-0.603223,-0.121037,-0.189103,-1.006833,-0.164143,-0.110318,-1.309899,-0.179368,-0.157995,-1.014287,-0.008631,-0.227735,-1.331616,-0.172781,-0.245301,-1.038261,-0.232052,-0.216377,-0.854863,-0.237111,0.000000,-0.999852,-0.017204,-0.049203,-1.122614,-0.162828,-0.103597,-0.687905,-0.151396,-0.081438,-0.713700,-0.102034,0.145541,-0.924484,-0.059300,0.103716,-1.018502,-0.207411,0.028480,-0.614035,-0.132491,0.050937,-0.628705,-0.040300,0.280522,-0.818423,-0.112647,0.232105,-0.898536,-0.188833,0.154683,-0.625947,-0.134131,0.164543,-0.591819,-0.066552,0.344689,0.119590,0.366874,0.197698,0.477938,0.362642,0.631472,0.994495,-0.104781
T,0.000000,0.000000,0.000000,-0.195756,-0.182821,-0.087564,-0.273606,-0.595658,-0.126317,-0.187899,-0.999137,-0.169692,-0.109397,-1.300611,-0.185942,-0.158897,-1.010962,-0.015702,-0.227424,-1.322893,-0.177097,-0.243693,-1.026939,-0.234786,-0.214564,-0.841860,-0.239739,-0.000000,-0.999747,-0.022500,-0.049499,-1.111044,-0.166528,-0.103894,-0.679133,-0.155943,-0.084607,-0.700847,-0.108375,0.144799,-0.924732,-0.062382,0.102220,-1.012338,-0.209138,0.026699,-0.609610,-0.135250,0.045196,-0.620739,-0.045174,0.278314,-0.818213,-0.113733,0.228046,-0.893109,-0.190108,0.151939,-0.620079,-0.136446,0.160719,-0.585779,-0.070481,0.339600,0.120437,0.359444,0.199751,0.470284,0.358359,0.623091,0.994720,-0.102626
T,0.000000,0.000000,0.000000,-0.195868,-0.185585,-0.085102,-0.274288,-0.595604,-0.123267,-0.190332,-0.996122,-0.166781,-0.112964,-1.296373,-0.183262,-0.157580,-1.008358,-0.011280,-0.227947,-1.316522,-0.172648,-0.243747,-1.018524,-0.231606,-0.212792,-0.838139,-0.237965,0.000000,-0.999813,-0.019319,-0.051122,-1.108402,-0.162440,-0.104076,-0.677400,-0.151985,-0.082090,-0.702489,-0.105069,0.144281,-0.925817,-0.060505,0.100822,-1.011323,-0.205606,0.026298,-0.609259,-0.130577,0.047376,-0.620834,-0.040251,0.277450,-0.819376,-0.113250,0.225729,-0.890623,-0.188020,0.150455,-0.619923,-0.133740,0.161366,-0.587992,-0.067711,0.338410,0.117217,0.357192,0.198976,0.467500,0.357012,0.620364,0.994862,-0.101245
T,0.000000,0.000000,0.000000,-0.190559,-0.188247,-0.083567,-0.273432,-0.596772,-0.121117,-0.193076,-0.999075,-0.164701,-0.115035,-1.301265,-0.180881,-0.155822,-1.012084,-0.006595,-0.228556,-1.320233,-0.170199,-0.244266,-1.035176,-0.229986,-0.212491,-0.858596,-0.235964,0.000000,-0.999877,-0.015687,-0.051497,-1.114981,-0.161406,-0.103490,-0.682335,-0.149757,-0.080355,-0.709570,-0.100204,0.143815,-0.926624,-0.058692,0.100466,-1.011477,-0.207217,0.027478,-0.610272,-0.132873,0.049146,-0.626186,-0.041174,0.277639,-0.821278,-0.113084,0.229180,-0.895891,-0.189867,0.152329,-0.623377,-0.136171,0.160578,-0.589661,-0.069458,0.340095,0.115590,0.362431,0.197783,0.471475,0.362092,0.623840,0.994921,-0.100658
T,0.000000,0.000000,0.000000,-0.192210,-0.179648,-0.087536,-0.274208,-0.593724,-0.125631,-0.189008,-1.001808,-0.168567,-0.106079,-1.302090,-0.183627,-0.159350,-1.013145,-0.014537,-0.225053,-1.337220,-0.176323,-0.244385,-1.057696,-0.231788,-0.217369,-0.871640,-0.234679,0.000000,-0.999769,-0.021488,-0.044790,-1.120476,-0.167122,-0.102072,-0.684537,-0.153363,-0.081343,-0.708746,-0.102255,0.145798,-0.924456,-0.062212,0.108557,-1.014944,-0.210391,0.029629,-0.614361,-0.135770,0.048094,-0.632683,-0.044567,0.280191,-0.818742,-0.114511,0.235533,-0.892699,-0.191613,0.157817,-0.622403,-0.138698,0.166384,-0.593040,-0.073131,0.338996,0.124267,0.359082,0.192386,0.469884,0.359497,0.622581,0.994613,-0.103660
T,0.000000,0.000000,0.000000,-0.195089,-0.217606,-0.093941,-0.275374,-0.624425,-0.136467,-0.176430,-1.048783,-0.186740,-0.091204,-1.367006,-0.206783,-0.159910,-1.047669,0.017233,-0.188882,-1.393027,-0.162751,-0.212638,-1.072084,-0.237242,-0.194868,-0.907504,-0.250512,0.000000,-0.999971,0.007651,-0.012525,-1.204493,-0.161737,-0.080677,-0.754558,-0.170528,-0.071104,-0.784196,-0.127793,0.148260,-0.915482,-0.039338,0.141555,-1.081469,-0.209083,0.051350,-0.666589,-0.147113,0.059677,-0.691339,-0.055515,0.289460,-0.817016,-0.097930,0.267022,-0.930233,-0.180888,0.184912,-0.655503,-0.128079,0.186835,-0.627732,-0.058694,0.396080,0.110258,0.434758,0.186091,0.537824,0.368393,0.677674,0.995467,-0.095102
T,0.000000,0.000000,0.000000,-0.199812,-0.255838,-0.090835,-0.272112,-0.652240,-0.128017,-0.163199,-1.073412,-0.173529,-0.073587,-1.380622,-0.188104,-0.162358,-1.060459,0.039169,-0.177844,-1.415605,-0.137464,-0.195090,-1.111647,-0.219041,-0.184853,-0.951230,-0.237831,0.000000,-0.999512,0.031234,-0.004310,-1.187778,-0.134028,-0.064933,-0.756725,-0.152311,-0.067596,-0.782319,-0.118540,0.147152,-0.907471,-0.014880,0.152019,-1.064482,-0.179964,0.065658,-0.669382,-0.129886,0.058467,-0.689898,-0.047688,0.286841,-0.802043,-0.072669,0.282054,-0.907255,-0.149694,0.193417,-0.642952,-0.101338,0.177902,-0.612525,-0.036441,0.402539,0.121069,0.445835,0.211925,0.550094,0.388469,0.691366,0.997443,-0.071464
T,0.000000,0.000000,0.000000,-0.200292,-0.252904,-0.099582,-0.275904,-0.667838,-0.141670,-0.173819,-1.097388,-0.191187,-0.088220,-1.404018,-0.210856,-0.160759,-1.068380,0.026933,-0.171357,-1.411641,-0.147302,-0.195535,-1.127177,-0.220440,-0.184876,-0.977534,-0.233700,0.000000,-0.999764,0.021708,-0.006357,-1.192578,-0.140960,-0.072753,-0.757451,-0.147598,-0.067884,-0.786800,-0.104423,0.145359,-0.900756,-0.022582,0.147528,-1.057865,-0.187622,0.058571,-0.663316,-0.129276,0.058869,-0.681986,-0.040884,0.282681,-0.788687,-0.079669,0.273185,-0.893967,-0.157777,0.185964,-0.634747,-0.107711,0.177349,-0.604974,-0.041486,0.417682,0.104923,0.474647,0.237263,0.585900,0.419451,0.730350,0.998880,-0.047307
T,0.000000,0.000000,0.000000,-0.206484,-0.263915,-0.101232,-0.286700,-0.672542,-0.144085,-0.186018,-1.105591,-0.193458,-0.090398,-1.412115,-0.210508,-0.163440,-1.080009,0.030696,-0.173020,-1.426957,-0.146322,-0.194860,-1.121008,-0.220185,-0.186110,-0.971273,-0.233015,-0.000000,-0.999618,0.027652,-0.009754,-1.211153,-0.136901,-0.073920,-0.764310,-0.142932,-0.066125,-0.800104,-0.098058,0.150106,-0.897871,-0.015205,0.147827,-1.072894,-0.181222,0.058812,-0.669241,-0.119553,0.064124,-0.690109,-0.027665,0.292779,-0.786098,-0.070929,0.277293,-0.900267,-0.146967,0.189393,-0.636818,-0.093669,0.186726,-0.605894,-0.024679,0.416904,0.105671,0.484816,0.228708,0.600360,0.415548,0.747131,0.999149,-0.041246
T,0.000000,0.000000,0.000000,-0.208571,-0.275083,-0.106948,-0.293788,-0.680110,-0.151817,-0.199918,-1.113575,-0.203244,-0.096403,-1.413798,-0.222441,-0.163941,-1.086015,0.045691,-0.170936,-1.418820,-0.129458,-0.194884,-1.117665,-0.203291,-0.183133,-0.978675,-0.215774,0.000000,-0.998954,0.045723,-0.000723,-1.210235,-0.116559,-0.068754,-0.772535,-0.124309,-0.064758,-0.822810,-0.079826,0.150434,-0.893996,0.003820,0.154940,-1.059208,-0.165561,0.062312,-0.668063,-0.111168,0.060528,-0.703556,-0.022428,0.292643,-0.780829,-0.050838,0.282176,-0.896148,-0.128353,0.193381,-0.637432,-0.077995,0.184260,-0.609512,-0.010519,0.428834,0.119274,0.503291,0.248603,0.618319,0.438341,0.762532,0.999706,-0.024239
T,0.000000,0.000000,0.000000,-0.210240,-0.250402,-0.116996,-0.286106,-0.686719,-0.164105,-0.173232,-1.118888,-0.212856,-0.062870,-1.419753,-0.228135,-0.168198,-1.089001,0.007409,-0.164418,-1.465089,-0.176265,-0.198751,-1.133093,-0.249436,-0.193198,-0.971679,-0.260324,0.000000,-0.999917,0.012908,0.013083,-1.243302,-0.156780,-0.071297,-0.781693,-0.162644,-0.070410,-0.817932,-0.116471,0.154074,-0.893081,-0.021758,0.168085,-1.085288,-0.195380,0.062561,-0.665650,-0.132834,0.065019,-0.691718,-0.038844,0.301495,-0.782753,-0.069528,0.293385,-0.909724,-0.153611,0.198684,-0.629567,-0.099849,0.192162,-0.592592,-0.028924,0.419490,0.122711,0.488177,0.204927,0.605838,0.407774,0.750790,0.999516,-0.031123
T,0.000000,0.000000,0.000000,-0.202148,-0.237586,-0.109683,-0.275544,-0.688299,-0.153518,-0.164726,-1.122221,-0.200741,-0.064115,-1.422130,-0.215764,-0.163497,-1.084822,0.001939,-0.162741,-1.465956,-0.176005,-0.194005,-1.148086,-0.241699,-0.187349,-0.976734,-0.247630,0.000000,-0.999992,0.004113,0.011910,-1.235129,-0.158999,-0.065886,-0.779279,-0.156139,-0.065538,-0.813816,-0.105633,0.147866,-0.894763,-0.032717,0.162931,-1.087477,-0.200529,0.064678,-0.670788,-0.132530,0.063940,-0.689522,-0.037229,0.289260,-0.784476,-0.082443,0.286286,-0.927366,-0.166055,0.197165,-0.647993,-0.111193,0.186809,-0.602365,-0.040356,0.413580,0.115015,0.480268,0.209694,0.597125,0.404691,0.741115,0.999621,-0.027521
T,0.000000,0.000000,0.000000,-0.200718,-0.240656,-0.118149,-0.276318,-0.688316,-0.165495,-0.169175,-1.124946,-0.213851,-0.067161,-1.427195,-0.229131,-0.163389,-1.086414,-0.006638,-0.163283,-1.459467,-0.182825,-0.194168,-1.121580,-0.245748,-0.182304,-0.966711,-0.251363,0.000000,-0.999999,-0.001017,0.011567,-1.241633,-0.165532,-0.068335,-0.781676,-0.162674,-0.063917,-0.819340,-0.112032,0.148028,-0.895731,-0.034519,0.163403,-1.090750,-0.204375,0.062792,-0.673987,-0.137298,0.066866,-0.698495,-0.042168,0.290706,-0.786667,-0.081318,0.286297,-0.933868,-0.164315,0.197049,-0.654105,-0.109321,0.191834,-0.608965,-0.038851,0.418204,0.111468,0.488920,0.211368,0.605503,0.408618,0.748461,0.999636,-0.026987
T,0.000000,0.000000,0.000000,-0.206514,-0.242592,-0.117341,-0.279634,-0.678744,-0.162878,-0.166781,-1.118046,-0.210309,-0.069070,-1.419536,-0.224447,-0.165324,-1.085137,0.002997,-0.165375,-1.471405,-0.176532,-0.195175,-1.160340,-0.243685,-0.188196,-0.998907,-0.250045,0.000000,-0.999959,0.009110,0.010903,-1.231923,-0.156926,-0.067201,-0.775711,-0.156332,-0.067255,-0.815871,-0.106177,0.148053,-0.897327,-0.024940,0.166539,-1.085425,-0.196435,0.065518,-0.665042,-0.130903,0.064209,-0.689087,-0.035741,0.289368,-0.788239,-0.072670,0.289210,-0.913776,-0.156631,0.199310,-0.634001,-0.103190,0.191365,-0.597593,-0.032761,0.415715,0.119419,0.485144,0.214834,0.599706,0.409788,0.741653,0.999603,-0.028166
T,0.000000,0.000000,0.000000,-0.206174,-0.237056,-0.121176,-0.276578,-0.683191,-0.168016,-0.162226,-1.123608,-0.215635,-0.061383,-1.424093,-0.230213,-0.165195,-1.081378,-0.005396,-0.159111,-1.464048,-0.182917,-0.187684,-1.139558,-0.247533,-0.181763,-0.979491,-0.253471,0.000000,-0.999997,0.002541,0.017283,-1.230953,-0.161946,-0.061311,-0.776188,-0.161050,-0.064860,-0.813374,-0.112119,0.147883,-0.898410,-0.029248,0.170630,-1.081021,-0.200169,0.069906,-0.663566,-0.135786,0.065987,-0.687500,-0.042463,0.289888,-0.788577,-0.074705,0.292254,-0.917384,-0.160297,0.203324,-0.637908,-0.108693,0.191976,-0.597452,-0.040202,0.422815,0.115689,0.487648,0.219435,0.600435,0.415249,0.742600,0.999507,-0.031405
T,0.000000,0.000000,0.000000,-0.204020,-0.244748,-0.110528,-0.279106,-0.689286,-0.153552,-0.171522,-1.127103,-0.199364,-0.076810,-1.430125,-0.212257,-0.162573,-1.085857,-0.000084,-0.161490,-1.477362,-0.178101,-0.195463,-1.149213,-0.244909,-0.193538,-0.986023,-0.252607,0.000000,-0.999998,0.001905,0.008552,-1.251783,-0.160771,-0.068914,-0.792892,-0.159436,-0.069278,-0.826607,-0.110944,0.147452,-0.897069,-0.034985,0.161001,-1.103319,-0.202489,0.064738,-0.683591,-0.134935,0.064234,-0.701813,-0.040303,0.290429,-0.785481,-0.084937,0.286527,-0.941486,-0.166425,0.199377,-0.663090,-0.110070,0.188983,-0.613735,-0.038970,0.413393,0.102804,0.486595,0.204312,0.604870,0.404292,0.752756,0.999517,-0.031068
T,0.000000,0.000000,0.000000,-0.201837,-0.225154,-0.119083,-0.281225,-0.675885,-0.166444,-0.175678,-1.117834,-0.214103,-0.078575,-1.421980,-0.228189,-0.165304,-1.085327,-0.018763,-0.165140,-1.483049,-0.201128,-0.197278,-1.169688,-0.264529,-0.192525,-1.003083,-0.268093,0.000000,-0.999915,-0.013038,0.013477,-1.247172,-0.178895,-0.065428,-0.778509,-0.170151,-0.067799,-0.815040,-0.114758,0.150664,-0.899453,-0.046811,0.167257,-1.094804,-0.219247,0.069378,-0.667597,-0.146554,0.067685,-0.692973,-0.047274,0.295557,-0.790782,-0.094066,0.292162,-0.940531,-0.181621,0.207452,-0.654096,-0.124504,0.199612,-0.606427,-0.051491,0.405852,0.109340,0.480211,0.203620,0.598734,0.409337,0.745905,0.999559,-0.029697
T,0.000000,0.000000,0.000000,-0.215756,-0.270004,-0.114953,-0.284460,-0.705613,-0.159465,-0.161292,-1.139605,-0.207401,-0.059121,-1.438565,-0.222754,-0.172154,-1.099375,0.016739,-0.159601,-1.485660,-0.165043,-0.182679,-1.159195,-0.239984,-0.180458,-0.997045,-0.252453,0.000000,-0.999785,0.020746,0.017293,-1.232504,-0.145961,-0.058595,-0.781764,-0.154807,-0.067528,-0.823094,-0.113040,0.151054,-0.881185,-0.015868,0.170977,-1.070679,-0.188566,0.069312,-0.656323,-0.129892,0.059876,-0.679427,-0.040003,0.294124,-0.756551,-0.065828,0.294134,-0.875582,-0.150984,0.200435,-0.601958,-0.100306,0.183957,-0.567021,-0.032277,0.430330,0.125079,0.505288,0.232804,0.630593,0.435263,0.783933,0.999964,-0.008491
T,0.000000,0.000000,0.000000,-0.216038,-0.281598,-0.117733,-0.278312,-0.711731,-0.157794,-0.147607,-1.143416,-0.199915,-0.040687,-1.436564,-0.207561,-0.172016,-1.099316,0.030996,-0.150318,-1.485839,-0.147210,-0.171164,-1.159025,-0.223157,-0.173976,-1.001710,-0.235579,0.000000,-0.999210,0.039745,0.027955,-1.231855,-0.123315,-0.045146,-0.782288,-0.136451,-0.062237,-0.827701,-0.097198,0.150386,-0.886146,0.006991,0.180854,-1.074677,-0.163937,0.083276,-0.660137,-0.111705,0.067429,-0.688441,-0.025208,0.293055,-0.770933,-0.039118,0.305012,-0.892939,-0.120047,0.214511,-0.618417,-0.069732,0.192054,-0.583126,-0.001793,0.433466,0.134496,0.504078,0.231765,0.620888,0.426551,0.763427,0.999855,-0.017049
T,0.000000,0.000000,0.000000,-0.217434,-0.279302,-0.123227,-0.276892,-0.716213,-0.164699,-0.144456,-1.148514,-0.206159,-0.037697,-1.444391,-0.212645,-0.171912,-1.101664,0.021369,-0.145292,-1.492002,-0.159054,-0.167564,-1.159907,-0.236364,-0.170168,-1.002917,-0.249985,0.000000,-0.999461,0.032824,0.032185,-1.237285,-0.133990,-0.044423,-0.788171,-0.149677,-0.061846,-0.830198,-0.112044,0.149808,-0.886847,0.002928,0.181680,-1.080628,-0.170420,0.081232,-0.666350,-0.119568,0.065637,-0.696313,-0.033865,0.291637,-0.774251,-0.040636,0.303869,-0.901003,-0.123720,0.211976,-0.625951,-0.074679,0.188768,-0.589975,-0.007629,0.436163,0.129288,0.509547,0.232299,0.626486,0.426887,0.766248,0.999804,-0.019811
T,0.000000,0.000000,0.000000,-0.216100,-0.273439,-0.126294,-0.280779,-0.704946,-0.171468,-0.152408,-1.135764,-0.216677,-0.047031,-1.433503,-0.227144,-0.173453,-1.102937,0.016603,-0.148754,-1.486330,-0.166927,-0.170402,-1.146903,-0.244602,-0.170950,-0.994722,-0.258081,-0.000000,-0.999623,0.027471,0.030094,-1.233011,-0.142459,-0.046831,-0.778034,-0.157238,-0.062952,-0.827231,-0.117999,0.151394,-0.887163,-0.003652,0.179722,-1.074166,-0.180864,0.079058,-0.654430,-0.129940,0.064759,-0.691689,-0.043145,0.294852,-0.775299,-0.048512,0.302003,-0.898075,-0.133531,0.211442,-0.618322,-0.084419,0.191851,-0.585183,-0.016871,0.429731,0.129477,0.505265,0.230905,0.622743,0.427413,0.762907,0.999835,-0.018162
T,0.000000,0.000000,0.000000,-0.213311,-0.273409,-0.120684,-0.278061,-0.703840,-0.164681,-0.151539,-1.132077,-0.209939,-0.047728,-1.428869,-0.221335,-0.171916,-1.098552,0.019220,-0.152184,-1.478613,-0.161032,-0.171886,-1.145633,-0.236852,-0.171837,-0.990112,-0.249437,0.000000,-0.999618,0.027638,0.025806,-1.228040,-0.138927,-0.048249,-0.777395,-0.151980,-0.062455,-0.822605,-0.112286,0.150492,-0.886457,-0.004949,0.176449,-1.070389,-0.178553,0.078643,-0.653406,-0.125094,0.066783,-0.683605,-0.037398,0.292687,-0.771310,-0.050916,0.298805,-0.893173,-0.134150,0.209066,-0.615112,-0.083398,0.191185,-0.580147,-0.014904,0.427081,0.130469,0.498520,0.229195,0.616704,0.424963,0.759808,0.999881,-0.015420
T,0.000000,0.000000,0.000000,-0.215448,-0.279079,-0.115251,-0.280148,-0.702317,-0.157969,-0.152608,-1.122466,-0.203777,-0.049794,-1.421020,-0.216061,-0.173033,-1.099285,0.029697,-0.161086,-1.474324,-0.161269,-0.189395,-1.152409,-0.248790,-0.188069,-0.990005,-0.267820,0.000000,-0.999440,0.033446,0.014239,-1.231861,-0.144012,-0.062221,-0.783481,-0.165425,-0.069811,-0.824322,-0.128682,0.152383,-0.886170,-0.004906,0.162587,-1.070457,-0.186256,0.064920,-0.659425,-0.136807,0.058779,-0.693624,-0.049223,0.295396,-0.772457,-0.056246,0.289653,-0.899253,-0.142735,0.198731,-0.625326,-0.092455,0.184784,-0.590488,-0.022933,0.423200,0.135016,0.492405,0.212303,0.609529,0.410960,0.751885,0.999717,-0.023782
T,0.000000,0.000000,0.000000,-0.212318,-0.258189,-0.123122,-0.277634,-0.700902,-0.167839,-0.153083,-1.130932,-0.212510,-0.053354,-1.430872,-0.223265,-0.170396,-1.099696,0.000981,-0.160001,-1.484539,-0.182540,-0.188343,-1.165940,-0.256337,-0.187268,-0.995724,-0.266464,0.000000,-0.999951,0.009852,0.015265,-1.228108,-0.158637,-0.061817,-0.778482,-0.166199,-0.069374,-0.815122,-0.122445,0.148742,-0.887034,-0.022223,0.166053,-1.071888,-0.195794,0.068188,-0.660185,-0.138782,0.060884,-0.689461,-0.049397,0.289527,-0.771553,-0.068128,0.290571,-0.905285,-0.152304,0.202776,-0.632364,-0.101410,0.187867,-0.593869,-0.033196,0.416729,0.126144,0.492832,0.223604,0.614020,0.421620,0.759168,0.999815,-0.019226
T,0.000000,0.000000,0.000000,-0.211770,-0.260947,-0.124849,-0.282238,-0.691406,-0.174034,-0.163708,-1.120788,-0.223968,-0.056003,-1.419177,-0.240355,-0.169511,-1.093584,0.005440,-0.162118,-1.470774,-0.178128,-0.190460,-1.146247,-0.252715,-0.183405,-0.985404,-0.264507,0.000000,-0.999890,0.014845,0.015169,-1.226943,-0.154519,-0.063012,-0.774242,-0.161690,-0.065300,-0.815013,-0.117528,0.149451,-0.888637,-0.017337,0.168539,-1.070146,-0.192108,0.067155,-0.659909,-0.134922,0.062771,-0.689790,-0.044922,0.290935,-0.772330,-0.063541,0.290786,-0.898543,-0.148597,0.199367,-0.629505,-0.099433,0.185737,-0.595036,-0.032344,0.423450,0.133398,0.494030,0.222233,0.611082,0.417815,0.755010,0.999736,-0.022962
T,0.000000,0.000000,0.000000,-0.202009,-0.275507,-0.048127,-0.283638,-0.653344,-0.079574,-0.230028,-1.002530,-0.124943,-0.175779,-1.271258,-0.145108,-0.137994,-1.036969,0.023224,-0.249350,-1.320090,-0.125733,-0.294811,-1.095705,-0.176390,-0.281670,-0.933121,-0.177928,0.000000,-0.999998,0.002008,-0.114831,-1.106784,-0.135280,-0.157597,-0.696141,-0.122483,-0.109581,-0.728782,-0.072968,0.139279,-0.917581,-0.048541,0.028833,-1.003646,-0.187502,-0.028229,-0.627184,-0.113476,0.024723,-0.638426,-0.023855,0.264668,-0.802832,-0.107113,0.159086,-0.859996,-0.173612,0.093767,-0.618987,-0.120955,0.138267,-0.603288,-0.057123,0.290955,0.090403,0.355139,0.175679,0.483399,0.339528,0.644097,0.999967,-0.008071
T,0.000000,0.000000,0.000000,-0.201010,-0.264134,-0.063630,-0.284375,-0.645732,-0.101947,-0.222069,-1.007200,-0.151628,-0.153687,-1.277319,-0.174122,-0.144378,-1.040147,0.013672,-0.244525,-1.345555,-0.146885,-0.293297,-1.104169,-0.206302,-0.282277,-0.920745,-0.211967,0.000000,-1.000000,0.000017,-0.103828,-1.113666,-0.141530,-0.146888,-0.696422,-0.128432,-0.099945,-0.733180,-0.078590,0.141183,-0.913067,-0.045782,0.042934,-1.003500,-0.187315,-0.017421,-0.621761,-0.110179,0.032619,-0.631387,-0.017922,0.268084,-0.796049,-0.101625,0.175012,-0.855014,-0.170462,0.106906,-0.610553,-0.117083,0.146732,-0.591396,-0.051735,0.302662,0.116831,0.361732,0.174157,0.485900,0.337358,0.644025,1.000000,-0.000350
T,0.000000,0.000000,0.000000,-0.196898,-0.266905,-0.063078,-0.281511,-0.648992,-0.100820,-0.219227,-1.011403,-0.149473,-0.146338,-1.277878,-0.169962,-0.142853,-1.040545,0.011422,-0.239015,-1.344630,-0.149027,-0.285953,-1.099162,-0.206755,-0.275935,-0.915399,-0.211277,0.000000,-0.999998,-0.002069,-0.098906,-1.116486,-0.142447,-0.141587,-0.698695,-0.126667,-0.095453,-0.736585,-0.075548,0.141351,-0.912867,-0.047546,0.049577,-1.005567,-0.186635,-0.011389,-0.625577,-0.106176,0.037667,-0.637167,-0.012670,0.269744,-0.794408,-0.103184,0.183008,-0.863302,-0.169591,0.113022,-0.618198,-0.113380,0.150364,-0.596087,-0.046618,0.298730,0.116117,0.356118,0.170454,0.480608,0.335878,0.641348,0.999993,-0.003629
T,0.000000,0.000000,0.000000,-0.201006,-0.268926,-0.063442,-0.286158,-0.653740,-0.103390,-0.218169,-1.020736,-0.155684,-0.144763,-1.293600,-0.180390,-0.144303,-1.050725,0.017815,-0.232651,-1.359191,-0.151814,-0.287144,-1.126556,-0.219036,-0.281745,-0.945695,-0.228610,0.000000,-0.999996,0.002809,-0.091350,-1.124216,-0.144928,-0.139907,-0.703234,-0.134242,-0.094887,-0.748764,-0.084247,0.142367,-0.911651,-0.045485,0.057004,-1.019760,-0.190351,-0.010294,-0.636841,-0.110772,0.036370,-0.650123,-0.015572,0.272261,-0.796775,-0.104272,0.191602,-0.872949,-0.173471,0.116867,-0.622743,-0.116316,0.152883,-0.599267,-0.047349,0.313486,0.113328,0.375129,0.181111,0.496516,0.340291,0.653099,0.999999,-0.001210
T,0.000000,0.000000,0.000000,-0.199728,-0.271343,-0.063837,-0.284426,-0.654852,-0.103331,-0.216244,-1.019098,-0.155081,-0.143460,-1.290934,-0.179044,-0.142688,-1.048659,0.020382,-0.230100,-1.350377,-0.145862,-0.280966,-1.118391,-0.210046,-0.274476,-0.942596,-0.217788,0.000000,-0.999979,0.006515,-0.089660,-1.122974,-0.137111,-0.138252,-0.703591,-0.123935,-0.094467,-0.753374,-0.072630,0.140906,-0.911678,-0.040759,0.057205,-1.017434,-0.183344,-0.009638,-0.637117,-0.103802,0.036653,-0.652262,-0.008854,0.268121,-0.796827,-0.098491,0.188101,-0.869167,-0.166337,0.113931,-0.623499,-0.109698,0.149327,-0.602227,-0.041310,0.313796,0.110187,0.373721,0.181282,0.493783,0.339244,0.648096,0.999998,-0.001774
T,0.000000,0.000000,0.000000,-0.202820,-0.271410,-0.070053,-0.289273,-0.659712,-0.113672,-0.222270,-1.030548,-0.168253,-0.145593,-1.308354,-0.195126,-0.145519,-1.054516,0.010551,-0.232382,-1.369526,-0.162700,-0.288750,-1.138456,-0.231684,-0.285466,-0.958844,-0.241780,0.000000,-1.000000,-0.000973,-0.092154,-1.137345,-0.151549,-0.141690,-0.713338,-0.141043,-0.097183,-0.757514,-0.090570,0.144213,-0.910371,-0.046301,0.057955,-1.032951,-0.195166,-0.009901,-0.646270,-0.115940,0.036872,-0.656376,-0.019671,0.274557,-0.796723,-0.102327,0.192311,-0.877517,-0.174492,0.116558,-0.626694,-0.118088,0.151822,-0.601431,-0.048907,0.326707,0.111021,0.392397,0.184388,0.514322,0.342461,0.668509,0.999998,0.002100
T,0.000000,0.000000,0.000000,-0.202559,-0.278305,-0.087482,-0.291675,-0.677209,-0.125643,-0.198848,-1.063322,-0.170467,-0.107427,-1.348894,-0.184932,-0.160141,-1.076005,0.021568,-0.206827,-1.425744,-0.158345,-0.242275,-1.130270,-0.239658,-0.230812,-0.987643,-0.260021,0.000000,-0.999902,0.014027,-0.037346,-1.218781,-0.151561,-0.102116,-0.780339,-0.164574,-0.084604,-0.818384,-0.127425,0.151927,-0.901481,-0.029653,0.124274,-1.109585,-0.197939,0.038074,-0.694511,-0.135859,0.056077,-0.702496,-0.044437,0.298401,-0.788143,-0.084252,0.262121,-0.931742,-0.170155,0.175076,-0.655577,-0.118204,0.180253,-0.614926,-0.048112,0.346250,0.128425,0.415838,0.151507,0.539958,0.333352,0.699482,0.999924,-0.012312
T,0.000000,0.000000,0.000000,-0.199386,-0.277960,-0.088754,-0.290349,-0.679090,-0.128959,-0.200502,-1.063980,-0.174818,-0.106300,-1.347234,-0.190062,-0.161101,-1.075182,0.010062,-0.213470,-1.425220,-0.170983,-0.250320,-1.127037,-0.250486,-0.239174,-0.980564,-0.269390,0.000000,-0.999993,0.003852,-0.044898,-1.209610,-0.161719,-0.107075,-0.771499,-0.170971,-0.086518,-0.811687,-0.131620,0.151308,-0.900374,-0.038116,0.116034,-1.093968,-0.204698,0.034684,-0.683593,-0.139702,0.058192,-0.698399,-0.046996,0.297312,-0.785143,-0.091092,0.255773,-0.925684,-0.174036,0.172884,-0.653163,-0.120611,0.183857,-0.616769,-0.050253,0.342148,0.133907,0.411678,0.153343,0.537712,0.337329,0.699031,0.999991,-0.004305
T,0.000000,0.000000,0.000000,-0.199034,-0.278554,-0.087852,-0.290409,-0.678084,-0.128086,-0.201973,-1.062397,-0.174448,-0.108562,-1.346584,-0.190245,-0.160698,-1.075203,0.012312,-0.215267,-1.424631,-0.168232,-0.252336,-1.128798,-0.247426,-0.240056,-0.981380,-0.266040,0.000000,-0.999985,0.005517,-0.046654,-1.207683,-0.159745,-0.108362,-0.771261,-0.168974,-0.086068,-0.811898,-0.129495,0.151275,-0.899673,-0.037090,0.114190,-1.091163,-0.203324,0.033143,-0.683401,-0.138699,0.057873,-0.699056,-0.046243,0.297363,-0.783614,-0.090655,0.254149,-0.922274,-0.173056,0.171551,-0.652412,-0.119761,0.183867,-0.617503,-0.049537,0.342630,0.134022,0.412601,0.155101,0.539166,0.339160,0.701162,0.999996,-0.002703
T,0.000000,0.000000,0.000000,-0.193778,-0.262554,-0.098232,-0.288060,-0.659794,-0.143833,-0.203632,-1.043809,-0.192684,-0.107082,-1.326474,-0.209622,-0.158338,-1.070241,-0.004656,-0.215306,-1.411998,-0.182517,-0.250395,-1.119355,-0.253405,-0.234693,-0.971102,-0.265911,0.000000,-0.999982,-0.005927,-0.047198,-1.188935,-0.166821,-0.105942,-0.751083,-0.165811,-0.079678,-0.799662,-0.119729,0.149168,-0.902657,-0.043644,0.113212,-1.067207,-0.206702,0.034050,-0.665385,-0.138028,0.061034,-0.691040,-0.044095,0.293696,-0.788053,-0.093419,0.251799,-0.906243,-0.173229,0.171255,-0.641992,-0.120208,0.183869,-0.613463,-0.051205,0.332105,0.140576,0.399443,0.155997,0.522334,0.340231,0.681192,1.000000,-0.000642
T,0.000000,0.000000,0.000000,-0.191663,-0.258334,-0.099751,-0.283692,-0.665030,-0.144309,-0.197286,-1.052300,-0.191513,-0.101849,-1.336454,-0.206586,-0.159106,-1.071808,-0.005782,-0.213301,-1.412701,-0.183717,-0.246342,-1.108313,-0.254173,-0.229833,-0.962971,-0.266481,-0.000000,-0.999981,-0.006236,-0.043461,-1.196631,-0.167833,-0.105322,-0.754017,-0.166947,-0.082749,-0.802855,-0.120626,0.149307,-0.900580,-0.043221,0.117114,-1.072804,-0.208113,0.035646,-0.663384,-0.139397,0.060137,-0.688204,-0.044612,0.294403,-0.786193,-0.092117,0.254470,-0.912626,-0.173979,0.173159,-0.644193,-0.121103,0.184840,-0.614982,-0.051663,0.337102,0.136961,0.404632,0.156402,0.528917,0.342722,0.687681,0.999996,-0.002989
T,0.000000,0.000000,0.000000,-0.191921,-0.258452,-0.100508,-0.283361,-0.663132,-0.145293,-0.196587,-1.048859,-0.192483,-0.101472,-1.332106,-0.207571,-0.158916,-1.070256,-0.006420,-0.214318,-1.409997,-0.183476,-0.248507,-1.108954,-0.253374,-0.232308,-0.962535,-0.265319,0.000000,-0.999980,-0.006382,-0.043668,-1.191593,-0.167355,-0.105520,-0.751271,-0.166493,-0.082731,-0.799424,-0.120272,0.148877,-0.901049,-0.042820,0.117292,-1.069464,-0.207425,0.035951,-0.662456,-0.139452,0.060129,-0.687699,-0.045260,0.293496,-0.786142,-0.091246,0.255042,-0.909333,-0.173119,0.173477,-0.642205,-0.120790,0.183891,-0.613523,-0.051725,0.335152,0.139218,0.401349,0.157170,0.525003,0.341817,0.683819,0.999998,-0.001864
A,0.000000,0.000000,0.000000,-0.249746,-0.283125,-0.098116,-0.354973,-0.716007,-0.108907,-0.347750,-1.123661,-0.115499,-0.341272,-1.415897,-0.089018,-0.177411,-1.060050,0.058926,-0.180336,-1.267124,-0.052676,-0.199056,-0.900822,-0.108685,-0.184564,-0.894893,-0.134774,0.000000,-0.997033,0.076980,-0.022199,-1.212444,-0.051461,-0.086669,-0.798578,-0.080360,-0.067534,-0.863789,-0.069746,0.154447,-0.902502,0.065190,0.143645,-1.120992,-0.066005,0.055412,-0.741834,-0.023931,0.079653,-0.760747,0.039569,0.295240,-0.826975,0.043487,0.291377,-0.959830,-0.008825,0.198038,-0.714468,0.033590,0.209168,-0.698749,0.082528,0.418767,0.222159,0.565217,0.380278,0.730132,0.568017,0.877231,0.997382,-0.072312
A,0.000000,0.000000,0.000000,-0.256341,-0.288813,-0.077584,-0.357814,-0.706977,-0.081055,-0.342275,-1.105101,-0.084903,-0.340959,-1.388802,-0.056874,-0.177629,-1.055968,0.077297,-0.193245,-1.258108,-0.031539,-0.208123,-0.884637,-0.091403,-0.184292,-0.882098,-0.121239,0.000000,-0.996301,0.085936,-0.036829,-1.205398,-0.041308,-0.096995,-0.797368,-0.075951,-0.069226,-0.859507,-0.070279,0.154268,-0.906449,0.067102,0.128697,-1.125242,-0.057505,0.042257,-0.749305,-0.015231,0.074856,-0.764730,0.046591,0.294962,-0.833762,0.039624,0.276276,-0.963813,-0.004049,0.183535,-0.724351,0.042844,0.203724,-0.708683,0.093868,0.394281,0.198852,0.539171,0.355491,0.702342,0.538555,0.849574,0.996553,-0.082954
A,0.000000,0.000000,0.000000,-0.256096,-0.282442,-0.079320,-0.361266,-0.700544,-0.085302,-0.349496,-1.101811,-0.091695,-0.346714,-1.388860,-0.066778,-0.178253,-1.056797,0.071710,-0.198026,-1.263143,-0.038695,-0.211216,-0.887183,-0.098523,-0.186501,-0.877877,-0.127705,-0.000000,-0.996770,0.080308,-0.039698,-1.210324,-0.046285,-0.098455,-0.798168,-0.078540,-0.070277,-0.854577,-0.071285,0.154778,-0.905728,0.061274,0.128171,-1.128436,-0.063311,0.042023,-0.747410,-0.018725,0.074323,-0.758588,0.044823,0.295259,-0.830213,0.033454,0.275938,-0.967901,-0.010378,0.184113,-0.724414,0.038087,0.204033,-0.704081,0.090355,0.397270,0.196727,0.543672,0.355744,0.708030,0.541616,0.856890,0.996971,-0.077770
A,0.000000,0.000000,0.000000,-0.256373,-0.281876,-0.083454,-0.359479,-0.711991,-0.090563,-0.341811,-1.117049,-0.096956,-0.343093,-1.405174,-0.072152,-0.179094,-1.060603,0.058829,-0.188148,-1.271173,-0.053604,-0.203685,-0.892957,-0.112123,-0.183168,-0.884799,-0.140536,0.000000,-0.997696,0.067837,-0.029169,-1.217764,-0.060679,-0.091213,-0.803101,-0.090287,-0.065398,-0.859064,-0.081161,0.155685,-0.907283,0.049249,0.139447,-1.137099,-0.077501,0.051210,-0.753057,-0.030549,0.080844,-0.764287,0.034619,0.297522,-0.832233,0.021414,0.288809,-0.976451,-0.024840,0.195228,-0.729489,0.024418,0.211258,-0.707865,0.077228,0.403461,0.205690,0.550770,0.365790,0.715132,0.552031,0.864525,0.997208,-0.074672
A,0.000000,0.000000,0.000000,-0.236626,-0.254455,-0.077269,-0.329215,-0.705054,-0.088943,-0.314822,-1.144296,-0.104903,-0.294529,-1.453806,-0.095631,-0.157096,-1.052794,0.064250,-0.102366,-1.368705,-0.048521,-0.140165,-1.013875,-0.105392,-0.157050,-0.893468,-0.128587,0.000000,-0.998305,0.058206,0.040231,-1.310184,-0.057332,-0.039856,-0.894283,-0.086647,-0.056874,-0.856381,-0.078999,0.143736,-0.903632,0.024411,0.200544,-1.213518,-0.105491,0.098945,-0.811791,-0.066461,0.070662,-0.733591,-0.006628,0.284755,-0.785840,-0.017152,0.323284,-0.986678,-0.087224,0.227988,-0.712149,-0.046506,0.188608,-0.621973,0.003204,0.453057,0.215380,0.563822,0.366277,0.713567,0.550394,0.887642,0.997679,-0.068085
A,0.000000,0.000000,0.000000,-0.226341,-0.256914,-0.082359,-0.325606,-0.695859,-0.096250,-0.314789,-1.135392,-0.113956,-0.292330,-1.446844,-0.104148,-0.158636,-1.050002,0.068998,-0.112253,-1.364747,-0.050811,-0.144552,-1.004395,-0.111184,-0.156348,-0.889691,-0.134639,0.000000,-0.997801,0.066278,0.032859,-1.308475,-0.052427,-0.041972,-0.887667,-0.079647,-0.054734,-0.868978,-0.068145,0.144167,-0.912100,0.033240,0.194069,-1.217666,-0.097937,0.097762,-0.814236,-0.055270,0.077934,-0.752094,0.008950,0.286219,-0.807682,-0.008742,0.320686,-1.010192,-0.076023,0.227852,-0.735399,-0.032627,0.196663,-0.655294,0.019997,0.453142,0.204969,0.562264,0.357168,0.703815,0.537722,0.867380,0.997235,-0.074317
A,0.000000,0.000000,0.000000,-0.226318,-0.257353,-0.082844,-0.325026,-0.694857,-0.097801,-0.315132,-1.132250,-0.116606,-0.293458,-1.443093,-0.108451,-0.157986,-1.048436,0.065772,-0.113949,-1.362415,-0.052381,-0.145113,-1.002744,-0.111783,-0.156492,-0.886827,-0.135188,0.000000,-0.998020,0.062901,0.031356,-1.306692,-0.054480,-0.042158,-0.887135,-0.081135,-0.054645,-0.863804,-0.069911,0.143988,-0.911403,0.030073,0.193524,-1.215214,-0.100311,0.098003,-0.813742,-0.058128,0.077115,-0.748647,0.005236,0.285748,-0.803833,-0.011687,0.321142,-1.006671,-0.079656,0.227797,-0.735150,-0.037271,0.193606,-0.652681,0.014403,0.452173,0.204638,0.559973,0.356402,0.702312,0.537724,0.868042,0.997431,-0.071640
A,0.000000,0.000000,0.000000,-0.227527,-0.259893,-0.082504,-0.326760,-0.704529,-0.096465,-0.314742,-1.144631,-0.114876,-0.295027,-1.456405,-0.105736,-0.156736,-1.053901,0.067533,-0.115539,-1.373814,-0.056594,-0.145928,-1.008460,-0.118763,-0.157549,-0.888597,-0.141738,0.000000,-0.997924,0.064403,0.030664,-1.309367,-0.056161,-0.042211,-0.885711,-0.082751,-0.055963,-0.867606,-0.069936,0.144163,-0.912187,0.030392,0.192150,-1.219270,-0.102444,0.097888,-0.812420,-0.058957,0.078090,-0.751377,0.006591,0.286357,-0.808621,-0.012742,0.321949,-1.011725,-0.081010,0.229876,-0.735855,-0.037131,0.198065,-0.654397,0.016458,0.459517,0.203598,0.571133,0.360766,0.712454,0.541835,0.875373,0.997625,-0.068886
A,0.000000,0.000000,0.000000,-0.228788,-0.261879,-0.082515,-0.327504,-0.702171,-0.095041,-0.313652,-1.142680,-0.111179,-0.292488,-1.453843,-0.099149,-0.158200,-1.055825,0.068969,-0.113374,-1.370050,-0.052839,-0.145590,-1.003924,-0.115121,-0.157376,-0.897811,-0.139839,0.000000,-0.997763,0.066852,0.032558,-1.307135,-0.054005,-0.043120,-0.884016,-0.082792,-0.056186,-0.871268,-0.072109,0.144503,-0.911303,0.034280,0.193336,-1.216542,-0.098298,0.096466,-0.809238,-0.056281,0.078523,-0.752761,0.007963,0.286646,-0.809183,-0.007246,0.321288,-1.009052,-0.074286,0.226573,-0.733050,-0.030633,0.195761,-0.655023,0.022463,0.452454,0.203095,0.566669,0.359466,0.709305,0.540682,0.871452,0.997375,-0.072402
A,0.000000,0.000000,0.000000,-0.227795,-0.257977,-0.082737,-0.327496,-0.700729,-0.095441,-0.313771,-1.139418,-0.111737,-0.290328,-1.448789,-0.100079,-0.157424,-1.054711,0.068258,-0.113406,-1.364810,-0.053237,-0.145579,-1.001930,-0.114733,-0.156284,-0.896650,-0.139025,0.000000,-0.997842,0.065657,0.031802,-1.305152,-0.055429,-0.043560,-0.882757,-0.083246,-0.055040,-0.869807,-0.071476,0.144117,-0.911954,0.032470,0.192018,-1.213780,-0.100315,0.095626,-0.807992,-0.058078,0.078571,-0.752987,0.006463,0.286487,-0.809965,-0.009751,0.320215,-1.009406,-0.077239,0.226228,-0.733658,-0.033777,0.196564,-0.656397,0.019253,0.448664,0.201365,0.561348,0.355518,0.703209,0.536551,0.865431,0.997398,-0.072092
A,0.000000,0.000000,0.000000,-0.232502,-0.277127,-0.084043,-0.335715,-0.724033,-0.095330,-0.322460,-1.162990,-0.110465,-0.289918,-1.467973,-0.096627,-0.158992,-1.062367,0.076967,-0.118877,-1.371708,-0.049104,-0.153064,-1.001156,-0.113800,-0.164207,-0.895816,-0.138669,0.000000,-0.997177,0.075082,0.030022,-1.307221,-0.050656,-0.046405,-0.878805,-0.079931,-0.058012,-0.864392,-0.066703,0.145516,-0.908454,0.041038,0.190961,-1.208544,-0.095833,0.092073,-0.795550,-0.053357,0.076074,-0.738847,0.014049,0.290860,-0.804345,-0.002347,0.321491,-1.002141,-0.069428,0.226377,-0.721992,-0.024558,0.199602,-0.644774,0.030613,0.460209,0.201941,0.578951,0.360993,0.722229,0.546396,0.886901,0.998343,-0.057536
A,0.000000,0.000000,0.000000,-0.235074,-0.279797,-0.086513,-0.343276,-0.728887,-0.096772,-0.329202,-1.165304,-0.109455,-0.288084,-1.464294,-0.091991,-0.161635,-1.067579,0.078402,-0.119303,-1.361300,-0.047520,-0.155839,-0.994185,-0.113601,-0.167402,-0.906157,-0.140788,0.000000,-0.996909,0.078561,0.028818,-1.295177,-0.049094,-0.048898,-0.870597,-0.080671,-0.059287,-0.870856,-0.069688,0.146760,-0.905129,0.046156,0.190832,-1.194187,-0.091359,0.090780,-0.788542,-0.051048,0.077881,-0.749249,0.014035,0.293746,-0.802876,0.004221,0.323235,-0.989095,-0.061569,0.228580,-0.713606,-0.018105,0.206851,-0.650506,0.035088,0.449895,0.202663,0.574916,0.361756,0.721692,0.549835,0.886147,0.998463,-0.055427
B,0.000000,0.000000,0.000000,-0.137903,-0.320567,-0.132209,-0.138946,-0.715341,-0.158110,0.033409,-0.944920,-0.174315,0.175700,-0.910580,-0.184635,-0.123587,-0.989668,0.065988,-0.103260,-1.374223,0.076843,-0.082657,-1.612819,0.046315,-0.060985,-1.812279,0.012327,0.000000,-0.994887,0.100999,0.018009,-1.400921,0.126505,0.034677,-1.681828,0.084352,0.057235,-1.917902,0.044369,0.109507,-0.941686,0.109278,0.132729,-1.303440,0.127774,0.142650,-1.561779,0.078113,0.153667,-1.768290,0.033411,0.222686,-0.867060,0.097296,0.246281,-1.160490,0.111873,0.254391,-1.353685,0.093413,0.265496,-1.516018,0.069352,0.398295,0.600960,0.345781,0.601754,0.302876,0.503771,0.289113,0.995564,-0.094091
B,0.000000,0.000000,0.000000,-0.141301,-0.329403,-0.117437,-0.144247,-0.716708,-0.138741,0.022462,-0.938865,-0.153287,0.166208,-0.914917,-0.163469,-0.125113,-0.988343,0.069226,-0.105463,-1.372030,0.072671,-0.085795,-1.608090,0.035863,-0.064764,-1.813034,-0.003241,0.000000,-0.995573,0.093995,0.016445,-1.399227,0.108370,0.034386,-1.679936,0.054491,0.056744,-1.921319,0.005095,0.109656,-0.942519,0.093762,0.132636,-1.303910,0.100163,0.143084,-1.562265,0.038832,0.154258,-1.772466,-0.013926,0.222039,-0.865947,0.075706,0.241993,-1.151337,0.078619,0.247213,-1.345213,0.051127,0.256013,-1.511991,0.020473,0.380008,0.581824,0.316888,0.575223,0.264816,0.471110,0.250440,0.996228,-0.086773
B,0.000000,0.000000,0.000000,-0.138942,-0.334199,-0.123761,-0.140071,-0.722755,-0.142327,0.026133,-0.938974,-0.152262,0.165977,-0.914281,-0.157158,-0.123564,-0.989768,0.074518,-0.105347,-1.371038,0.085801,-0.086146,-1.607008,0.054299,-0.065392,-1.810223,0.019021,-0.000000,-0.994354,0.106113,0.015330,-1.396046,0.130299,0.032428,-1.676108,0.082195,0.055076,-1.916242,0.036643,0.108413,-0.941323,0.111592,0.130475,-1.299540,0.126294,0.140232,-1.555873,0.068461,0.151260,-1.765224,0.017590,0.220475,-0.867680,0.098230,0.238317,-1.152719,0.107180,0.243091,-1.342372,0.081830,0.251440,-1.506492,0.052417,0.378426,0.584185,0.321359,0.580881,0.276173,0.479614,0.265264,0.996403,-0.084740
B,0.000000,0.000000,0.000000,-0.137838,-0.334606,-0.122829,-0.139025,-0.723927,-0.142054,0.027237,-0.941144,-0.153030,0.167505,-0.910943,-0.158955,-0.122782,-0.990856,0.073664,-0.102281,-1.369909,0.083409,-0.081576,-1.604442,0.051165,-0.059396,-1.806719,0.015571,0.000000,-0.994543,0.104326,0.016978,-1.394144,0.126986,0.035326,-1.672208,0.079114,0.058847,-1.912667,0.034081,0.107799,-0.940157,0.108974,0.131271,-1.296794,0.122482,0.142018,-1.552758,0.065756,0.154164,-1.760774,0.016096,0.218904,-0.864427,0.094810,0.236599,-1.149360,0.103020,0.241800,-1.339350,0.078372,0.251439,-1.503562,0.049869,0.380478,0.584957,0.323053,0.581295,0.276051,0.478957,0.263062,0.996431,-0.084408
B,0.000000,0.000000,0.000000,-0.144515,-0.247922,-0.179871,-0.159726,-0.584962,-0.257029,-0.003173,-0.794189,-0.314549,0.152821,-0.860859,-0.371332,-0.129618,-1.002630,-0.108462,-0.100079,-1.403820,-0.174285,-0.072776,-1.658234,-0.245456,-0.039368,-1.870271,-0.305463,-0.000000,-0.996965,-0.077846,0.030124,-1.437578,-0.134254,0.058793,-1.726251,-0.216025,0.084704,-1.978565,-0.283470,0.112475,-0.920071,-0.070809,0.165029,-1.329270,-0.135828,0.194460,-1.590129,-0.229899,0.218618,-1.824400,-0.302150,0.217546,-0.808082,-0.081720,0.261886,-1.088469,-0.148900,0.284022,-1.275027,-0.213904,0.309978,-1.452335,-0.268240,0.411062,0.630550,0.357789,0.635504,0.308946,0.524423,0.301413,0.999992,-0.003889
B,0.000000,0.000000,0.000000,-0.135850,-0.257685,-0.146310,-0.153023,-0.602244,-0.210297,0.000231,-0.812551,-0.259620,0.154603,-0.859831,-0.307958,-0.123056,-0.994408,-0.088049,-0.095523,-1.391714,-0.150355,-0.071879,-1.636127,-0.218359,-0.044249,-1.849854,-0.275780,0.000000,-0.997626,-0.068859,0.023226,-1.425823,-0.121222,0.048417,-1.704851,-0.195062,0.070122,-1.952509,-0.256147,0.107697,-0.925913,-0.069070,0.140815,-1.310722,-0.123248,0.162397,-1.564409,-0.198672,0.180147,-1.792332,-0.257852,0.212244,-0.808369,-0.085139,0.241484,-1.087731,-0.137893,0.253777,-1.272966,-0.185797,0.269069,-1.444708,-0.226853,0.378900,0.608524,0.316319,0.610309,0.252258,0.487453,0.235837,1.000000,-0.000009
B,0.000000,0.000000,0.000000,-0.127505,-0.253690,-0.103727,-0.151919,-0.602367,-0.149224,-0.001095,-0.833631,-0.187497,0.152498,-0.872663,-0.225593,-0.119784,-0.972806,-0.056436,-0.104492,-1.367024,-0.111968,-0.089857,-1.607579,-0.173979,-0.071343,-1.824379,-0.227546,-0.000000,-0.998506,-0.054651,0.011496,-1.415785,-0.099895,0.026541,-1.688179,-0.165056,0.038764,-1.938513,-0.219571,0.105872,-0.938435,-0.067836,0.128421,-1.313455,-0.112731,0.141849,-1.562969,-0.173102,0.151573,-1.783428,-0.221598,0.209238,-0.817899,-0.093645,0.230236,-1.099573,-0.137783,0.236070,-1.288994,-0.173216,0.243032,-1.459432,-0.203823,0.335828,0.568637,0.261368,0.575034,0.177164,0.455648,0.153716,0.999331,-0.036584
C,0.000000,0.000000,0.000000,-0.204913,-0.279773,0.215668,-0.350577,-0.478010,0.266123,-0.502720,-0.534517,0.247275,-0.653345,-0.589973,0.214208,-0.045475,-1.020825,0.273796,-0.072098,-1.399668,0.245416,-0.194546,-1.530060,0.204570,-0.320838,-1.528984,0.176042,0.000000,-0.995265,0.097201,-0.004133,-1.504508,0.046327,-0.163515,-1.595595,0.000377,-0.301688,-1.550541,-0.022798,0.004941,-0.948176,-0.084054,0.000030,-1.437654,-0.133931,-0.152239,-1.561933,-0.153104,-0.286808,-1.567333,-0.160144,-0.036920,-0.875142,-0.252288,-0.096577,-1.232131,-0.310274,-0.204991,-1.406831,-0.334204,-0.301418,-1.532345,-0.348018,0.747456,0.997210,0.777696,1.134035,0.806604,1.125462,0.823966,0.988542,-0.150947
C,0.000000,0.000000,0.000000,-0.206187,-0.292921,0.205878,-0.353887,-0.488766,0.243704,-0.506264,-0.547747,0.212003,-0.653176,-0.610751,0.164894,-0.044984,-1.028812,0.251698,-0.070621,-1.411540,0.213555,-0.190382,-1.542353,0.162489,-0.316950,-1.547454,0.124493,0.000000,-0.997425,0.071713,-0.004610,-1.513814,0.008104,-0.163563,-1.610233,-0.052102,-0.304840,-1.573063,-0.088118,0.004312,-0.943964,-0.112501,0.001839,-1.444494,-0.168775,-0.150371,-1.571380,-0.197245,-0.285561,-1.574670,-0.214111,-0.038461,-0.861864,-0.284679,-0.096263,-1.224056,-0.343709,-0.204792,-1.399023,-0.370341,-0.301505,-1.518183,-0.389444,0.743106,0.991464,0.764747,1.122829,0.787571,1.111534,0.801903,0.987272,-0.159039
C,0.000000,0.000000,0.000000,-0.203615,-0.297382,0.199561,-0.351270,-0.500867,0.236035,-0.501809,-0.556389,0.204026,-0.644409,-0.618119,0.157742,-0.046160,-1.023833,0.255676,-0.074892,-1.403800,0.219501,-0.192728,-1.527121,0.168490,-0.319705,-1.530851,0.130955,-0.000000,-0.996745,0.080623,-0.009889,-1.503683,0.018820,-0.167467,-1.595260,-0.041469,-0.307320,-1.547391,-0.076588,0.003432,-0.945009,-0.099211,-0.004053,-1.443809,-0.151302,-0.156846,-1.560118,-0.176955,-0.291208,-1.556874,-0.190967,-0.041529,-0.859691,-0.267930,-0.103291,-1.220114,-0.318570,-0.210717,-1.389593,-0.339248,-0.306350,-1.506913,-0.353991,0.729449,0.972347,0.751377,1.098243,0.769792,1.089646,0.776542,0.987691,-0.156416
C,0.000000,0.000000,0.000000,-0.202193,-0.259199,0.242538,-0.329294,-0.455278,0.302794,-0.453324,-0.552738,0.281281,-0.584275,-0.640826,0.245739,-0.048291,-0.977686,0.336799,-0.095495,-1.303720,0.317122,-0.223986,-1.360304,0.271790,-0.346024,-1.286901,0.241897,0.000000,-0.989085,0.147345,-0.045915,-1.409140,0.125041,-0.217973,-1.444265,0.082258,-0.355846,-1.331416,0.055328,0.018903,-0.970980,-0.047121,-0.020650,-1.378058,-0.066003,-0.201819,-1.416138,-0.071934,-0.341410,-1.316190,-0.076179,0.011693,-0.932746,-0.230501,-0.045490,-1.263580,-0.250204,-0.187626,-1.338267,-0.247850,-0.309332,-1.315288,-0.246695,0.639566,0.826698,0.687272,0.945889,0.747390,0.978962,0.816823,0.982547,-0.186014
C,0.000000,0.000000,0.000000,-0.204442,-0.290032,0.243557,-0.339505,-0.489492,0.282836,-0.472265,-0.573853,0.237283,-0.613949,-0.672452,0.176129,-0.040711,-1.013281,0.304367,-0.098711,-1.369697,0.267827,-0.237501,-1.443399,0.214668,-0.368625,-1.382418,0.179804,0.000000,-0.994963,0.100246,-0.059077,-1.472441,0.053891,-0.244156,-1.511543,0.003694,-0.382816,-1.411519,-0.025451,0.005046,-0.956650,-0.107412,-0.051625,-1.408245,-0.140632,-0.238112,-1.454715,-0.142274,-0.375596,-1.361315,-0.141553,-0.022339,-0.890837,-0.303760,-0.093891,-1.251312,-0.324312,-0.237414,-1.345422,-0.313668,-0.358481,-1.338324,-0.307122,0.679126,0.871796,0.697642,0.981227,0.737779,0.978743,0.792457,0.985619,-0.168983
C,0.000000,0.000000,0.000000,-0.206511,-0.294174,0.237572,-0.341356,-0.492787,0.271210,-0.475972,-0.575208,0.221504,-0.617287,-0.669522,0.155547,-0.041408,-1.014289,0.285752,-0.097422,-1.363745,0.239921,-0.239854,-1.424104,0.177060,-0.376467,-1.348152,0.134710,0.000000,-0.996610,0.082271,-0.067307,-1.455448,0.028173,-0.257297,-1.484491,-0.033332,-0.401272,-1.372689,-0.073945,0.005722,-0.951505,-0.124292,-0.048549,-1.398057,-0.163887,-0.239923,-1.441621,-0.179920,-0.383649,-1.340699,-0.192205,-0.020803,-0.878651,-0.319073,-0.089724,-1.232237,-0.345068,-0.236671,-1.315701,-0.343427,-0.362801,-1.294544,-0.345970,0.683706,0.871392,0.702424,0.967668,0.738895,0.977888,0.790438,0.984428,-0.175787
D,0.000000,0.000000,0.000000,-0.220426,-0.276991,0.195924,-0.334518,-0.454969,0.209816,-0.435029,-0.531424,0.157564,-0.501763,-0.681982,0.089182,-0.050404,-1.043814,0.173135,-0.011956,-1.417427,0.135655,0.045314,-1.687777,0.081114,0.094450,-1.908421,0.033899,-0.000000,-0.999775,0.021215,-0.274822,-1.197787,-0.012205,-0.422843,-1.024132,-0.039397,-0.466452,-0.866536,-0.065804,-0.006979,-0.913073,-0.124914,-0.276917,-1.118589,-0.147500,-0.407402,-0.934235,-0.120276,-0.440393,-0.742313,-0.106688,-0.050498,-0.810785,-0.261145,-0.252073,-0.977038,-0.282837,-0.374763,-0.864459,-0.258470,-0.434141,-0.708072,-0.238124,0.584547,0.884845,0.597811,0.572570,0.586559,0.545160,0.585628,0.991445,-0.130522
D,0.000000,0.000000,0.000000,-0.222149,-0.272313,0.150829,-0.340363,-0.450441,0.144681,-0.447804,-0.522562,0.078259,-0.505101,-0.680708,-0.001577,-0.051396,-1.031785,0.147995,-0.027985,-1.400812,0.104528,0.029470,-1.652903,0.048143,0.077409,-1.863692,0.000274,0.000000,-0.999894,0.014572,-0.280624,-1.175467,-0.039780,-0.423965,-0.979427,-0.081262,-0.463160,-0.809214,-0.112221,-0.003393,-0.915103,-0.116469,-0.268269,-1.111215,-0.158323,-0.405135,-0.922364,-0.146268,-0.445588,-0.728651,-0.137491,-0.042679,-0.810061,-0.240136,-0.233998,-0.984111,-0.272918,-0.356966,-0.870936,-0.256591,-0.417592,-0.707467,-0.239484,0.592853,0.870315,0.597719,0.544643,0.565554,0.515747,0.536169,0.991675,-0.128766
D,0.000000,0.000000,0.000000,-0.221386,-0.277354,0.184240,-0.335972,-0.450742,0.188984,-0.443953,-0.520128,0.126421,-0.512536,-0.680595,0.047708,-0.046697,-1.037978,0.175290,-0.022815,-1.404059,0.136110,0.034347,-1.658663,0.078589,0.081039,-1.874190,0.028768,0.000000,-0.999742,0.022713,-0.269619,-1.184014,-0.022459,-0.417157,-0.991458,-0.064391,-0.463150,-0.830981,-0.099000,-0.007337,-0.914459,-0.125007,-0.263012,-1.124875,-0.159128,-0.401261,-0.928369,-0.145252,-0.443341,-0.737443,-0.138643,-0.048608,-0.814935,-0.262909,-0.235368,-0.998292,-0.288603,-0.358343,-0.880523,-0.267024,-0.419797,-0.712592,-0.248650,0.600838,0.878089,0.604295,0.563350,0.582879,0.549934,0.574247,0.989995,-0.141101
D,0.000000,0.000000,0.000000,-0.220164,-0.263791,0.163787,-0.332244,-0.440701,0.165581,-0.439914,-0.515631,0.105568,-0.509584,-0.671027,0.031415,-0.050565,-1.024694,0.162608,-0.024483,-1.387347,0.121008,0.031741,-1.642312,0.063347,0.080007,-1.860160,0.014336,0.000000,-0.999714,0.023913,-0.271694,-1.178444,-0.023631,-0.416776,-0.988939,-0.065223,-0.458517,-0.826952,-0.098382,-0.006033,-0.921198,-0.111591,-0.265630,-1.125856,-0.148380,-0.402667,-0.931757,-0.136692,-0.442246,-0.740684,-0.130158,-0.049273,-0.821041,-0.238833,-0.241750,-0.990131,-0.267343,-0.361984,-0.869521,-0.249913,-0.418694,-0.703182,-0.233602,0.594130,0.869750,0.606438,0.563111,0.580172,0.546544,0.554459,0.990741,-0.135767
D,0.000000,0.000000,0.000000,-0.205893,-0.252783,0.264427,-0.313491,-0.414155,0.315798,-0.408384,-0.484913,0.289571,-0.471067,-0.630912,0.243334,-0.036975,-1.036023,0.253903,-0.026363,-1.392644,0.253498,0.001790,-1.630102,0.222193,0.027567,-1.839709,0.187323,0.000000,-0.997039,0.076897,-0.249845,-1.194284,0.079382,-0.392840,-0.975112,0.066033,-0.426187,-0.815564,0.047318,-0.019381,-0.918638,-0.089096,-0.253410,-1.141897,-0.086622,-0.379575,-0.920014,-0.059909,-0.400503,-0.727694,-0.050903,-0.069410,-0.840125,-0.237701,-0.248112,-1.026157,-0.239787,-0.358748,-0.890628,-0.211190,-0.396890,-0.719010,-0.191852,0.593854,0.882100,0.619398,0.627062,0.630331,0.646028,0.660676,0.988372,-0.152056
D,0.000000,0.000000,0.000000,-0.202721,-0.244257,0.265171,-0.311142,-0.411649,0.325924,-0.405649,-0.479940,0.310158,-0.466240,-0.617215,0.275481,-0.036019,-1.025764,0.266158,-0.030553,-1.382642,0.279240,-0.010129,-1.612824,0.259715,0.011158,-1.817019,0.232287,0.000000,-0.995565,0.094078,-0.243757,-1.178671,0.103714,-0.385306,-0.966297,0.096475,-0.417017,-0.809854,0.083062,-0.017257,-0.923076,-0.066921,-0.245880,-1.134055,-0.059195,-0.370004,-0.919555,-0.029589,-0.390564,-0.730740,-0.018453,-0.065325,-0.850997,-0.210496,-0.243890,-1.020739,-0.208833,-0.353922,-0.883448,-0.179132,-0.390956,-0.712071,-0.158815,0.593371,0.880747,0.627244,0.627882,0.642165,0.653980,0.671982,0.988083,-0.153924
D,0.000000,0.000000,0.000000,-0.205924,-0.251565,0.262202,-0.314327,-0.420204,0.320918,-0.410270,-0.488300,0.303217,-0.471329,-0.627383,0.266514,-0.036049,-1.030009,0.260894,-0.032648,-1.388766,0.267758,-0.008948,-1.623452,0.243391,0.013903,-1.830647,0.213620,0.000000,-0.996094,0.088296,-0.246363,-1.194063,0.093073,-0.388521,-0.973320,0.082512,-0.421345,-0.810439,0.068163,-0.016664,-0.923844,-0.073493,-0.248109,-1.142025,-0.070054,-0.374875,-0.917164,-0.042053,-0.397350,-0.720893,-0.029976,-0.063662,-0.850617,-0.218022,-0.238546,-1.033135,-0.219569,-0.351638,-0.898894,-0.190653,-0.394014,-0.727377,-0.169646,0.592965,0.878719,0.624388,0.633891,0.640479,0.654188,0.671417,0.987947,-0.154794
D,0.000000,0.000000,0.000000,-0.208989,-0.247037,0.266410,-0.317020,-0.414964,0.327644,-0.412509,-0.485587,0.311976,-0.474283,-0.624625,0.277120,-0.038789,-1.027584,0.262862,-0.044189,-1.387179,0.271133,-0.023944,-1.621396,0.248782,-0.004629,-1.827594,0.220968,0.000000,-0.995981,0.089564,-0.250322,-1.193715,0.094458,-0.392236,-0.963113,0.086771,-0.425301,-0.790440,0.075746,-0.014420,-0.922691,-0.072452,-0.250771,-1.128688,-0.069270,-0.375566,-0.895419,-0.039411,-0.397472,-0.696000,-0.025151,-0.061644,-0.848289,-0.216618,-0.239389,-1.017864,-0.216361,-0.350759,-0.878903,-0.185889,-0.392349,-0.708341,-0.163641,0.593493,0.875503,0.630894,0.638270,0.650014,0.651171,0.681230,0.988069,-0.154012
C,0.000000,0.000000,0.000000,-0.218699,-0.241209,0.211778,-0.364145,-0.436871,0.274010,-0.512502,-0.508028,0.264731,-0.659739,-0.584255,0.242616,-0.049047,-0.969492,0.369947,-0.087241,-1.321098,0.395679,-0.182769,-1.452260,0.373502,-0.290638,-1.472049,0.352514,0.000000,-0.978135,0.207972,-0.022030,-1.417029,0.229872,-0.154692,-1.550741,0.195197,-0.280241,-1.537143,0.168520,0.012870,-0.961811,0.037326,-0.011547,-1.396849,0.048500,-0.143908,-1.539958,0.041722,-0.270330,-1.561237,0.032310,-0.014466,-0.923678,-0.124285,-0.078204,-1.260488,-0.133964,-0.188778,-1.411761,-0.133886,-0.294079,-1.511416,-0.135164,0.733189,0.945580,0.769154,1.048974,0.798182,1.057423,0.816212,0.990422,-0.138076
E,0.000000,0.000000,0.000000,-0.194125,-0.245742,-0.114988,-0.208111,-0.658168,-0.144180,-0.033112,-0.964900,-0.177770,0.148033,-1.000174,-0.196927,-0.155973,-0.971417,0.089914,-0.111601,-1.367012,-0.019535,-0.120337,-1.261771,-0.132804,-0.133080,-1.031280,-0.194337,0.000000,-0.994957,0.100306,0.055449,-1.452517,-0.017226,0.054747,-1.327600,-0.150939,0.043355,-1.105543,-0.219228,0.138166,-0.964400,0.078686,0.195059,-1.361130,-0.029689,0.172264,-1.299127,-0.157175,0.135548,-1.069852,-0.218706,0.275633,-0.916375,0.045345,0.316739,-1.210871,-0.030266,0.294912,-1.196780,-0.109073,0.257833,-1.030253,-0.156183,0.418956,0.483164,0.332097,0.495457,0.278100,0.400586,0.286356,0.980869,-0.194668
E,0.000000,0.000000,0.000000,-0.193970,-0.266048,-0.092449,-0.211360,-0.688827,-0.113619,-0.039786,-0.968097,-0.144241,0.140521,-0.942140,-0.160315,-0.152657,-0.980397,0.091274,-0.098067,-1.389711,-0.014806,-0.125756,-1.246039,-0.117616,-0.147140,-1.017470,-0.172917,0.000000,-0.996040,0.088907,0.066698,-1.464039,-0.029073,0.046604,-1.301495,-0.145797,0.030650,-1.072193,-0.198666,0.139785,-0.961528,0.056707,0.199171,-1.353953,-0.045344,0.164907,-1.257861,-0.151623,0.127356,-1.025314,-0.197117,0.280884,-0.909787,0.013220,0.327646,-1.213168,-0.051246,0.290364,-1.179172,-0.114713,0.246235,-1.002458,-0.151080,0.388219,0.527653,0.291142,0.543189,0.217888,0.431566,0.225529,0.983206,-0.182502
E,0.000000,0.000000,0.000000,-0.182961,-0.257406,-0.097728,-0.202566,-0.696332,-0.126824,-0.032786,-0.965106,-0.163068,0.136485,-0.936026,-0.185431,-0.146608,-0.992206,0.054800,-0.098870,-1.399399,-0.051179,-0.110535,-1.247996,-0.148618,-0.123513,-1.013127,-0.200473,0.000000,-0.998548,0.053873,0.057307,-1.458126,-0.055063,0.044883,-1.296747,-0.157296,0.031531,-1.072158,-0.203898,0.131366,-0.942194,0.024747,0.187913,-1.332783,-0.070638,0.156459,-1.233636,-0.163681,0.118527,-1.007992,-0.203935,0.260920,-0.863443,-0.015888,0.307622,-1.163910,-0.076656,0.279915,-1.136257,-0.131517,0.240448,-0.969371,-0.163131,0.375511,0.536777,0.282495,0.543924,0.210331,0.416219,0.222479,0.992774,-0.119999
E,0.000000,0.000000,0.000000,-0.188623,-0.297037,-0.044822,-0.231529,-0.739325,-0.052160,-0.079451,-0.991507,-0.076731,0.074293,-0.860118,-0.086658,-0.139392,-0.987866,0.080644,-0.113887,-1.398717,0.000089,-0.161839,-1.176999,-0.064336,-0.173259,-0.955684,-0.097006,0.000000,-0.997973,0.063639,0.050379,-1.441173,-0.019845,-0.016628,-1.201851,-0.063444,-0.035601,-0.974150,-0.067542,0.127093,-0.947799,0.023557,0.208625,-1.384695,-0.037629,0.120531,-1.190589,-0.053995,0.076831,-0.944708,-0.042950,0.249971,-0.853413,-0.027960,0.314194,-1.175061,-0.056495,0.228804,-1.099046,-0.065269,0.167497,-0.922625,-0.062484,0.299951,0.577084,0.217055,0.585373,0.150410,0.543719,0.185346,0.997226,-0.074438
E,0.000000,0.000000,0.000000,-0.180974,-0.295094,-0.054956,-0.224829,-0.737269,-0.075911,-0.073418,-1.000384,-0.112370,0.082053,-0.865419,-0.134291,-0.139237,-0.986033,0.050973,-0.110412,-1.391432,-0.031712,-0.140174,-1.162588,-0.097267,-0.148782,-0.945778,-0.132734,0.000000,-0.999363,0.035677,0.049649,-1.430919,-0.042816,0.000256,-1.200281,-0.083710,-0.019301,-0.983948,-0.092001,0.128870,-0.947798,-0.001934,0.202047,-1.363086,-0.059584,0.129346,-1.181229,-0.076145,0.084930,-0.943258,-0.069986,0.253431,-0.854909,-0.051674,0.317762,-1.170406,-0.076088,0.242120,-1.106573,-0.084279,0.178289,-0.934717,-0.084816,0.312793,0.569434,0.231437,0.573766,0.162778,0.517350,0.190543,0.996822,-0.079665
E,0.000000,0.000000,0.000000,-0.180844,-0.293480,-0.054591,-0.224971,-0.734087,-0.076496,-0.073568,-0.996461,-0.113652,0.081471,-0.867897,-0.137035,-0.139699,-0.983953,0.044355,-0.112324,-1.390225,-0.038125,-0.140116,-1.164505,-0.102989,-0.148234,-0.949100,-0.138280,0.000000,-0.999593,0.028522,0.048058,-1.432853,-0.048528,0.001540,-1.202922,-0.087808,-0.017012,-0.986484,-0.096004,0.129387,-0.948557,-0.008922,0.201968,-1.366359,-0.065810,0.131818,-1.181096,-0.080345,0.088366,-0.942059,-0.073704,0.254007,-0.854060,-0.058322,0.317441,-1.170987,-0.082688,0.243502,-1.102174,-0.089085,0.180405,-0.928161,-0.088845,0.308687,0.565832,0.226695,0.572823,0.158791,0.517743,0.190147,0.996771,-0.080297
E,0.000000,0.000000,0.000000,-0.179235,-0.292962,-0.056195,-0.221846,-0.733282,-0.078871,-0.069394,-0.992644,-0.116793,0.084729,-0.858402,-0.140530,-0.139391,-0.984823,0.045642,-0.112413,-1.385629,-0.038547,-0.139125,-1.156294,-0.104128,-0.146430,-0.941445,-0.139408,0.000000,-0.999545,0.030149,0.047471,-1.427150,-0.049650,0.002201,-1.192395,-0.089919,-0.015487,-0.976952,-0.097692,0.129102,-0.947397,-0.007501,0.201381,-1.361328,-0.067155,0.131744,-1.174649,-0.083268,0.088172,-0.936825,-0.076486,0.253139,-0.852876,-0.057163,0.317293,-1.167270,-0.083255,0.243679,-1.098512,-0.091127,0.180428,-0.924519,-0.091196,0.317603,0.572043,0.237132,0.577166,0.166090,0.521465,0.187996,0.996746,-0.080604
E,0.000000,0.000000,0.000000,-0.176651,-0.292488,-0.055226,-0.221674,-0.730805,-0.078055,-0.073051,-0.987191,-0.116260,0.081984,-0.853839,-0.140993,-0.137213,-0.984773,0.043259,-0.109151,-1.374266,-0.040415,-0.142937,-1.157025,-0.105252,-0.153622,-0.946002,-0.140226,-0.000000,-0.999630,0.027194,0.048070,-1.418528,-0.052314,0.000289,-1.188721,-0.091470,-0.017102,-0.972136,-0.098396,0.127727,-0.945362,-0.010590,0.198970,-1.352482,-0.070062,0.128699,-1.169325,-0.085707,0.085860,-0.932048,-0.078425,0.250267,-0.847499,-0.060199,0.315745,-1.159135,-0.085862,0.242326,-1.096490,-0.093256,0.179321,-0.925846,-0.092841,0.314865,0.563465,0.237199,0.572615,0.165752,0.517070,0.186781,0.997106,-0.076027
E,0.000000,0.000000,0.000000,-0.177771,-0.288497,-0.055220,-0.224046,-0.728593,-0.077393,-0.074779,-0.990546,-0.114831,0.084097,-0.872779,-0.138660,-0.138999,-0.984013,0.041081,-0.110918,-1.384468,-0.042328,-0.140906,-1.167702,-0.106804,-0.151081,-0.955046,-0.141534,0.000000,-0.999680,0.025282,0.047961,-1.428482,-0.052887,0.002087,-1.197148,-0.091444,-0.016160,-0.979513,-0.098591,0.128677,-0.946674,-0.012059,0.200586,-1.362739,-0.071123,0.131144,-1.176720,-0.085926,0.087144,-0.936482,-0.078675,0.252040,-0.849151,-0.061163,0.317966,-1.165152,-0.088028,0.245168,-1.100068,-0.095584,0.180977,-0.927058,-0.095471,0.307330,0.556000,0.223726,0.563443,0.153218,0.508126,0.186465,0.997257,-0.074021
E,0.000000,0.000000,0.000000,-0.178075,-0.289705,-0.054351,-0.223255,-0.729716,-0.075828,-0.074405,-0.991831,-0.112991,0.085379,-0.881600,-0.136878,-0.138484,-0.982984,0.043254,-0.110537,-1.386417,-0.039986,-0.140864,-1.176333,-0.105053,-0.152212,-0.959437,-0.139740,0.000000,-0.999628,0.027257,0.048115,-1.430196,-0.050154,0.002551,-1.205450,-0.089939,-0.016207,-0.984539,-0.098201,0.128442,-0.947279,-0.010280,0.201576,-1.366732,-0.068827,0.131999,-1.184506,-0.085172,0.087404,-0.941570,-0.079263,0.251970,-0.850131,-0.059509,0.319535,-1.166670,-0.086277,0.246218,-1.103981,-0.094604,0.180600,-0.930179,-0.095207,0.304698,0.550101,0.219455,0.556658,0.148981,0.503474,0.186357,0.997367,-0.072513
E,0.000000,0.000000,0.000000,-0.178299,-0.298264,-0.058872,-0.223806,-0.729565,-0.086029,-0.072254,-0.982281,-0.128779,0.086964,-0.854436,-0.157696,-0.137857,-0.985113,0.037854,-0.111739,-1.391264,-0.049158,-0.140881,-1.155105,-0.114182,-0.148214,-0.948855,-0.149263,0.000000,-0.999758,0.022005,0.044474,-1.437457,-0.062332,-0.000843,-1.185922,-0.101507,-0.016811,-0.972705,-0.107409,0.127520,-0.948273,-0.015721,0.197451,-1.377838,-0.079683,0.128456,-1.174754,-0.091835,0.087060,-0.931024,-0.080551,0.250503,-0.851354,-0.065570,0.309119,-1.165941,-0.093441,0.236096,-1.093182,-0.099139,0.174932,-0.920303,-0.096638,0.325362,0.582622,0.246928,0.592295,0.174948,0.540595,0.187728,0.997850,-0.065537
F,0.000000,0.000000,0.000000,-0.166034,-0.206083,-0.145208,-0.254866,-0.476941,-0.248352,-0.261973,-0.748676,-0.358022,-0.127671,-0.934235,-0.451965,-0.118942,-0.945341,0.003846,-0.140044,-1.191050,-0.150250,-0.148622,-1.094726,-0.262547,-0.143632,-0.937580,-0.302612,0.000000,-0.999983,0.005893,-0.012227,-1.429816,-0.037388,-0.009643,-1.683347,-0.050103,-0.004365,-1.946522,-0.048980,0.129165,-0.961870,-0.039426,0.158468,-1.358527,-0.085702,0.183305,-1.595246,-0.087776,0.191119,-1.807457,-0.079853,0.254742,-0.872367,-0.108825,0.291200,-1.174852,-0.134373,0.318437,-1.365658,-0.129327,0.339803,-1.547710,-0.119536,0.456031,0.396408,0.479851,0.656355,0.486742,0.629323,0.517506,0.996089,-0.088350
F,0.000000,0.000000,0.000000,-0.164876,-0.203920,-0.170204,-0.255493,-0.461142,-0.289736,-0.264529,-0.722320,-0.412952,-0.134439,-0.918493,-0.520125,-0.122527,-0.949951,-0.021894,-0.141906,-1.195017,-0.193816,-0.149375,-1.085284,-0.317081,-0.145270,-0.917716,-0.360810,0.000000,-0.999929,-0.011914,-0.008930,-1.436118,-0.066188,-0.003666,-1.703787,-0.084269,0.000165,-1.982121,-0.085440,0.133624,-0.961775,-0.052526,0.161182,-1.367795,-0.106526,0.185994,-1.610883,-0.111016,0.191149,-1.830470,-0.103451,0.261887,-0.876111,-0.119604,0.297845,-1.179101,-0.150832,0.322379,-1.375252,-0.149111,0.341177,-1.560310,-0.140483,0.499365,0.427784,0.531963,0.699820,0.540721,0.678475,0.565055,0.996041,-0.088892
F,0.000000,0.000000,0.000000,-0.167424,-0.205706,-0.170112,-0.257042,-0.469608,-0.286787,-0.268666,-0.731111,-0.407121,-0.135725,-0.915707,-0.510651,-0.119221,-0.951052,-0.016249,-0.138508,-1.201837,-0.185592,-0.151449,-1.098625,-0.306032,-0.151848,-0.931371,-0.346949,0.000000,-0.999984,-0.005604,-0.010773,-1.436488,-0.056172,-0.007474,-1.706505,-0.068741,-0.005450,-1.981601,-0.064485,0.131992,-0.960828,-0.046229,0.160490,-1.370835,-0.097517,0.187246,-1.616743,-0.097136,0.194270,-1.836923,-0.084975,0.260253,-0.876677,-0.113877,0.300538,-1.180556,-0.144036,0.327367,-1.377116,-0.140156,0.348681,-1.564726,-0.128586,0.495938,0.433061,0.529714,0.702408,0.537956,0.682323,0.561917,0.996193,-0.087170
F,0.000000,0.000000,0.000000,-0.170471,-0.203804,-0.164044,-0.262206,-0.463341,-0.281926,-0.277156,-0.725381,-0.404790,-0.143538,-0.909821,-0.511954,-0.118983,-0.951793,-0.016953,-0.139040,-1.196424,-0.186224,-0.154371,-1.098085,-0.307183,-0.156152,-0.933630,-0.349838,-0.000000,-0.999936,-0.011339,-0.014880,-1.439579,-0.064002,-0.012488,-1.709162,-0.079735,-0.010142,-1.986803,-0.079329,0.132301,-0.960368,-0.055897,0.158191,-1.370650,-0.109110,0.185074,-1.618318,-0.114207,0.192285,-1.842187,-0.107720,0.260498,-0.874924,-0.126511,0.299142,-1.181153,-0.157679,0.326726,-1.379158,-0.156857,0.348459,-1.567548,-0.149579,0.497384,0.433892,0.528526,0.705590,0.535378,0.682413,0.559490,0.996390,-0.084895
F,0.000000,0.000000,0.000000,-0.233300,-0.259786,-0.009265,-0.354813,-0.497705,-0.051340,-0.454893,-0.670741,-0.128083,-0.445170,-0.847675,-0.201723,-0.112923,-0.963332,0.104390,-0.245454,-1.189762,-0.029061,-0.356314,-1.082010,-0.139228,-0.404605,-0.922391,-0.185196,0.000000,-0.999445,0.033322,-0.055250,-1.434817,-0.017297,-0.095647,-1.706224,-0.054856,-0.127790,-1.955121,-0.074753,0.121529,-0.970732,-0.072095,0.103372,-1.405357,-0.125362,0.081980,-1.686417,-0.142020,0.072846,-1.914696,-0.145334,0.223831,-0.907787,-0.188277,0.244664,-1.254256,-0.232130,0.258625,-1.485609,-0.238072,0.280348,-1.696719,-0.233475,0.466336,0.432113,0.525791,0.728550,0.594217,0.785963,0.671831,0.996329,-0.085609
F,0.000000,0.000000,0.000000,-0.192532,-0.230978,-0.022912,-0.314881,-0.483006,-0.064042,-0.415287,-0.664878,-0.129162,-0.422593,-0.835527,-0.192281,-0.105135,-0.935939,0.057127,-0.235288,-1.154784,-0.066596,-0.333723,-1.053359,-0.173682,-0.369843,-0.906565,-0.223634,0.000000,-0.999972,0.007556,-0.058228,-1.396554,-0.047551,-0.106156,-1.657737,-0.092695,-0.139542,-1.885179,-0.120041,0.112543,-0.971485,-0.068333,0.093688,-1.374281,-0.118269,0.069019,-1.639176,-0.136631,0.055794,-1.857186,-0.142103,0.207269,-0.880554,-0.153566,0.227181,-1.211142,-0.185511,0.240035,-1.439036,-0.181203,0.257498,-1.644333,-0.170699,0.416012,0.390903,0.495542,0.684441,0.565879,0.749852,0.632655,0.998207,-0.059863
F,0.000000,0.000000,0.000000,-0.188271,-0.229399,-0.025989,-0.311582,-0.488085,-0.065620,-0.414416,-0.669544,-0.126746,-0.412542,-0.835173,-0.185525,-0.102943,-0.936142,0.050504,-0.231458,-1.154024,-0.071603,-0.328731,-1.046603,-0.179141,-0.364638,-0.897078,-0.231173,0.000000,-0.999988,0.004957,-0.058932,-1.391604,-0.053182,-0.109139,-1.649267,-0.103484,-0.144071,-1.867332,-0.135475,0.109716,-0.967843,-0.065705,0.091047,-1.366056,-0.117652,0.066569,-1.627036,-0.140920,0.054170,-1.845477,-0.150473,0.201327,-0.870408,-0.145222,0.220640,-1.197540,-0.177879,0.233377,-1.423409,-0.176124,0.250233,-1.630882,-0.168596,0.402189,0.383973,0.483361,0.672436,0.552007,0.734878,0.616199,0.998343,-0.057538
F,0.000000,0.000000,0.000000,-0.209106,-0.251366,-0.008119,-0.332169,-0.494784,-0.051197,-0.432052,-0.667855,-0.125136,-0.423867,-0.837859,-0.196940,-0.103831,-0.954728,0.083022,-0.242142,-1.152097,-0.048499,-0.346408,-1.048317,-0.160487,-0.389123,-0.896432,-0.210543,-0.000000,-0.999828,0.018522,-0.063746,-1.405505,-0.035509,-0.108428,-1.667203,-0.075498,-0.140616,-1.902794,-0.098045,0.113478,-0.966573,-0.075339,0.091478,-1.377351,-0.124050,0.067215,-1.645510,-0.133485,0.056591,-1.865588,-0.132854,0.208934,-0.884007,-0.179170,0.226050,-1.216605,-0.212299,0.239202,-1.446177,-0.206093,0.258911,-1.656626,-0.193466,0.440977,0.392179,0.502316,0.691353,0.565769,0.749630,0.634730,0.997976,-0.063597
F,0.000000,0.000000,0.000000,-0.199838,-0.240754,-0.016072,-0.321794,-0.483944,-0.061411,-0.423102,-0.661581,-0.135374,-0.427901,-0.830310,-0.207797,-0.105678,-0.947208,0.070190,-0.240115,-1.154815,-0.057588,-0.342420,-1.053944,-0.166893,-0.382509,-0.902892,-0.216990,0.000000,-0.999941,0.010870,-0.060688,-1.402446,-0.043551,-0.106889,-1.662889,-0.086335,-0.138503,-1.896356,-0.111705,0.113934,-0.967330,-0.076641,0.094961,-1.374408,-0.126227,0.070710,-1.645880,-0.141231,0.059337,-1.866311,-0.144973,0.209800,-0.878851,-0.174019,0.227913,-1.210362,-0.207141,0.240254,-1.441577,-0.202753,0.258122,-1.649743,-0.192300,0.441327,0.403893,0.509597,0.699401,0.574074,0.759000,0.640437,0.998184,-0.060234
F,0.000000,0.000000,0.000000,-0.192879,-0.229980,-0.030465,-0.315736,-0.490949,-0.072075,-0.417187,-0.680825,-0.135238,-0.411778,-0.826942,-0.195747,-0.107253,-0.936665,0.049799,-0.230610,-1.165004,-0.072137,-0.327540,-1.075208,-0.176311,-0.364099,-0.926733,-0.224780,0.000000,-0.999985,0.005494,-0.056802,-1.397392,-0.049836,-0.104921,-1.659225,-0.095432,-0.136033,-1.881371,-0.123303,0.114109,-0.969186,-0.065158,0.093079,-1.370873,-0.116131,0.066730,-1.637046,-0.138060,0.053864,-1.853250,-0.146423,0.210610,-0.875669,-0.145374,0.233105,-1.199675,-0.179479,0.246352,-1.425633,-0.179593,0.263197,-1.627092,-0.172834,0.406285,0.402974,0.489901,0.687540,0.560218,0.746379,0.626321,0.998638,-0.052172
F,0.000000,0.000000,0.000000,-0.187942,-0.215624,-0.065375,-0.307094,-0.487746,-0.116251,-0.395628,-0.695269,-0.176822,-0.374670,-0.851607,-0.231882,-0.117612,-0.932081,-0.004455,-0.221715,-1.195112,-0.135740,-0.290426,-1.083272,-0.246323,-0.303625,-0.921768,-0.301122,0.000000,-0.999659,-0.026104,-0.055632,-1.397665,-0.097641,-0.094968,-1.672492,-0.160434,-0.117674,-1.907447,-0.203918,0.121584,-0.957807,-0.072745,0.097885,-1.348234,-0.139254,0.077497,-1.607840,-0.183165,0.067042,-1.830729,-0.208630,0.228506,-0.839118,-0.128860,0.261758,-1.147147,-0.171391,0.278795,-1.359050,-0.184042,0.294864,-1.555818,-0.189713,0.352531,0.388116,0.452373,0.646518,0.531857,0.691757,0.612038,0.999632,-0.027138
F,0.000000,0.000000,0.000000,-0.185390,-0.208228,-0.067772,-0.308495,-0.479885,-0.123027,-0.403234,-0.692175,-0.188306,-0.366438,-0.832548,-0.247894,-0.117460,-0.934874,-0.007553,-0.222607,-1.195810,-0.137977,-0.295873,-1.079499,-0.246698,-0.311788,-0.915379,-0.300730,0.000000,-0.999555,-0.029823,-0.050993,-1.399038,-0.099579,-0.091236,-1.672194,-0.158804,-0.115192,-1.906239,-0.199649,0.122292,-0.955084,-0.077223,0.095323,-1.354258,-0.141159,0.074545,-1.615206,-0.180154,0.064646,-1.842732,-0.202524,0.230397,-0.832686,-0.134687,0.258079,-1.147812,-0.174666,0.272980,-1.362022,-0.183668,0.287835,-1.564068,-0.186806,0.360866,0.405868,0.457955,0.665142,0.531978,0.704838,0.607477,0.999616,-0.027708
F,0.000000,0.000000,0.000000,-0.185769,-0.214113,-0.072269,-0.311075,-0.485051,-0.132873,-0.407450,-0.700750,-0.203682,-0.365377,-0.847661,-0.269254,-0.117414,-0.935321,-0.012840,-0.224397,-1.193902,-0.149524,-0.301378,-1.091792,-0.262030,-0.323943,-0.934325,-0.317829,0.000000,-0.999373,-0.035412,-0.051786,-1.408073,-0.110161,-0.091231,-1.682940,-0.172852,-0.115435,-1.917971,-0.215888,0.122782,-0.955429,-0.083751,0.096350,-1.357460,-0.151524,0.074436,-1.621765,-0.192777,0.062257,-1.850341,-0.216731,0.229925,-0.835984,-0.142517,0.256954,-1.153236,-0.184502,0.272149,-1.369332,-0.194698,0.286211,-1.572616,-0.198971,0.367312,0.392548,0.459564,0.661598,0.533221,0.697816,0.608755,0.999647,-0.026578
F,0.000000,0.000000,0.000000,-0.206457,-0.265347,0.060533,-0.326295,-0.484613,0.036926,-0.439376,-0.627275,-0.032488,-0.488186,-0.842379,-0.105688,-0.086087,-0.977636,0.127702,-0.248423,-1.168194,0.010569,-0.373104,-1.043773,-0.098645,-0.435357,-0.877140,-0.152769,-0.000000,-0.999812,0.019404,-0.054588,-1.435581,-0.031170,-0.130728,-1.683679,-0.079304,-0.199118,-1.896793,-0.110857,0.085521,-0.956148,-0.111283,0.070564,-1.400102,-0.153535,0.042230,-1.682584,-0.166427,0.029259,-1.912738,-0.173652,0.140534,-0.869524,-0.246123,0.146441,-1.218796,-0.279371,0.149991,-1.459520,-0.273534,0.165511,-1.688453,-0.264804,0.484199,0.420901,0.527976,0.738545,0.584905,0.790914,0.644785,0.998147,-0.060844
F,0.000000,0.000000,0.000000,-0.202852,-0.259382,0.053471,-0.325374,-0.482480,0.026453,-0.439313,-0.628205,-0.044421,-0.485045,-0.845442,-0.118767,-0.087441,-0.975087,0.122081,-0.244046,-1.171167,0.003269,-0.370761,-1.061794,-0.106035,-0.435401,-0.906640,-0.159387,0.000000,-0.999819,0.019010,-0.060146,-1.438095,-0.030828,-0.129894,-1.687582,-0.075966,-0.189115,-1.907736,-0.105065,0.088504,-0.953134,-0.106909,0.073157,-1.400314,-0.148130,0.048473,-1.683530,-0.157812,0.038556,-1.917455,-0.162830,0.147947,-0.860027,-0.237433,0.154242,-1.214232,-0.270051,0.159438,-1.457259,-0.261878,0.176689,-1.690413,-0.250913,0.482602,0.423166,0.527336,0.734513,0.583691,0.787613,0.644184,0.998440,-0.055833
F,0.000000,0.000000,0.000000,-0.199603,-0.255980,0.048111,-0.322310,-0.479111,0.020281,-0.436150,-0.629580,-0.050209,-0.480426,-0.849829,-0.123433,-0.087444,-0.968307,0.120284,-0.241891,-1.166668,0.001729,-0.368335,-1.058985,-0.106852,-0.431663,-0.905658,-0.159596,-0.000000,-0.999769,0.021506,-0.059539,-1.432936,-0.028327,-0.129794,-1.683549,-0.071158,-0.189365,-1.901940,-0.098043,0.088926,-0.958223,-0.100611,0.074099,-1.401978,-0.140847,0.048444,-1.683870,-0.147154,0.036931,-1.915160,-0.149248,0.149686,-0.867330,-0.228104,0.155871,-1.217852,-0.259108,0.160598,-1.459147,-0.248661,0.176784,-1.688774,-0.235545,0.477357,0.415874,0.523735,0.725400,0.580027,0.782732,0.638986,0.998455,-0.055574
F,0.000000,0.000000,0.000000,-0.179396,-0.211123,-0.132846,-0.284716,-0.490213,-0.226877,-0.313598,-0.781933,-0.324517,-0.184203,-0.941331,-0.408419,-0.128777,-0.949399,-0.018796,-0.149689,-1.246994,-0.174784,-0.172277,-1.171260,-0.295403,-0.179519,-1.026133,-0.347503,-0.000000,-0.999870,-0.016129,-0.007616,-1.437384,-0.082167,-0.015141,-1.714266,-0.128116,-0.021574,-1.995640,-0.155260,0.134612,-0.949369,-0.052182,0.141108,-1.353645,-0.115172,0.140781,-1.607576,-0.144360,0.130648,-1.833892,-0.157744,0.263718,-0.829185,-0.107233,0.309408,-1.137599,-0.140186,0.337650,-1.343136,-0.145433,0.360503,-1.535615,-0.146442,0.393627,0.386272,0.437320,0.619429,0.478134,0.601518,0.551292,0.999230,-0.039234
F,0.000000,0.000000,0.000000,-0.173266,-0.207850,-0.117376,-0.278208,-0.486990,-0.203786,-0.314551,-0.768318,-0.294609,-0.192710,-0.925614,-0.372490,-0.123952,-0.942788,-0.023501,-0.147524,-1.238276,-0.176167,-0.176354,-1.133776,-0.294117,-0.185944,-0.976249,-0.347780,-0.000000,-0.999623,-0.027451,-0.014029,-1.418205,-0.100363,-0.028339,-1.686309,-0.153068,-0.039244,-1.952429,-0.186466,0.129506,-0.950448,-0.065903,0.128595,-1.343832,-0.135467,0.123080,-1.589702,-0.169381,0.110495,-1.812940,-0.186637,0.254429,-0.827740,-0.120439,0.297120,-1.129641,-0.159055,0.324133,-1.329636,-0.166608,0.345065,-1.519356,-0.169423,0.356112,0.371943,0.402078,0.590445,0.445461,0.578206,0.522535,0.999312,-0.037084
F,0.000000,0.000000,0.000000,-0.172225,-0.210239,-0.114078,-0.275771,-0.491566,-0.199408,-0.312948,-0.773508,-0.290073,-0.190322,-0.927731,-0.367715,-0.122348,-0.943865,-0.018059,-0.146847,-1.233532,-0.169667,-0.176365,-1.127394,-0.286430,-0.186231,-0.968260,-0.338823,0.000000,-0.999723,-0.023527,-0.014641,-1.417141,-0.094019,-0.029048,-1.683586,-0.143504,-0.040115,-1.948680,-0.174275,0.129307,-0.950670,-0.063684,0.127325,-1.342764,-0.130867,0.121913,-1.589422,-0.161801,0.109221,-1.812240,-0.176920,0.254281,-0.828842,-0.119991,0.295658,-1.131140,-0.156299,0.323373,-1.330202,-0.161847,0.345098,-1.517462,-0.163169,0.356566,0.366916,0.399838,0.587619,0.441727,0.573803,0.518476,0.999338,-0.036382
G,0.000000,0.000000,0.000000,-0.414698,-0.422608,-0.106915,-0.647151,-0.971637,-0.156363,-0.641187,-1.360030,-0.219011,-0.353459,-1.417273,-0.279749,-0.297550,-1.204585,0.005196,-0.150050,-1.532532,-0.131882,0.022630,-1.679210,-0.239275,0.197277,-1.776708,-0.315253,0.000000,-0.999771,-0.021382,-0.044273,-1.284160,-0.267946,-0.266269,-1.062032,-0.345055,-0.413797,-0.858136,-0.331149,0.276024,-0.752924,-0.072069,0.216916,-1.023767,-0.315965,-0.039848,-0.809760,-0.296110,-0.211498,-0.628941,-0.206891,0.537601,-0.455171,-0.131970,0.424396,-0.673710,-0.302157,0.184929,-0.568317,-0.283133,0.012722,-0.456305,-0.219456,0.359939,0.276631,0.604975,0.336830,0.938477,0.693893,1.319646,0.647275,0.762257
G,0.000000,0.000000,0.000000,-0.432008,-0.448803,-0.109588,-0.634489,-0.992231,-0.165325,-0.572737,-1.346276,-0.231064,-0.238433,-1.335633,-0.297304,-0.309319,-1.210515,-0.026304,-0.164374,-1.539788,-0.170618,0.027253,-1.694281,-0.283207,0.209183,-1.812773,-0.360314,0.000000,-0.998692,-0.051131,0.001447,-1.220365,-0.312720,-0.204305,-0.989549,-0.394646,-0.383771,-0.789730,-0.378563,0.283890,-0.750734,-0.096563,0.232224,-0.962775,-0.345037,-0.017925,-0.734389,-0.326465,-0.209915,-0.556011,-0.235251,0.540908,-0.461946,-0.150818,0.410801,-0.649806,-0.317823,0.181973,-0.521971,-0.291905,0.015149,-0.408096,-0.221410,0.306790,0.251423,0.480604,0.266583,0.809459,0.602345,1.179898,0.634310,0.773079
G,0.000000,0.000000,0.000000,-0.423258,-0.443002,-0.104740,-0.623272,-0.985729,-0.158652,-0.563293,-1.337915,-0.223341,-0.238056,-1.338453,-0.288599,-0.304912,-1.214424,-0.025992,-0.163395,-1.543284,-0.167998,0.025539,-1.696687,-0.277005,0.205749,-1.810780,-0.351386,-0.000000,-0.998617,-0.052567,0.006226,-1.215846,-0.310645,-0.194081,-0.986323,-0.389277,-0.366800,-0.784805,-0.372388,0.280476,-0.748410,-0.099321,0.230914,-0.956682,-0.344628,-0.016211,-0.732189,-0.323547,-0.202733,-0.556398,-0.232561,0.535285,-0.459528,-0.154476,0.412580,-0.650928,-0.318187,0.189072,-0.521174,-0.289538,0.028717,-0.404152,-0.218535,0.298020,0.249147,0.477358,0.274212,0.807993,0.607307,1.178370,0.640736,0.767761
G,0.000000,0.000000,0.000000,-0.336027,-0.360498,-0.133051,-0.404016,-0.826306,-0.217776,-0.158093,-1.038494,-0.305001,0.141505,-1.093210,-0.385919,-0.277428,-1.169877,-0.149978,-0.124091,-1.544882,-0.299174,0.009202,-1.753399,-0.386430,0.156183,-1.903582,-0.433243,0.000000,-0.984107,-0.177576,0.172965,-1.440086,-0.347483,0.305274,-1.708783,-0.440244,0.467590,-1.905055,-0.478177,0.246988,-0.716408,-0.216812,0.237042,-0.958278,-0.432942,-0.007632,-0.794934,-0.435631,-0.124545,-0.641948,-0.372086,0.434196,-0.429353,-0.264848,0.307641,-0.654028,-0.425962,0.121162,-0.536469,-0.397980,0.040174,-0.406295,-0.333893,0.486878,0.531106,0.274470,0.350414,0.426268,0.171887,0.735550,0.676775,0.736190
G,0.000000,0.000000,0.000000,-0.359122,-0.363752,-0.134351,-0.436676,-0.823321,-0.220283,-0.197138,-1.054067,-0.308862,0.117186,-1.109024,-0.389657,-0.294104,-1.166087,-0.149667,-0.141023,-1.549524,-0.300106,-0.007099,-1.766576,-0.386635,0.140784,-1.924985,-0.431676,0.000000,-0.984398,-0.175958,0.167713,-1.446576,-0.350969,0.306051,-1.725255,-0.446901,0.471949,-1.928130,-0.485061,0.261614,-0.724562,-0.213464,0.222993,-0.955641,-0.434622,-0.031016,-0.797233,-0.441021,-0.156271,-0.645483,-0.377210,0.460665,-0.446011,-0.259759,0.308605,-0.663172,-0.421583,0.115200,-0.545152,-0.394961,0.025123,-0.416465,-0.330668,0.479594,0.518394,0.273736,0.343499,0.446894,0.191685,0.757916,0.643605,0.765357
G,0.000000,0.000000,0.000000,-0.357727,-0.370059,-0.133672,-0.433957,-0.830450,-0.218760,-0.195867,-1.059724,-0.307273,0.122388,-1.104747,-0.388331,-0.291296,-1.165640,-0.146309,-0.138698,-1.551214,-0.298832,-0.004327,-1.768331,-0.386856,0.145471,-1.925276,-0.432536,0.000000,-0.984884,-0.173215,0.164600,-1.448147,-0.351107,0.302412,-1.727344,-0.448875,0.469226,-1.928712,-0.487532,0.259616,-0.724383,-0.211604,0.225983,-0.955376,-0.435171,-0.021769,-0.793518,-0.442685,-0.141413,-0.637955,-0.378587,0.456754,-0.445145,-0.258776,0.308549,-0.661026,-0.422776,0.115502,-0.542909,-0.397513,0.025753,-0.413886,-0.333362,0.483133,0.524889,0.274993,0.347981,0.441294,0.187717,0.750773,0.648107,0.761549
G,0.000000,0.000000,0.000000,-0.354205,-0.371162,-0.139369,-0.427863,-0.826813,-0.228355,-0.189562,-1.053567,-0.319111,0.125206,-1.101562,-0.402333,-0.292402,-1.163707,-0.156519,-0.140610,-1.542276,-0.314557,-0.005590,-1.756354,-0.407626,0.146625,-1.911792,-0.457001,0.000000,-0.983418,-0.181355,0.162679,-1.440843,-0.364823,0.301594,-1.717128,-0.466985,0.469352,-1.918392,-0.508825,0.260205,-0.721804,-0.217550,0.225896,-0.943644,-0.443151,-0.022348,-0.783812,-0.450536,-0.144821,-0.632475,-0.386840,0.455471,-0.442282,-0.263112,0.307783,-0.651162,-0.427160,0.116790,-0.533458,-0.400965,0.026698,-0.407281,-0.336469,0.488551,0.522104,0.280117,0.343400,0.443379,0.191684,0.750405,0.650775,0.759270
G,0.000000,0.000000,0.000000,-0.355388,-0.366433,-0.136320,-0.431555,-0.823945,-0.224300,-0.190320,-1.049007,-0.314634,0.124821,-1.099138,-0.397716,-0.293313,-1.162715,-0.156364,-0.144677,-1.543260,-0.313579,-0.009559,-1.758921,-0.406642,0.142223,-1.915869,-0.456356,0.000000,-0.983144,-0.182834,0.156822,-1.443973,-0.365337,0.295761,-1.720955,-0.467480,0.464592,-1.922469,-0.509675,0.262612,-0.721968,-0.220207,0.226006,-0.945188,-0.443613,-0.022930,-0.784170,-0.450105,-0.146640,-0.631568,-0.386582,0.460639,-0.443097,-0.266905,0.312775,-0.652686,-0.428766,0.119155,-0.537600,-0.401697,0.025755,-0.412877,-0.337226,0.486958,0.526263,0.274242,0.347828,0.439036,0.189857,0.748516,0.646062,0.763285
G,0.000000,0.000000,0.000000,-0.350851,-0.367506,-0.134490,-0.425020,-0.821596,-0.221559,-0.188456,-1.048081,-0.311342,0.125490,-1.096720,-0.393441,-0.292078,-1.164800,-0.150640,-0.138987,-1.541534,-0.304608,-0.002721,-1.753042,-0.394970,0.148241,-1.907007,-0.442397,0.000000,-0.984335,-0.176310,0.164867,-1.439247,-0.354345,0.306011,-1.711552,-0.452669,0.473396,-1.911354,-0.492061,0.260418,-0.723833,-0.213182,0.222958,-0.945427,-0.433189,-0.021980,-0.784514,-0.439297,-0.141427,-0.631283,-0.375537,0.456702,-0.445750,-0.259226,0.305402,-0.655987,-0.418231,0.114093,-0.541373,-0.391332,0.023913,-0.416337,-0.327071,0.487801,0.525071,0.274817,0.346993,0.435596,0.184308,0.742615,0.650926,0.759141
G,0.000000,0.000000,0.000000,-0.363234,-0.385878,-0.128117,-0.433043,-0.845228,-0.211477,-0.191246,-1.064509,-0.299033,0.106573,-1.123966,-0.379632,-0.286899,-1.168696,-0.144037,-0.128702,-1.538719,-0.294874,0.006878,-1.750565,-0.384924,0.156690,-1.906376,-0.432776,0.000000,-0.984872,-0.173283,0.163509,-1.434000,-0.351527,0.307205,-1.707350,-0.452043,0.476518,-1.903812,-0.493201,0.258120,-0.721110,-0.212862,0.218111,-0.937248,-0.431724,-0.035078,-0.782615,-0.436479,-0.167276,-0.631711,-0.372173,0.451209,-0.442026,-0.261257,0.309224,-0.651755,-0.416840,0.116972,-0.540486,-0.385424,0.018835,-0.417762,-0.318530,0.460789,0.484312,0.270712,0.316469,0.461597,0.223647,0.773194,0.655268,0.755397
G,0.000000,0.000000,0.000000,-0.374762,-0.372733,-0.147205,-0.510122,-0.847822,-0.221914,-0.398403,-1.153451,-0.294151,-0.137591,-1.255898,-0.360419,-0.303127,-1.215758,-0.059918,-0.146958,-1.530127,-0.201994,0.011351,-1.696627,-0.282334,0.179415,-1.813769,-0.333632,0.000000,-0.997075,-0.076427,0.124645,-1.314693,-0.309174,-0.079831,-1.091013,-0.351220,-0.211468,-0.929190,-0.307361,0.260880,-0.739312,-0.118342,0.328386,-0.967573,-0.364707,0.042857,-0.764329,-0.334356,-0.117547,-0.639473,-0.238574,0.454489,-0.458273,-0.171430,0.351825,-0.587437,-0.348902,0.117264,-0.451805,-0.332663,-0.003107,-0.362374,-0.272548,0.345419,0.316840,0.408132,0.273588,0.695874,0.547982,1.011178,0.627344,0.778742
G,0.000000,0.000000,0.000000,-0.385775,-0.376436,-0.149444,-0.517812,-0.856453,-0.222763,-0.403125,-1.164006,-0.292805,-0.148192,-1.277621,-0.357541,-0.306570,-1.216466,-0.060945,-0.141367,-1.534056,-0.205233,0.020827,-1.702325,-0.290078,0.197730,-1.822578,-0.345284,0.000000,-0.997060,-0.076627,0.120735,-1.318828,-0.315865,-0.087823,-1.095499,-0.364795,-0.213221,-0.923809,-0.325347,0.260781,-0.741356,-0.117714,0.331120,-0.976647,-0.368592,0.038008,-0.776542,-0.341404,-0.121604,-0.648343,-0.247567,0.455331,-0.463095,-0.170032,0.353456,-0.597850,-0.350534,0.113502,-0.460999,-0.335322,-0.005359,-0.368186,-0.275916,0.341749,0.298334,0.423779,0.275239,0.715791,0.566081,1.030947,0.623304,0.781979
G,0.000000,0.000000,0.000000,-0.418464,-0.314966,-0.147458,-0.636805,-0.839531,-0.215698,-0.391629,-1.125962,-0.282296,-0.070083,-1.186275,-0.338656,-0.358228,-1.208410,-0.112075,-0.206064,-1.600076,-0.283158,-0.029883,-1.779344,-0.375382,0.164627,-1.931260,-0.438048,0.000000,-0.992929,-0.118712,-0.026838,-1.114527,-0.358791,-0.213349,-0.839111,-0.375622,-0.255332,-0.752604,-0.333270,0.283747,-0.747966,-0.153520,0.244401,-0.773314,-0.393789,-0.030845,-0.543147,-0.318873,-0.128879,-0.497566,-0.212650,0.531115,-0.473051,-0.204920,0.397619,-0.461615,-0.375338,0.152548,-0.305378,-0.340169,0.036703,-0.286318,-0.273138,0.367228,0.439092,0.301115,0.086159,0.592947,0.521993,0.942345,0.628156,0.778087
G,0.000000,0.000000,0.000000,-0.405489,-0.330941,-0.153340,-0.599834,-0.826709,-0.231646,-0.391982,-1.120289,-0.308758,-0.082750,-1.196776,-0.376027,-0.349481,-1.211665,-0.113427,-0.197807,-1.598533,-0.288636,-0.024292,-1.779451,-0.381382,0.170381,-1.926932,-0.441139,0.000000,-0.992604,-0.121395,0.003771,-1.120549,-0.367723,-0.200387,-0.867884,-0.389403,-0.264537,-0.786771,-0.346412,0.282930,-0.742590,-0.157956,0.265649,-0.770917,-0.403396,-0.016555,-0.559931,-0.334976,-0.127242,-0.525218,-0.229134,0.521043,-0.464560,-0.211004,0.403280,-0.452952,-0.376372,0.164614,-0.307874,-0.339286,0.051728,-0.292052,-0.270162,0.374601,0.426948,0.336706,0.115608,0.622544,0.550895,0.963295,0.626251,0.779621
H,0.000000,0.000000,0.000000,-0.302768,-0.362637,-0.159424,-0.344596,-0.764603,-0.253966,-0.045969,-0.890240,-0.343616,0.276052,-0.908082,-0.427638,-0.281745,-1.177933,-0.181576,-0.081638,-1.504678,-0.349867,0.079599,-1.693329,-0.452494,0.237384,-1.825601,-0.509420,0.000000,-0.979716,-0.200391,0.230319,-1.367372,-0.387875,0.408678,-1.584790,-0.492634,0.588176,-1.749394,-0.536278,0.239603,-0.702829,-0.233465,0.330663,-0.816295,-0.465903,0.120095,-0.636261,-0.489166,-0.011452,-0.526170,-0.439693,0.408232,-0.410905,-0.276929,0.352212,-0.491448,-0.459201,0.158138,-0.369175,-0.453415,0.032270,-0.300903,-0.403608,0.666711,0.699941,0.364661,0.463271,0.284887,0.113452,0.536069,0.674125,0.738617
H,0.000000,0.000000,0.000000,-0.317926,-0.354763,-0.155030,-0.383587,-0.771726,-0.255540,-0.102106,-0.923829,-0.352934,0.222901,-0.953065,-0.442827,-0.290022,-1.172448,-0.193064,-0.098198,-1.523352,-0.370411,0.063387,-1.719900,-0.474934,0.230589,-1.857989,-0.532122,0.000000,-0.975796,-0.218682,0.232132,-1.386377,-0.420962,0.411496,-1.618930,-0.532095,0.602932,-1.796850,-0.578247,0.247197,-0.700948,-0.255842,0.317136,-0.844974,-0.496625,0.084856,-0.663010,-0.506402,-0.047934,-0.547154,-0.444945,0.427193,-0.407760,-0.303312,0.350949,-0.519835,-0.486665,0.145808,-0.392935,-0.466550,0.019321,-0.316198,-0.404369,0.611229,0.658465,0.316927,0.433961,0.314828,0.153161,0.598797,0.668845,0.743402
H,0.000000,0.000000,0.000000,-0.319091,-0.356989,-0.152020,-0.383210,-0.777767,-0.250317,-0.105782,-0.933500,-0.346495,0.219710,-0.957036,-0.435092,-0.291354,-1.173669,-0.188089,-0.099974,-1.527936,-0.363107,0.060837,-1.725860,-0.465423,0.227531,-1.864016,-0.521036,0.000000,-0.976629,-0.214933,0.229793,-1.392094,-0.415732,0.406955,-1.629143,-0.526198,0.597698,-1.809677,-0.571817,0.249244,-0.701819,-0.253189,0.317027,-0.851142,-0.493111,0.082635,-0.668765,-0.502619,-0.050636,-0.550310,-0.440592,0.430366,-0.409125,-0.301556,0.350886,-0.523812,-0.483865,0.143576,-0.399000,-0.463718,0.017034,-0.321306,-0.401466,0.607559,0.658261,0.311651,0.435606,0.314796,0.155081,0.602008,0.668089,0.744081
H,0.000000,0.000000,0.000000,-0.317248,-0.356222,-0.150408,-0.381048,-0.778176,-0.247803,-0.101243,-0.930335,-0.343420,0.222469,-0.953120,-0.432033,-0.289205,-1.173425,-0.188185,-0.098804,-1.527884,-0.363365,0.058441,-1.727561,-0.464881,0.221882,-1.868654,-0.519721,-0.000000,-0.976293,-0.216454,0.229185,-1.395767,-0.418398,0.404226,-1.633482,-0.528888,0.592685,-1.817356,-0.573872,0.248191,-0.700613,-0.255728,0.318770,-0.848385,-0.497575,0.086129,-0.664229,-0.507030,-0.046547,-0.547666,-0.444200,0.429227,-0.406840,-0.304706,0.354549,-0.520350,-0.487934,0.148543,-0.392758,-0.466725,0.022424,-0.315793,-0.403398,0.608117,0.662031,0.310651,0.442908,0.309039,0.156649,0.597815,0.669879,0.742471
H,0.000000,0.000000,0.000000,-0.315404,-0.366544,-0.147484,-0.380346,-0.783979,-0.246758,-0.110110,-0.933171,-0.345474,0.207001,-0.945628,-0.436881,-0.280623,-1.175920,-0.190803,-0.094761,-1.535525,-0.366233,0.059586,-1.735995,-0.469355,0.219253,-1.877084,-0.525676,0.000000,-0.975123,-0.221665,0.223383,-1.395265,-0.425001,0.398949,-1.637783,-0.537121,0.586152,-1.819738,-0.584038,0.240558,-0.696153,-0.262922,0.313822,-0.845213,-0.505081,0.085150,-0.664709,-0.515228,-0.049690,-0.543804,-0.453243,0.413820,-0.399623,-0.313792,0.354655,-0.519787,-0.498205,0.151383,-0.399000,-0.477383,0.018946,-0.318596,-0.414279,0.592762,0.666356,0.300062,0.450093,0.305983,0.161694,0.596696,0.686185,0.727427
H,0.000000,0.000000,0.000000,-0.315341,-0.366710,-0.149769,-0.383677,-0.791992,-0.249985,-0.113006,-0.939805,-0.349962,0.213294,-0.940119,-0.442638,-0.278822,-1.176394,-0.187113,-0.096772,-1.535792,-0.363041,0.059829,-1.736485,-0.468362,0.222933,-1.876253,-0.526384,0.000000,-0.976127,-0.217200,0.222312,-1.392269,-0.420210,0.397521,-1.636463,-0.533244,0.586769,-1.818703,-0.580859,0.240670,-0.697259,-0.258528,0.318666,-0.844942,-0.499958,0.090384,-0.659878,-0.509074,-0.041898,-0.532235,-0.445715,0.416886,-0.398994,-0.310112,0.362133,-0.524509,-0.494679,0.161765,-0.399195,-0.472828,0.033053,-0.310789,-0.408301,0.602741,0.676242,0.312430,0.452796,0.305986,0.153126,0.593152,0.682615,0.730778
H,0.000000,0.000000,0.000000,-0.314738,-0.366551,-0.151761,-0.384120,-0.788843,-0.253324,-0.115106,-0.935754,-0.354347,0.213905,-0.934614,-0.447923,-0.279604,-1.176238,-0.187628,-0.098369,-1.534675,-0.363807,0.057960,-1.734810,-0.469402,0.219990,-1.874168,-0.527522,0.000000,-0.976174,-0.216988,0.221114,-1.391652,-0.419931,0.396753,-1.634821,-0.533428,0.585069,-1.816513,-0.581268,0.240671,-0.697846,-0.257964,0.316665,-0.841960,-0.499941,0.088895,-0.659204,-0.511610,-0.044627,-0.534183,-0.449957,0.416446,-0.400770,-0.309255,0.361803,-0.521773,-0.494119,0.161367,-0.397404,-0.474002,0.031034,-0.310227,-0.410784,0.608018,0.681662,0.317511,0.457952,0.304729,0.147818,0.587572,0.682702,0.730697
H,0.000000,0.000000,0.000000,-0.313771,-0.362075,-0.145868,-0.382254,-0.787750,-0.243088,-0.115153,-0.937925,-0.340338,0.208656,-0.939572,-0.430582,-0.283058,-1.176313,-0.184802,-0.102235,-1.539889,-0.357805,0.051184,-1.742581,-0.459365,0.210519,-1.882613,-0.514636,0.000000,-0.976347,-0.216211,0.217771,-1.400344,-0.417133,0.391157,-1.646721,-0.529384,0.577213,-1.829399,-0.576284,0.243112,-0.698586,-0.258147,0.314223,-0.845891,-0.497227,0.088100,-0.660662,-0.507876,-0.043937,-0.533592,-0.446140,0.418118,-0.404978,-0.309809,0.353026,-0.519766,-0.491416,0.153897,-0.393383,-0.470669,0.029109,-0.305613,-0.407683,0.598529,0.679948,0.301405,0.461058,0.298321,0.156084,0.586729,0.682156,0.731207
H,0.000000,0.000000,0.000000,-0.313796,-0.366849,-0.151084,-0.376141,-0.785015,-0.251122,-0.112116,-0.935915,-0.351297,0.205850,-0.939398,-0.443785,-0.277837,-1.174637,-0.183671,-0.096860,-1.532532,-0.362015,0.058970,-1.732391,-0.469096,0.220395,-1.870631,-0.528435,0.000000,-0.976650,-0.214838,0.220971,-1.392736,-0.422637,0.395914,-1.635963,-0.539338,0.585228,-1.817979,-0.588951,0.238812,-0.698293,-0.257732,0.320070,-0.848229,-0.503359,0.092038,-0.662289,-0.512716,-0.041157,-0.537032,-0.449054,0.413004,-0.399720,-0.311113,0.363436,-0.519908,-0.498554,0.164229,-0.396199,-0.477785,0.035659,-0.312847,-0.413838,0.597452,0.670915,0.310126,0.454083,0.306323,0.157820,0.593099,0.683096,0.730329
H,0.000000,0.000000,0.000000,-0.335800,-0.302814,-0.147959,-0.473631,-0.655698,-0.251152,-0.244996,-0.772665,-0.355938,0.027819,-0.807216,-0.452958,-0.307912,-1.146682,-0.171513,-0.131632,-1.470408,-0.329357,0.008123,-1.648590,-0.428755,0.148285,-1.794626,-0.486355,-0.000000,-0.979939,-0.199296,0.187182,-1.370486,-0.365102,0.339057,-1.578266,-0.454292,0.482651,-1.753870,-0.492471,0.260479,-0.734950,-0.242224,0.314515,-0.879573,-0.453166,0.105600,-0.681884,-0.464259,-0.036149,-0.549711,-0.412341,0.461814,-0.451618,-0.296644,0.413494,-0.527977,-0.455486,0.219800,-0.404403,-0.440483,0.084193,-0.324739,-0.388964,0.554223,0.693199,0.308142,0.591936,0.322121,0.295686,0.582440,0.616907,0.787036
H,0.000000,0.000000,0.000000,-0.331229,-0.293793,-0.176773,-0.456158,-0.625014,-0.302182,-0.197001,-0.716499,-0.422830,0.098179,-0.731373,-0.533852,-0.308865,-1.129955,-0.222693,-0.126886,-1.459406,-0.401472,0.018303,-1.650398,-0.514578,0.164118,-1.804538,-0.581354,0.000000,-0.970075,-0.242806,0.187668,-1.356987,-0.430601,0.356261,-1.577649,-0.531363,0.515545,-1.767913,-0.575658,0.261436,-0.724994,-0.278543,0.340396,-0.812599,-0.499125,0.124885,-0.619311,-0.508206,-0.032328,-0.497092,-0.453950,0.461287,-0.447782,-0.329197,0.442178,-0.480657,-0.496070,0.243744,-0.367256,-0.481883,0.091151,-0.302987,-0.429155,0.649132,0.773440,0.389006,0.640361,0.303111,0.257823,0.504138,0.632512,0.774551
H,0.000000,0.000000,0.000000,-0.263183,-0.298518,-0.141150,-0.380855,-0.649808,-0.234595,-0.176339,-0.725147,-0.328083,0.063494,-0.714551,-0.413724,-0.251681,-1.138113,-0.167414,-0.135912,-1.482607,-0.316397,-0.029534,-1.684538,-0.408684,0.076102,-1.848580,-0.462577,0.000000,-0.981499,-0.191469,0.109741,-1.392989,-0.347231,0.212790,-1.633409,-0.429496,0.312322,-1.834093,-0.463103,0.214562,-0.736648,-0.230699,0.239435,-0.838240,-0.425324,0.087663,-0.631095,-0.437568,-0.017205,-0.495788,-0.389225,0.384408,-0.449684,-0.281858,0.334587,-0.494398,-0.427860,0.178268,-0.368909,-0.419137,0.068230,-0.293672,-0.374796,0.582588,0.799466,0.353115,0.683255,0.238344,0.215380,0.436496,0.770629,0.637284
H,0.000000,0.000000,0.000000,-0.231911,-0.279250,-0.138055,-0.349885,-0.621446,-0.236521,-0.155627,-0.682520,-0.335048,0.085229,-0.642816,-0.426591,-0.236168,-1.139758,-0.172224,-0.138271,-1.491172,-0.319747,-0.054882,-1.701819,-0.414825,0.033610,-1.873025,-0.473676,0.000000,-0.980336,-0.197336,0.095254,-1.401560,-0.348122,0.182991,-1.634523,-0.428242,0.272806,-1.843354,-0.463726,0.202613,-0.728441,-0.236246,0.236718,-0.829363,-0.420248,0.079182,-0.617600,-0.425125,-0.028624,-0.489499,-0.377566,0.355006,-0.439785,-0.287393,0.315495,-0.480809,-0.425910,0.161293,-0.358924,-0.412081,0.051787,-0.296824,-0.368021,0.644167,0.883786,0.416823,0.762857,0.239461,0.240394,0.365207,0.819303,0.573360
H,0.000000,0.000000,0.000000,-0.230253,-0.273118,-0.146398,-0.350149,-0.610737,-0.249224,-0.158252,-0.671964,-0.350507,0.084389,-0.636329,-0.444540,-0.233393,-1.134809,-0.179957,-0.139819,-1.484186,-0.329711,-0.057429,-1.694776,-0.424761,0.028415,-1.869786,-0.482467,-0.000000,-0.979497,-0.201461,0.089862,-1.406853,-0.352867,0.173515,-1.645539,-0.430982,0.256194,-1.860475,-0.464306,0.199514,-0.729831,-0.238067,0.232569,-0.826577,-0.424826,0.084507,-0.610711,-0.432597,-0.019587,-0.483325,-0.385727,0.351029,-0.441172,-0.287346,0.319530,-0.478477,-0.426437,0.167532,-0.353671,-0.414474,0.053474,-0.293180,-0.371745,0.647666,0.884486,0.428920,0.775977,0.254219,0.241951,0.365914,0.824289,0.566169
H,0.000000,0.000000,0.000000,-0.226133,-0.271022,-0.145282,-0.349809,-0.609825,-0.248068,-0.162322,-0.668320,-0.350017,0.080687,-0.631344,-0.444683,-0.229856,-1.135219,-0.177152,-0.135318,-1.485503,-0.326297,-0.051793,-1.694734,-0.420875,0.035179,-1.870016,-0.477939,-0.000000,-0.979917,-0.199406,0.093480,-1.406567,-0.349910,0.178472,-1.644659,-0.427149,0.261623,-1.860754,-0.459718,0.196855,-0.730681,-0.236929,0.230437,-0.834308,-0.424811,0.087486,-0.607639,-0.430763,-0.011400,-0.470598,-0.381506,0.347592,-0.441298,-0.286908,0.320354,-0.487371,-0.425982,0.173439,-0.354896,-0.411067,0.064149,-0.285514,-0.365530,0.649538,0.888966,0.433791,0.781100,0.257924,0.253011,0.363660,0.829845,0.557994
H,0.000000,0.000000,0.000000,-0.223927,-0.268010,-0.150195,-0.344819,-0.605712,-0.254903,-0.158620,-0.665566,-0.357443,0.082208,-0.630469,-0.452766,-0.228754,-1.130662,-0.185275,-0.133987,-1.480884,-0.336408,-0.051858,-1.691123,-0.431313,0.033936,-1.868056,-0.488295,0.000000,-0.978702,-0.205288,0.091967,-1.408132,-0.358093,0.174513,-1.649635,-0.435724,0.254798,-1.868422,-0.467979,0.195630,-0.732448,-0.240601,0.232371,-0.828976,-0.430347,0.092588,-0.599199,-0.436480,-0.005732,-0.460016,-0.386989,0.344804,-0.447236,-0.288873,0.319320,-0.479418,-0.430024,0.175708,-0.342043,-0.416541,0.067833,-0.270765,-0.371642,0.646871,0.885148,0.435051,0.783466,0.261301,0.249913,0.359711,0.833673,0.552259
H,0.000000,0.000000,0.000000,-0.173274,-0.265602,-0.095536,-0.286219,-0.600379,-0.172083,-0.199744,-0.717650,-0.255222,-0.034440,-0.710411,-0.333987,-0.175890,-1.098868,-0.123779,-0.142007,-1.483880,-0.243361,-0.101617,-1.717575,-0.319267,-0.049721,-1.911612,-0.364889,-0.000000,-0.987747,-0.156063,0.022877,-1.428423,-0.278250,0.054385,-1.700568,-0.349972,0.095550,-1.935202,-0.382872,0.158505,-0.775881,-0.198010,0.103097,-0.905852,-0.346380,-0.001548,-0.677915,-0.355957,-0.057652,-0.508190,-0.319252,0.277056,-0.517256,-0.248504,0.171355,-0.589836,-0.350611,0.060911,-0.443006,-0.335153,0.006868,-0.324499,-0.296502,0.463782,0.786154,0.331298,0.722450,0.244957,0.239306,0.376359,0.933733,0.357970
H,0.000000,0.000000,0.000000,-0.168484,-0.262615,-0.088405,-0.287073,-0.609034,-0.158057,-0.201283,-0.711170,-0.234731,-0.037108,-0.694010,-0.309171,-0.175051,-1.094240,-0.122153,-0.141611,-1.486639,-0.235081,-0.103549,-1.721684,-0.305762,-0.052479,-1.918359,-0.348621,0.000000,-0.988216,-0.153066,0.021398,-1.434092,-0.268820,0.048382,-1.707169,-0.338136,0.087095,-1.940792,-0.371034,0.159163,-0.785000,-0.192064,0.106115,-0.921213,-0.332640,0.002425,-0.690226,-0.343367,-0.053174,-0.514672,-0.310282,0.279610,-0.537585,-0.238872,0.167383,-0.611786,-0.337846,0.058239,-0.456110,-0.324751,0.006023,-0.329816,-0.289302,0.462805,0.802914,0.335116,0.743486,0.245999,0.269601,0.360168,0.938667,0.344825
H,0.000000,0.000000,0.000000,-0.169685,-0.266217,-0.088561,-0.287920,-0.609250,-0.160685,-0.196917,-0.712801,-0.240066,-0.032007,-0.700816,-0.317105,-0.174230,-1.096113,-0.124445,-0.138727,-1.488169,-0.239053,-0.099078,-1.722497,-0.312078,-0.047926,-1.921303,-0.356870,0.000000,-0.987616,-0.156888,0.024825,-1.435546,-0.274271,0.054652,-1.708520,-0.344420,0.094570,-1.943243,-0.378269,0.158719,-0.782636,-0.197324,0.110707,-0.926124,-0.340493,0.006207,-0.695331,-0.349476,-0.052162,-0.520492,-0.314961,0.280614,-0.531613,-0.245455,0.176997,-0.623138,-0.346107,0.065785,-0.467186,-0.329758,0.008069,-0.338570,-0.291715,0.462175,0.798377,0.330074,0.738169,0.239621,0.267728,0.362623,0.938215,0.346053
H,0.000000,0.000000,0.000000,-0.166470,-0.261182,-0.089381,-0.284018,-0.601813,-0.160619,-0.193348,-0.705376,-0.237947,-0.030858,-0.697932,-0.312411,-0.175020,-1.094942,-0.126597,-0.136157,-1.482519,-0.240594,-0.094907,-1.715306,-0.313124,-0.041975,-1.911683,-0.358092,0.000000,-0.987412,-0.158167,0.027146,-1.431479,-0.274510,0.059425,-1.703524,-0.344932,0.102781,-1.936710,-0.380002,0.158512,-0.780263,-0.197548,0.118583,-0.916850,-0.338912,0.011621,-0.691123,-0.348869,-0.049062,-0.520007,-0.316613,0.278167,-0.527670,-0.244748,0.176063,-0.603249,-0.347110,0.062432,-0.453622,-0.334447,0.003054,-0.332254,-0.299510,0.461440,0.794873,0.329458,0.736812,0.236290,0.266383,0.359254,0.939371,0.342902
H,0.000000,0.000000,0.000000,-0.167559,-0.264305,-0.088986,-0.282943,-0.603055,-0.161379,-0.194589,-0.710175,-0.240301,-0.034322,-0.698747,-0.316356,-0.171400,-1.097829,-0.126958,-0.129297,-1.487734,-0.243305,-0.086319,-1.720806,-0.318403,-0.031780,-1.917319,-0.364938,0.000000,-0.987222,-0.159349,0.027633,-1.433354,-0.277984,0.063504,-1.705397,-0.350014,0.110376,-1.939772,-0.386130,0.157249,-0.778043,-0.199586,0.118491,-0.922379,-0.343386,0.010560,-0.696174,-0.353841,-0.051884,-0.524893,-0.321477,0.277425,-0.522558,-0.247611,0.182201,-0.604864,-0.352543,0.066062,-0.458056,-0.340317,0.002186,-0.339058,-0.305110,0.462523,0.798033,0.330223,0.738213,0.237955,0.272202,0.364630,0.940992,0.338427
H,0.000000,0.000000,0.000000,-0.166784,-0.261232,-0.091835,-0.279657,-0.595179,-0.165561,-0.195687,-0.701724,-0.245114,-0.034643,-0.694505,-0.321280,-0.173920,-1.095089,-0.127250,-0.134001,-1.480996,-0.241207,-0.091711,-1.711150,-0.311845,-0.037421,-1.901999,-0.354580,-0.000000,-0.987525,-0.157462,0.029826,-1.424569,-0.275220,0.063576,-1.694929,-0.344931,0.108067,-1.923329,-0.378300,0.156418,-0.782076,-0.195929,0.112819,-0.909607,-0.338002,0.006799,-0.685373,-0.349452,-0.052546,-0.515289,-0.317529,0.273712,-0.532476,-0.242348,0.166653,-0.595189,-0.344334,0.053794,-0.445905,-0.333392,-0.004536,-0.325500,-0.299326,0.466383,0.796775,0.337487,0.734351,0.244716,0.261331,0.357165,0.940909,0.338660
H,0.000000,0.000000,0.000000,-0.212473,-0.289707,-0.098668,-0.362665,-0.649205,-0.180550,-0.269545,-0.768727,-0.270089,-0.074237,-0.746740,-0.356027,-0.207415,-1.127696,-0.135093,-0.144362,-1.482464,-0.259498,-0.083875,-1.693875,-0.336469,-0.014413,-1.867454,-0.381177,0.000000,-0.985271,-0.171000,0.050819,-1.412321,-0.300166,0.110099,-1.660755,-0.372162,0.172392,-1.864572,-0.402031,0.185390,-0.751873,-0.216637,0.096831,-0.880727,-0.377144,-0.029398,-0.683929,-0.395231,-0.097280,-0.526119,-0.360426,0.318427,-0.486733,-0.270420,0.174215,-0.566886,-0.381003,0.032406,-0.447178,-0.369084,-0.047951,-0.345900,-0.331092,0.460082,0.745336,0.310875,0.679527,0.294724,0.218318,0.478663,0.864852,0.502027
H,0.000000,0.000000,0.000000,-0.324992,-0.306959,-0.135134,-0.510774,-0.672922,-0.244739,-0.360410,-0.791539,-0.360160,-0.093006,-0.785357,-0.469062,-0.294409,-1.153001,-0.184845,-0.154675,-1.497952,-0.346926,-0.037759,-1.700088,-0.450548,0.088814,-1.862392,-0.511599,0.000000,-0.974647,-0.223747,0.139359,-1.387555,-0.397735,0.272195,-1.623475,-0.495290,0.405874,-1.818150,-0.539570,0.254915,-0.722691,-0.274312,0.233209,-0.867216,-0.488170,0.022578,-0.671042,-0.500126,-0.116001,-0.519900,-0.447848,0.437698,-0.450175,-0.335265,0.323351,-0.565521,-0.486458,0.100950,-0.456351,-0.462825,-0.060190,-0.367934,-0.406814,0.506463,0.725612,0.323513,0.649403,0.403613,0.336871,0.641791,0.661911,0.749583
H,0.000000,0.000000,0.000000,-0.303228,-0.300398,-0.129043,-0.492756,-0.673015,-0.235837,-0.341056,-0.781521,-0.347865,-0.071979,-0.765962,-0.454875,-0.288142,-1.144346,-0.191187,-0.152868,-1.486278,-0.350649,-0.037024,-1.685630,-0.450359,0.086762,-1.846594,-0.508643,0.000000,-0.973650,-0.228048,0.140853,-1.381442,-0.398256,0.271871,-1.614156,-0.492224,0.400723,-1.806430,-0.533187,0.249995,-0.726314,-0.274714,0.210270,-0.859340,-0.478986,0.009286,-0.666487,-0.491771,-0.119170,-0.515625,-0.442267,0.433099,-0.456564,-0.331063,0.281329,-0.559443,-0.475611,0.067248,-0.452077,-0.455499,-0.075562,-0.364759,-0.403011,0.509345,0.732298,0.315857,0.653696,0.371077,0.298271,0.605112,0.684120,0.729370
H,0.000000,0.000000,0.000000,-0.302686,-0.300516,-0.135158,-0.491849,-0.670846,-0.248952,-0.340173,-0.779477,-0.367200,-0.069128,-0.767274,-0.480353,-0.286996,-1.146695,-0.203555,-0.154848,-1.498490,-0.368327,-0.038627,-1.700252,-0.470940,0.085476,-1.864971,-0.530362,0.000000,-0.970694,-0.240317,0.141253,-1.391494,-0.415190,0.272896,-1.627665,-0.509875,0.400390,-1.826301,-0.550690,0.250657,-0.718832,-0.287132,0.215852,-0.866628,-0.499636,0.014978,-0.668909,-0.511978,-0.114193,-0.515896,-0.460059,0.437582,-0.442792,-0.343471,0.297231,-0.568974,-0.493746,0.081467,-0.457674,-0.470087,-0.066604,-0.365459,-0.413855,0.517729,0.744697,0.322142,0.661934,0.376754,0.302418,0.617074,0.685492,0.728081
H,0.000000,0.000000,0.000000,-0.358936,-0.329090,-0.139751,-0.469783,-0.704225,-0.227669,-0.236993,-0.856807,-0.319491,0.052028,-0.915245,-0.404302,-0.306382,-1.135533,-0.134933,-0.134743,-1.462100,-0.281831,0.015722,-1.635966,-0.375252,0.173716,-1.769899,-0.429615,0.000000,-0.987180,-0.159611,0.213668,-1.370019,-0.316084,0.376947,-1.585484,-0.403531,0.542901,-1.752955,-0.444068,0.259402,-0.760761,-0.200791,0.320032,-0.950976,-0.411913,0.092898,-0.746278,-0.425325,-0.043766,-0.587030,-0.376051,0.470552,-0.497973,-0.252512,0.366605,-0.616747,-0.419368,0.141682,-0.503306,-0.413367,0.001471,-0.416460,-0.368448,0.499543,0.590705,0.260298,0.490642,0.329068,0.270483,0.610179,0.574709,0.818358
H,0.000000,0.000000,0.000000,-0.326111,-0.322216,-0.130534,-0.463060,-0.693798,-0.228771,-0.271560,-0.842908,-0.331682,-0.007959,-0.889284,-0.426708,-0.287760,-1.149622,-0.155707,-0.120929,-1.482214,-0.305652,0.023358,-1.666442,-0.397385,0.173544,-1.802635,-0.448824,0.000000,-0.982170,-0.187996,0.183078,-1.382912,-0.348474,0.342660,-1.601387,-0.434720,0.497951,-1.766852,-0.470462,0.251647,-0.732337,-0.233634,0.250009,-0.922183,-0.438444,0.042799,-0.741800,-0.450417,-0.086511,-0.594610,-0.399667,0.450548,-0.450780,-0.288542,0.324030,-0.600883,-0.442249,0.118836,-0.501610,-0.426051,-0.017116,-0.413191,-0.374019,0.468515,0.615616,0.256270,0.535056,0.359591,0.260322,0.649311,0.664273,0.747490
H,0.000000,0.000000,0.000000,-0.322066,-0.321496,-0.126455,-0.454795,-0.691310,-0.221054,-0.265874,-0.839271,-0.320505,-0.015767,-0.891005,-0.412570,-0.285602,-1.147274,-0.153248,-0.116066,-1.472956,-0.301938,0.026327,-1.657187,-0.394271,0.170760,-1.794994,-0.446604,-0.000000,-0.982502,-0.186253,0.182835,-1.378140,-0.345905,0.345097,-1.596956,-0.434583,0.499617,-1.765166,-0.472778,0.249127,-0.734830,-0.231845,0.245094,-0.919701,-0.432657,0.042448,-0.743589,-0.447419,-0.089563,-0.603487,-0.400522,0.446634,-0.455626,-0.286442,0.320639,-0.595214,-0.436294,0.116205,-0.502250,-0.421900,-0.024069,-0.422581,-0.372690,0.453577,0.600805,0.244621,0.530271,0.356680,0.263203,0.647516,0.672003,0.740548
H,0.000000,0.000000,0.000000,-0.323435,-0.322871,-0.139959,-0.447572,-0.683658,-0.242265,-0.251090,-0.826549,-0.345813,-0.000252,-0.882219,-0.440641,-0.283436,-1.148053,-0.168632,-0.099924,-1.469884,-0.323051,0.043840,-1.654370,-0.418273,0.190093,-1.792593,-0.472103,0.000000,-0.980686,-0.195588,0.190639,-1.371915,-0.360608,0.356540,-1.589072,-0.450735,0.515723,-1.755677,-0.489523,0.243932,-0.733619,-0.235884,0.254794,-0.902844,-0.441261,0.055273,-0.727210,-0.454882,-0.077338,-0.592105,-0.406953,0.436839,-0.455119,-0.286365,0.323896,-0.582416,-0.441719,0.124357,-0.481041,-0.427707,-0.013696,-0.399571,-0.377777,0.474184,0.607547,0.264096,0.531646,0.351615,0.255879,0.630288,0.683694,0.729769
H,0.000000,0.000000,0.000000,-0.319306,-0.317609,-0.133232,-0.463236,-0.689716,-0.233607,-0.292441,-0.845149,-0.336997,-0.046465,-0.896176,-0.432403,-0.283850,-1.144304,-0.170436,-0.113698,-1.477486,-0.326515,0.026654,-1.666289,-0.421299,0.171629,-1.807815,-0.473683,-0.000000,-0.979736,-0.200294,0.176423,-1.382447,-0.368512,0.340049,-1.604154,-0.459462,0.498596,-1.776386,-0.496705,0.247527,-0.734019,-0.242153,0.225356,-0.911855,-0.450233,0.026944,-0.728846,-0.464298,-0.098668,-0.580034,-0.414078,0.441421,-0.459687,-0.293406,0.299982,-0.592173,-0.446432,0.093525,-0.499167,-0.430929,-0.045704,-0.418091,-0.379221,0.431910,0.594689,0.251030,0.538721,0.385903,0.272856,0.669235,0.686415,0.727210
H,0.000000,0.000000,0.000000,-0.324439,-0.319009,-0.136116,-0.468535,-0.683302,-0.241627,-0.279963,-0.818147,-0.349753,-0.025288,-0.861033,-0.449800,-0.288952,-1.142815,-0.180882,-0.118708,-1.478338,-0.340681,0.018218,-1.672712,-0.438274,0.158432,-1.818621,-0.492582,0.000000,-0.977202,-0.212312,0.182556,-1.381214,-0.384204,0.348077,-1.608993,-0.479021,0.508583,-1.784598,-0.518911,0.251277,-0.730649,-0.255211,0.235794,-0.883451,-0.461956,0.038067,-0.704747,-0.475313,-0.091206,-0.566901,-0.425210,0.445160,-0.457964,-0.308105,0.316937,-0.577732,-0.457277,0.113558,-0.480494,-0.437247,-0.029160,-0.401958,-0.382841,0.470358,0.633798,0.265585,0.563995,0.362427,0.262325,0.635503,0.673250,0.739415
H,0.000000,0.000000,0.000000,-0.321129,-0.319019,-0.133331,-0.465797,-0.686263,-0.236260,-0.281151,-0.820069,-0.341677,-0.026941,-0.863329,-0.439483,-0.292164,-1.146533,-0.180134,-0.119633,-1.485340,-0.338025,0.017850,-1.680977,-0.432960,0.160726,-1.826391,-0.485179,-0.000000,-0.977299,-0.211867,0.182714,-1.386470,-0.381609,0.345819,-1.616820,-0.475636,0.507877,-1.792404,-0.515276,0.253763,-0.729277,-0.254503,0.239385,-0.885221,-0.460311,0.041207,-0.707183,-0.475513,-0.085149,-0.568031,-0.427222,0.447667,-0.458725,-0.306469,0.305936,-0.579674,-0.455968,0.099043,-0.483014,-0.437877,-0.041352,-0.404527,-0.385172,0.466701,0.637011,0.255977,0.566552,0.361915,0.268034,0.637690,0.673352,0.739322
H,0.000000,0.000000,0.000000,-0.324901,-0.320931,-0.133545,-0.468981,-0.682926,-0.239130,-0.283650,-0.814595,-0.347629,-0.031631,-0.861605,-0.448697,-0.290337,-1.144111,-0.182420,-0.121623,-1.481775,-0.344130,0.015876,-1.677213,-0.444015,0.160069,-1.823066,-0.499904,0.000000,-0.976479,-0.215613,0.183833,-1.380251,-0.389831,0.350166,-1.612288,-0.488423,0.515034,-1.790352,-0.531375,0.251060,-0.730450,-0.259535,0.235405,-0.886755,-0.467887,0.036163,-0.706624,-0.483234,-0.092630,-0.566377,-0.434955,0.443542,-0.461445,-0.313015,0.305106,-0.582507,-0.464049,0.099120,-0.484106,-0.445014,-0.043511,-0.405554,-0.391421,0.466520,0.635329,0.261772,0.564697,0.364552,0.268904,0.635868,0.670921,0.741529
H,0.000000,0.000000,0.000000,-0.317692,-0.318547,-0.129878,-0.465352,-0.685184,-0.231562,-0.286605,-0.814442,-0.336021,-0.039160,-0.857669,-0.432897,-0.285709,-1.144311,-0.179212,-0.110784,-1.477459,-0.336710,0.027593,-1.668555,-0.432886,0.171511,-1.810915,-0.486256,0.000000,-0.977516,-0.210859,0.184104,-1.375092,-0.380141,0.351374,-1.599856,-0.475096,0.517599,-1.772425,-0.515946,0.247988,-0.733428,-0.252860,0.231303,-0.878708,-0.454701,0.032457,-0.702136,-0.469977,-0.095185,-0.564066,-0.423296,0.438656,-0.466772,-0.304311,0.296850,-0.575485,-0.450936,0.087292,-0.486976,-0.434424,-0.058376,-0.418486,-0.383694,0.455309,0.631285,0.255338,0.566000,0.360975,0.272154,0.630589,0.680265,0.732966
H,0.000000,0.000000,0.000000,-0.315089,-0.313896,-0.133592,-0.462527,-0.674204,-0.239562,-0.282529,-0.802706,-0.348142,-0.030670,-0.845852,-0.448897,-0.282682,-1.140312,-0.181729,-0.119247,-1.476070,-0.341227,0.017616,-1.668272,-0.439447,0.161664,-1.811361,-0.494498,0.000000,-0.976932,-0.213552,0.181950,-1.374450,-0.384723,0.346475,-1.605610,-0.481655,0.509993,-1.784118,-0.524183,0.242785,-0.735139,-0.256343,0.226000,-0.878039,-0.459694,0.027756,-0.703106,-0.476567,-0.100027,-0.566679,-0.430933,0.428149,-0.470275,-0.309019,0.286677,-0.578914,-0.456409,0.084441,-0.482606,-0.440265,-0.056275,-0.407630,-0.389990,0.470739,0.645456,0.271127,0.573360,0.352295,0.258906,0.609212,0.681300,0.732005
H,0.000000,0.000000,0.000000,-0.311806,-0.308920,-0.135732,-0.466081,-0.674771,-0.241303,-0.285199,-0.800562,-0.347834,-0.030280,-0.841063,-0.446457,-0.285291,-1.143406,-0.187614,-0.118012,-1.482005,-0.346604,0.019030,-1.673720,-0.443171,0.163376,-1.816792,-0.497193,0.000000,-0.975978,-0.217867,0.182877,-1.379319,-0.388853,0.347501,-1.607723,-0.484958,0.511697,-1.783604,-0.526872,0.244474,-0.732854,-0.258783,0.229501,-0.874902,-0.463993,0.036046,-0.695352,-0.481983,-0.087838,-0.557304,-0.437185,0.430702,-0.469744,-0.309336,0.287854,-0.570617,-0.460973,0.083698,-0.470519,-0.447584,-0.057848,-0.396725,-0.398957,0.472696,0.654579,0.267156,0.581785,0.349887,0.262563,0.607606,0.683907,0.729569
H,0.000000,0.000000,0.000000,-0.313215,-0.313302,-0.134757,-0.463300,-0.679022,-0.239351,-0.282181,-0.803083,-0.345013,-0.029286,-0.840090,-0.442853,-0.280815,-1.144813,-0.185332,-0.108390,-1.478582,-0.344242,0.030572,-1.668913,-0.441960,0.176330,-1.809635,-0.497147,0.000000,-0.976513,-0.215461,0.185164,-1.375317,-0.386674,0.352232,-1.601100,-0.483608,0.519162,-1.774146,-0.526489,0.240547,-0.732826,-0.256163,0.229742,-0.874944,-0.460158,0.035636,-0.695647,-0.477156,-0.089974,-0.558006,-0.432224,0.423646,-0.469503,-0.306632,0.283178,-0.570185,-0.457099,0.083053,-0.467607,-0.442959,-0.055159,-0.391922,-0.393997,0.471635,0.650887,0.266788,0.579321,0.345208,0.261936,0.600865,0.693024,0.720915
H,0.000000,0.000000,0.000000,-0.314988,-0.315905,-0.132687,-0.464262,-0.679737,-0.235922,-0.282008,-0.798629,-0.340556,-0.029391,-0.831512,-0.437644,-0.282221,-1.143381,-0.184363,-0.113674,-1.477969,-0.343354,0.024589,-1.669218,-0.441908,0.171021,-1.809640,-0.497985,-0.000000,-0.976574,-0.215180,0.180855,-1.375230,-0.385959,0.347796,-1.601888,-0.483980,0.515300,-1.774921,-0.528200,0.241646,-0.733167,-0.256315,0.230465,-0.873924,-0.458293,0.035504,-0.697525,-0.476390,-0.091737,-0.561945,-0.433170,0.424355,-0.470287,-0.307176,0.283267,-0.567430,-0.456014,0.082691,-0.467000,-0.442738,-0.056135,-0.393399,-0.395009,0.474697,0.658711,0.267202,0.585239,0.340606,0.264102,0.594467,0.689839,0.723962
H,0.000000,0.000000,0.000000,-0.308832,-0.307706,-0.134797,-0.466809,-0.671055,-0.240208,-0.286260,-0.787642,-0.345956,-0.030995,-0.822278,-0.444220,-0.283846,-1.141006,-0.192601,-0.115274,-1.477584,-0.353082,0.023608,-1.667220,-0.450675,0.171561,-1.806813,-0.505267,0.000000,-0.975020,-0.222118,0.179697,-1.376970,-0.392750,0.345506,-1.601695,-0.489079,0.511024,-1.775242,-0.531777,0.242104,-0.734502,-0.261785,0.231334,-0.867219,-0.464393,0.037401,-0.691793,-0.484767,-0.091594,-0.559489,-0.443166,0.424629,-0.474852,-0.311037,0.285431,-0.559003,-0.460496,0.081900,-0.460698,-0.449667,-0.061934,-0.392280,-0.403877,0.478365,0.666959,0.271330,0.595587,0.339956,0.266914,0.588248,0.687189,0.726479
H,0.000000,0.000000,0.000000,-0.304665,-0.298958,-0.139465,-0.464185,-0.659631,-0.247577,-0.288484,-0.783583,-0.354569,-0.038540,-0.827172,-0.453499,-0.283729,-1.139358,-0.199584,-0.110065,-1.470521,-0.361231,0.028856,-1.660595,-0.460358,0.177180,-1.801938,-0.516745,0.000000,-0.973936,-0.226822,0.182070,-1.368732,-0.398307,0.350830,-1.591968,-0.495236,0.520124,-1.764966,-0.539477,0.239648,-0.734541,-0.264291,0.231262,-0.860984,-0.466484,0.032298,-0.688740,-0.486009,-0.101119,-0.557691,-0.445171,0.419184,-0.477058,-0.311975,0.275834,-0.555678,-0.463185,0.069637,-0.458397,-0.454489,-0.076561,-0.391138,-0.410678,0.471222,0.653856,0.272778,0.587369,0.348953,0.272222,0.593397,0.693254,0.720693
H,0.000000,0.000000,0.000000,-0.307523,-0.303591,-0.135902,-0.464653,-0.663898,-0.243164,-0.286905,-0.784615,-0.350305,-0.038260,-0.827857,-0.449779,-0.285781,-1.138705,-0.198678,-0.112956,-1.474198,-0.360978,0.026405,-1.665728,-0.460353,0.175292,-1.807500,-0.516582,0.000000,-0.973729,-0.227708,0.179295,-1.371812,-0.400104,0.348896,-1.595348,-0.497141,0.518385,-1.767678,-0.541076,0.242628,-0.734017,-0.266573,0.229986,-0.863799,-0.468353,0.034204,-0.687119,-0.486482,-0.096586,-0.552899,-0.444539,0.424338,-0.476296,-0.315426,0.280416,-0.556768,-0.465035,0.072811,-0.460605,-0.454515,-0.075895,-0.394987,-0.409439,0.470048,0.656675,0.268437,0.587949,0.348237,0.271279,0.596358,0.690530,0.723303
H,0.000000,0.000000,0.000000,-0.306972,-0.302452,-0.136040,-0.465518,-0.664482,-0.243296,-0.285795,-0.787463,-0.350197,-0.034095,-0.828497,-0.449227,-0.286210,-1.138589,-0.199015,-0.112959,-1.474910,-0.359901,0.027792,-1.665120,-0.457507,0.178006,-1.804582,-0.512607,0.000000,-0.973773,-0.227521,0.182675,-1.374350,-0.398734,0.353561,-1.597887,-0.494561,0.523399,-1.769056,-0.537587,0.244212,-0.733534,-0.265677,0.231625,-0.868076,-0.467957,0.035698,-0.693112,-0.486915,-0.095877,-0.558552,-0.445464,0.428112,-0.474483,-0.313566,0.279954,-0.557089,-0.464934,0.066933,-0.464067,-0.455798,-0.087391,-0.399963,-0.411559,0.471513,0.657305,0.267248,0.589487,0.346646,0.269304,0.597801,0.690510,0.723323
I,0.000000,0.000000,0.000000,-0.185420,-0.166751,-0.081267,-0.326407,-0.512595,-0.121078,-0.322260,-0.869323,-0.170752,-0.144983,-1.064006,-0.198874,-0.144304,-0.967242,0.013805,-0.170346,-1.188425,-0.107063,-0.189948,-0.907545,-0.162216,-0.187745,-0.737068,-0.175151,0.000000,-0.999959,0.009032,-0.023825,-1.238673,-0.159979,-0.084140,-0.867135,-0.207923,-0.114358,-0.618956,-0.190059,0.141530,-0.990164,-0.021458,0.111324,-1.184307,-0.189035,0.016156,-0.811347,-0.196309,-0.036720,-0.531822,-0.140718,0.274276,-0.953762,-0.058765,0.366906,-1.315363,-0.152254,0.436313,-1.576449,-0.182564,0.497790,-1.829787,-0.177676,0.233658,0.156693,0.261432,0.216104,0.344990,0.283306,0.455590,0.979018,-0.203776
I,0.000000,0.000000,0.000000,-0.189975,-0.167787,-0.076020,-0.331834,-0.518764,-0.115834,-0.332212,-0.875722,-0.166769,-0.148579,-1.051491,-0.198028,-0.139498,-0.966107,0.019656,-0.163075,-1.210610,-0.098852,-0.194449,-0.937153,-0.155148,-0.198889,-0.762651,-0.168429,0.000000,-0.999901,0.014058,-0.025406,-1.242309,-0.145532,-0.090292,-0.876225,-0.190710,-0.121282,-0.632780,-0.172642,0.140262,-0.993260,-0.016831,0.105003,-1.192505,-0.175815,0.007207,-0.827263,-0.184843,-0.045739,-0.552942,-0.132101,0.274694,-0.964211,-0.053943,0.363164,-1.335233,-0.138402,0.425364,-1.595891,-0.165549,0.479727,-1.847236,-0.159890,0.234006,0.188055,0.264040,0.233107,0.345907,0.291003,0.455564,0.979903,-0.199477
K,0.000000,0.000000,0.000000,-0.140551,-0.385615,-0.082277,-0.149793,-0.837368,-0.112927,-0.078192,-1.227033,-0.151211,-0.071171,-1.532478,-0.175591,-0.171180,-1.034288,-0.010141,-0.231452,-1.478789,-0.089314,-0.276857,-1.758012,-0.136910,-0.303144,-2.018161,-0.166854,0.000000,-0.999597,-0.028396,0.098471,-1.493818,-0.167109,0.196149,-1.855830,-0.259610,0.297319,-2.166047,-0.300066,0.152091,-0.858828,-0.057420,0.177379,-1.042417,-0.234470,0.072293,-0.700543,-0.236848,0.008498,-0.443325,-0.180498,0.286050,-0.695685,-0.091498,0.273721,-0.864157,-0.217024,0.188050,-0.617340,-0.189758,0.134239,-0.421678,-0.132403,0.534386,0.189779,0.557399,0.174198,0.719454,0.552633,0.913729,0.995651,-0.093167
K,0.000000,0.000000,0.000000,-0.145669,-0.355814,-0.075899,-0.159148,-0.818583,-0.105189,-0.081965,-1.220620,-0.141983,-0.065878,-1.528211,-0.165367,-0.162942,-1.022721,-0.014861,-0.223073,-1.466524,-0.093568,-0.264308,-1.743455,-0.140584,-0.286311,-2.000448,-0.171482,0.000000,-0.999380,-0.035221,0.075230,-1.487760,-0.171937,0.158264,-1.842994,-0.262207,0.249966,-2.147437,-0.303810,0.149166,-0.870133,-0.064822,0.167929,-1.071649,-0.232741,0.065245,-0.728620,-0.228652,0.002333,-0.464757,-0.172891,0.287431,-0.715242,-0.099764,0.270765,-0.873039,-0.219723,0.184169,-0.629699,-0.192105,0.127340,-0.438189,-0.137293,0.536278,0.183496,0.548581,0.146939,0.699586,0.517353,0.888847,0.996062,-0.088663
K,0.000000,0.000000,0.000000,-0.149544,-0.349626,-0.076972,-0.174662,-0.813231,-0.109296,-0.106354,-1.211538,-0.151173,-0.080127,-1.525325,-0.181807,-0.161637,-1.029799,-0.014991,-0.213590,-1.482945,-0.100719,-0.248303,-1.764282,-0.150431,-0.263082,-2.019903,-0.179906,-0.000000,-0.999262,-0.038415,0.061330,-1.497108,-0.177712,0.128009,-1.842654,-0.263829,0.208689,-2.143840,-0.298618,0.150770,-0.870891,-0.072581,0.150215,-1.072591,-0.246353,0.049040,-0.716208,-0.236849,-0.004426,-0.454592,-0.172479,0.289434,-0.709900,-0.112068,0.253530,-0.890822,-0.229345,0.168454,-0.642563,-0.191378,0.118170,-0.449481,-0.127384,0.529167,0.161814,0.551112,0.144302,0.702515,0.512047,0.897974,0.997314,-0.073242
K,0.000000,0.000000,0.000000,-0.152771,-0.342374,-0.078969,-0.178315,-0.804010,-0.113046,-0.104725,-1.199857,-0.156422,-0.076209,-1.522797,-0.188822,-0.162866,-1.029837,-0.015967,-0.217220,-1.488149,-0.099932,-0.252399,-1.772030,-0.147481,-0.265841,-2.028545,-0.175059,0.000000,-0.999255,-0.038598,0.058781,-1.498706,-0.174699,0.123735,-1.843780,-0.258551,0.204136,-2.144152,-0.291721,0.150348,-0.870349,-0.072216,0.144888,-1.071327,-0.243091,0.044346,-0.714525,-0.233148,-0.006577,-0.454571,-0.169103,0.288852,-0.710389,-0.111262,0.247746,-0.893148,-0.225522,0.163954,-0.644534,-0.186056,0.116874,-0.452440,-0.121564,0.529526,0.170253,0.549974,0.137848,0.700438,0.505623,0.894031,0.997714,-0.067575
K,0.000000,0.000000,0.000000,-0.158404,-0.398513,-0.040883,-0.166331,-0.843105,-0.057834,-0.072652,-1.247756,-0.090572,-0.040338,-1.539064,-0.111373,-0.172925,-1.026491,0.029856,-0.224010,-1.479033,-0.052701,-0.255375,-1.766384,-0.112510,-0.268523,-2.033187,-0.153478,-0.000000,-0.999955,-0.009498,0.118748,-1.522994,-0.141858,0.229611,-1.876785,-0.236023,0.346186,-2.205416,-0.280519,0.155999,-0.863371,-0.056529,0.183524,-1.123700,-0.209130,0.063599,-0.784755,-0.190297,0.002418,-0.558210,-0.128226,0.303018,-0.691516,-0.107739,0.288433,-0.900343,-0.202843,0.196118,-0.671735,-0.152127,0.151204,-0.516068,-0.084270,0.547956,0.201944,0.550131,0.162776,0.705774,0.481869,0.914464,0.991498,-0.130121
K,0.000000,0.000000,0.000000,-0.163317,-0.428088,-0.031444,-0.169484,-0.866223,-0.023730,-0.068213,-1.276341,-0.035663,-0.038065,-1.559064,-0.035474,-0.177448,-1.013477,0.110009,-0.223085,-1.476496,0.053709,-0.249077,-1.772660,0.002887,-0.259878,-2.050940,-0.033836,0.000000,-0.997364,0.072554,0.114773,-1.532974,-0.035876,0.224040,-1.910582,-0.129140,0.332307,-2.254913,-0.174275,0.160573,-0.871761,0.022050,0.196720,-1.172344,-0.132202,0.083451,-0.817038,-0.134522,0.019643,-0.567318,-0.082183,0.314067,-0.714538,-0.030858,0.311780,-0.955752,-0.133402,0.221554,-0.708848,-0.096667,0.175583,-0.533290,-0.037059,0.581599,0.221368,0.573259,0.155049,0.717741,0.462637,0.915009,0.987647,-0.156694
K,0.000000,0.000000,0.000000,-0.160790,-0.427123,-0.028812,-0.166770,-0.869863,-0.017597,-0.068625,-1.273050,-0.025446,-0.049874,-1.550624,-0.020716,-0.174079,-1.013526,0.109549,-0.223656,-1.474209,0.055086,-0.253070,-1.765330,0.008086,-0.267935,-2.036865,-0.024745,0.000000,-0.997287,0.073612,0.109885,-1.535344,-0.031580,0.212316,-1.903913,-0.119440,0.315828,-2.242417,-0.159788,0.157859,-0.871994,0.024912,0.191893,-1.166477,-0.124063,0.084292,-0.813239,-0.122342,0.028997,-0.575551,-0.067637,0.310498,-0.711266,-0.026097,0.308810,-0.951684,-0.122820,0.220807,-0.704199,-0.083352,0.178755,-0.537508,-0.022480,0.566454,0.204414,0.563531,0.160856,0.711178,0.465512,0.913466,0.988318,-0.152403
K,0.000000,0.000000,0.000000,-0.162711,-0.430402,-0.030425,-0.167680,-0.874652,-0.023888,-0.067118,-1.278066,-0.036324,-0.042318,-1.551618,-0.036564,-0.176369,-1.019081,0.098240,-0.218952,-1.481611,0.040833,-0.243016,-1.776036,-0.009737,-0.254282,-2.050910,-0.045954,0.000000,-0.998095,0.061692,0.113039,-1.526328,-0.045184,0.218776,-1.899853,-0.134840,0.324155,-2.241410,-0.178398,0.159791,-0.870154,0.013062,0.197602,-1.168082,-0.134028,0.085330,-0.818942,-0.130687,0.021994,-0.569348,-0.076674,0.314025,-0.709982,-0.038417,0.313090,-0.954909,-0.134226,0.224766,-0.716220,-0.094117,0.178464,-0.539500,-0.033431,0.565453,0.205161,0.563766,0.157637,0.712533,0.462774,0.913966,0.988928,-0.148393
K,0.000000,0.000000,0.000000,-0.164824,-0.427208,-0.033159,-0.167869,-0.882232,-0.031022,-0.065497,-1.284192,-0.046918,-0.034649,-1.555461,-0.050762,-0.178322,-1.024340,0.078824,-0.215131,-1.491758,0.011507,-0.235424,-1.788937,-0.045714,-0.241587,-2.068037,-0.086668,0.000000,-0.999151,0.041204,0.118172,-1.522818,-0.079054,0.226917,-1.895454,-0.176659,0.335946,-2.240633,-0.225236,0.162319,-0.868573,-0.006674,0.201903,-1.155737,-0.159746,0.088101,-0.799875,-0.153808,0.022414,-0.553360,-0.098187,0.316098,-0.709548,-0.057720,0.315096,-0.938432,-0.156560,0.224986,-0.693290,-0.114079,0.175028,-0.521654,-0.051433,0.565264,0.201269,0.564924,0.158809,0.715930,0.477088,0.915773,0.988857,-0.148867
K,0.000000,0.000000,0.000000,-0.162445,-0.412708,-0.038464,-0.168911,-0.870294,-0.044643,-0.072931,-1.268853,-0.067635,-0.044764,-1.544886,-0.079495,-0.175328,-1.026848,0.051776,-0.213613,-1.494453,-0.022188,-0.237415,-1.788028,-0.078588,-0.248051,-2.061227,-0.117133,0.000000,-0.999900,0.014138,0.114889,-1.527835,-0.111987,0.219157,-1.895799,-0.205539,0.325822,-2.238613,-0.249283,0.161247,-0.867920,-0.032510,0.197936,-1.145522,-0.187009,0.086853,-0.790077,-0.173876,0.023887,-0.549822,-0.112738,0.313169,-0.703704,-0.082746,0.311293,-0.931791,-0.180708,0.223411,-0.686722,-0.132616,0.174483,-0.517220,-0.065527,0.550130,0.185304,0.554780,0.163815,0.709177,0.479536,0.914174,0.989442,-0.144927
K,0.000000,0.000000,0.000000,-0.127242,-0.447842,-0.061123,-0.128831,-0.895783,-0.071779,-0.063987,-1.282900,-0.095079,-0.038390,-1.571584,-0.104717,-0.163221,-1.070800,0.035453,-0.170494,-1.554941,-0.038706,-0.181207,-1.854658,-0.093375,-0.182547,-2.134380,-0.130432,0.000000,-0.999926,0.012133,0.136313,-1.475886,-0.123853,0.253782,-1.826938,-0.223953,0.367265,-2.142266,-0.273290,0.146585,-0.846414,-0.022926,0.230319,-1.064402,-0.197185,0.130020,-0.732141,-0.214120,0.059268,-0.483289,-0.171014,0.271877,-0.688770,-0.061920,0.319846,-0.870127,-0.187496,0.235600,-0.649089,-0.173856,0.173372,-0.473611,-0.128878,0.534804,0.148614,0.584739,0.200113,0.752846,0.581367,0.936727,0.994239,-0.107190
K,0.000000,0.000000,0.000000,-0.106671,-0.405874,-0.105216,-0.088775,-0.877848,-0.130857,-0.027349,-1.245288,-0.154564,-0.012270,-1.541044,-0.161925,-0.158251,-1.092778,-0.035838,-0.147576,-1.566478,-0.115250,-0.146136,-1.878531,-0.164419,-0.129577,-2.164546,-0.197977,0.000000,-0.999460,-0.032862,0.170320,-1.408346,-0.174264,0.306740,-1.730965,-0.267404,0.433629,-2.009491,-0.310561,0.133182,-0.822310,-0.041693,0.269641,-0.941276,-0.215195,0.179869,-0.605902,-0.217604,0.104044,-0.374015,-0.164065,0.236561,-0.646984,-0.058164,0.314150,-0.745949,-0.190981,0.247268,-0.503493,-0.178014,0.190025,-0.340401,-0.130694,0.488007,0.145373,0.556885,0.226053,0.743095,0.664855,0.933823,0.999863,-0.016560
K,0.000000,0.000000,0.000000,-0.106804,-0.413862,-0.103541,-0.091144,-0.876615,-0.132318,-0.035359,-1.239732,-0.160515,-0.017057,-1.529466,-0.172773,-0.160100,-1.082245,-0.033682,-0.142681,-1.548723,-0.119347,-0.139666,-1.852241,-0.176101,-0.124218,-2.133549,-0.215315,-0.000000,-0.999420,-0.034043,0.166274,-1.418734,-0.184922,0.299231,-1.743021,-0.286117,0.423159,-2.024879,-0.335330,0.138717,-0.832718,-0.046033,0.264258,-0.956622,-0.224665,0.170893,-0.626181,-0.230004,0.094338,-0.401397,-0.179091,0.249040,-0.674613,-0.065767,0.315756,-0.775076,-0.199472,0.245268,-0.534476,-0.186321,0.188022,-0.373452,-0.139940,0.489708,0.137864,0.548165,0.214521,0.725111,0.640297,0.901682,0.998787,-0.049244
K,0.000000,0.000000,0.000000,-0.114480,-0.423318,-0.091086,-0.101449,-0.893807,-0.109730,-0.046044,-1.267136,-0.131934,-0.030287,-1.554063,-0.138401,-0.157637,-1.082906,0.003412,-0.151389,-1.545519,-0.076013,-0.156519,-1.845690,-0.133119,-0.150034,-2.121506,-0.173031,0.000000,-0.999994,-0.003346,0.147625,-1.428709,-0.148553,0.273612,-1.754254,-0.251433,0.391996,-2.042446,-0.302410,0.140627,-0.839984,-0.023712,0.250337,-1.005345,-0.204290,0.163057,-0.678047,-0.219732,0.094061,-0.448510,-0.175454,0.258015,-0.690311,-0.050533,0.314719,-0.821178,-0.185890,0.241508,-0.581922,-0.177890,0.186812,-0.415880,-0.135924,0.508249,0.136495,0.571094,0.217875,0.743151,0.619825,0.914826,0.996866,-0.079110
K,0.000000,0.000000,0.000000,-0.116741,-0.406371,-0.094721,-0.104371,-0.867839,-0.117621,-0.043884,-1.240054,-0.143880,-0.032721,-1.535990,-0.154748,-0.162300,-1.070205,-0.009090,-0.158535,-1.538427,-0.090556,-0.165982,-1.829477,-0.149177,-0.161656,-2.106372,-0.190614,0.000000,-0.999859,-0.016786,0.146437,-1.445124,-0.160317,0.273193,-1.780557,-0.263077,0.391893,-2.080909,-0.315500,0.143605,-0.844253,-0.037472,0.250348,-1.016361,-0.214494,0.163178,-0.678426,-0.226682,0.093295,-0.445792,-0.182979,0.261790,-0.692201,-0.065412,0.322622,-0.820789,-0.197715,0.246219,-0.573180,-0.186086,0.187546,-0.404840,-0.143208,0.504938,0.141264,0.554564,0.200961,0.723426,0.594737,0.898164,0.995386,-0.095950
K,0.000000,0.000000,0.000000,-0.119144,-0.406980,-0.096677,-0.105617,-0.871336,-0.123956,-0.041602,-1.248842,-0.155113,-0.027635,-1.549242,-0.171065,-0.165394,-1.068780,-0.019327,-0.162422,-1.546978,-0.105004,-0.168649,-1.841286,-0.165356,-0.161432,-2.122113,-0.208357,0.000000,-0.999592,-0.028550,0.145715,-1.445605,-0.178466,0.272897,-1.788727,-0.284649,0.393216,-2.095634,-0.339786,0.145396,-0.846078,-0.050270,0.252243,-1.019718,-0.229998,0.164189,-0.684162,-0.240875,0.092581,-0.446351,-0.196917,0.265074,-0.696083,-0.079828,0.328271,-0.822781,-0.213915,0.252955,-0.579061,-0.202446,0.192943,-0.405611,-0.159902,0.522346,0.150122,0.568497,0.202103,0.734146,0.601830,0.906577,0.995657,-0.093100
K,0.000000,0.000000,0.000000,-0.125232,-0.415255,-0.093006,-0.109641,-0.879433,-0.125548,-0.044961,-1.264534,-0.163762,-0.035029,-1.564484,-0.186200,-0.166443,-1.074646,-0.031031,-0.169752,-1.560197,-0.129529,-0.178793,-1.865320,-0.201012,-0.175052,-2.154058,-0.252717,0.000000,-0.998854,-0.047868,0.140668,-1.455161,-0.211219,0.265766,-1.808177,-0.326646,0.385046,-2.124249,-0.389382,0.148243,-0.836657,-0.075921,0.249866,-1.031339,-0.259895,0.162056,-0.692199,-0.263502,0.094968,-0.455421,-0.216201,0.271638,-0.679842,-0.112351,0.331981,-0.823169,-0.246570,0.255721,-0.581788,-0.228325,0.198143,-0.413668,-0.181953,0.530366,0.146220,0.583353,0.208440,0.758606,0.608967,0.939197,0.996231,-0.086738
K,0.000000,0.000000,0.000000,-0.124077,-0.403865,-0.100953,-0.109340,-0.874331,-0.132625,-0.045752,-1.261158,-0.167814,-0.033935,-1.567484,-0.187042,-0.168625,-1.069120,-0.027026,-0.166686,-1.555352,-0.119710,-0.173498,-1.859571,-0.184398,-0.167512,-2.144655,-0.230164,0.000000,-0.999345,-0.036175,0.140353,-1.457929,-0.195442,0.263146,-1.805692,-0.306734,0.380917,-2.115805,-0.364197,0.149307,-0.841141,-0.057335,0.245375,-1.028850,-0.240017,0.157155,-0.687067,-0.242926,0.090408,-0.452097,-0.192560,0.272175,-0.687597,-0.086980,0.324459,-0.827042,-0.219392,0.250126,-0.581869,-0.200195,0.194329,-0.415358,-0.151564,0.540475,0.149344,0.588807,0.206031,0.760247,0.609055,0.936972,0.996289,-0.086066
K,0.000000,0.000000,0.000000,-0.120794,-0.405596,-0.095516,-0.108318,-0.871518,-0.122805,-0.045472,-1.255255,-0.154511,-0.031701,-1.554359,-0.170818,-0.166758,-1.070280,-0.014193,-0.164003,-1.547673,-0.100166,-0.169949,-1.847919,-0.160238,-0.163783,-2.128423,-0.202483,-0.000000,-0.999718,-0.023742,0.138824,-1.455387,-0.173111,0.261284,-1.796333,-0.278484,0.378894,-2.101104,-0.331917,0.147883,-0.840017,-0.045591,0.244217,-1.018718,-0.223115,0.153048,-0.681669,-0.228886,0.083333,-0.444284,-0.180301,0.268879,-0.679393,-0.075184,0.319850,-0.819472,-0.205124,0.244519,-0.577682,-0.187945,0.188230,-0.405926,-0.140553,0.526408,0.150133,0.574685,0.197179,0.747139,0.604795,0.930086,0.996170,-0.087432
K,0.000000,0.000000,0.000000,-0.122138,-0.408139,-0.090444,-0.108166,-0.876660,-0.116799,-0.044503,-1.261113,-0.148076,-0.033731,-1.554529,-0.164050,-0.167211,-1.068761,-0.015971,-0.167022,-1.544300,-0.103525,-0.175288,-1.845178,-0.165607,-0.171012,-2.125296,-0.209652,0.000000,-0.999615,-0.027759,0.136047,-1.454118,-0.178326,0.253760,-1.796348,-0.285093,0.368607,-2.102207,-0.340562,0.148843,-0.841071,-0.050715,0.240300,-1.026346,-0.225203,0.147711,-0.692691,-0.227929,0.079412,-0.453882,-0.178999,0.271318,-0.680727,-0.081400,0.317652,-0.826572,-0.208839,0.242745,-0.589912,-0.189976,0.187413,-0.419305,-0.142261,0.525085,0.146747,0.572401,0.197764,0.745118,0.598172,0.929201,0.996523,-0.083313
K,0.000000,0.000000,0.000000,-0.122545,-0.411095,-0.087236,-0.110206,-0.878798,-0.111520,-0.045227,-1.266302,-0.141336,-0.034352,-1.559342,-0.155996,-0.166330,-1.072505,-0.010239,-0.166009,-1.550529,-0.095117,-0.173124,-1.851903,-0.155702,-0.167586,-2.132927,-0.198678,0.000000,-0.999741,-0.022760,0.137194,-1.455967,-0.168908,0.255415,-1.795938,-0.272794,0.370378,-2.099765,-0.326616,0.147912,-0.839866,-0.046625,0.240842,-1.033359,-0.219088,0.145616,-0.701281,-0.222991,0.075889,-0.459205,-0.174999,0.269880,-0.676701,-0.077815,0.317240,-0.830287,-0.204313,0.240304,-0.596416,-0.186293,0.184010,-0.423880,-0.139197,0.525046,0.145319,0.576268,0.200702,0.750218,0.596968,0.936869,0.996315,-0.085770
K,0.000000,0.000000,0.000000,-0.123612,-0.414077,-0.088816,-0.113694,-0.877104,-0.114873,-0.049367,-1.263619,-0.146771,-0.037076,-1.564048,-0.163533,-0.165895,-1.073163,-0.010495,-0.164273,-1.551510,-0.096730,-0.173595,-1.849549,-0.158642,-0.170632,-2.129197,-0.202745,-0.000000,-0.999708,-0.024166,0.134325,-1.457141,-0.173267,0.250405,-1.796892,-0.279451,0.364365,-2.100117,-0.335031,0.148732,-0.838638,-0.049555,0.239922,-1.031970,-0.225530,0.144481,-0.699812,-0.230976,0.074660,-0.460234,-0.184104,0.272095,-0.675378,-0.082406,0.319218,-0.828415,-0.212350,0.240280,-0.593170,-0.195433,0.181834,-0.420814,-0.149205,0.530079,0.144219,0.582476,0.202242,0.757454,0.603058,0.944406,0.996656,-0.081714
K,0.000000,0.000000,0.000000,-0.127673,-0.409326,-0.088207,-0.116469,-0.876659,-0.117378,-0.052648,-1.262471,-0.151831,-0.037589,-1.553610,-0.171416,-0.167901,-1.071976,-0.026291,-0.168091,-1.548156,-0.117589,-0.177032,-1.849576,-0.181397,-0.172868,-2.128560,-0.226564,0.000000,-0.999180,-0.040491,0.136895,-1.454979,-0.194003,0.251350,-1.796916,-0.300323,0.364452,-2.099659,-0.355842,0.149185,-0.839041,-0.065006,0.239163,-1.037824,-0.240027,0.142889,-0.703940,-0.240061,0.074159,-0.464939,-0.189921,0.272845,-0.675922,-0.097006,0.315615,-0.831623,-0.224451,0.237511,-0.596398,-0.204003,0.180399,-0.425723,-0.155358,0.519629,0.141272,0.570918,0.201700,0.746202,0.589351,0.933939,0.996595,-0.082452
K,0.000000,0.000000,0.000000,-0.122746,-0.417264,-0.080723,-0.113931,-0.879913,-0.104056,-0.052106,-1.263308,-0.134030,-0.037668,-1.554938,-0.149472,-0.164023,-1.071335,-0.007593,-0.166548,-1.545538,-0.089310,-0.176849,-1.842413,-0.146962,-0.174822,-2.119203,-0.187767,0.000000,-0.999751,-0.022297,0.134836,-1.454040,-0.166166,0.247820,-1.792404,-0.268246,0.358939,-2.091423,-0.320921,0.146201,-0.842081,-0.047456,0.233646,-1.040430,-0.217984,0.137518,-0.710763,-0.223190,0.068506,-0.467571,-0.176443,0.269467,-0.681645,-0.079008,0.312128,-0.843457,-0.204008,0.234155,-0.610374,-0.186611,0.176607,-0.435523,-0.140285,0.519583,0.142540,0.570810,0.200541,0.743222,0.585682,0.928406,0.996643,-0.081867
L,0.000000,0.000000,0.000000,-0.198896,-0.256756,-0.021040,-0.376370,-0.561983,-0.071234,-0.532524,-0.751351,-0.146398,-0.672502,-0.855897,-0.218833,-0.123057,-1.038905,0.004156,-0.115782,-1.442342,-0.117379,-0.094523,-1.704148,-0.172940,-0.060244,-1.962868,-0.202971,0.000000,-0.999016,-0.044348,-0.167038,-1.118622,-0.189113,-0.203977,-0.723140,-0.169755,-0.122553,-0.697680,-0.118307,0.129529,-0.919288,-0.114209,-0.025964,-1.023443,-0.259863,-0.069759,-0.662896,-0.184810,0.008352,-0.658325,-0.097793,0.260152,-0.804177,-0.188681,0.133968,-0.912532,-0.259276,0.067731,-0.664555,-0.199094,0.119975,-0.608532,-0.135485,0.620569,0.814952,0.709357,0.570439,0.811306,0.669153,0.934573,0.999976,-0.006878
L,0.000000,0.000000,0.000000,-0.200389,-0.221396,-0.017399,-0.370189,-0.458861,-0.072504,-0.534593,-0.541358,-0.153033,-0.665848,-0.582860,-0.234072,-0.108934,-0.999753,-0.008793,-0.138162,-1.368060,-0.114549,-0.111626,-1.606916,-0.167417,-0.074360,-1.861044,-0.202837,0.000000,-0.998206,-0.059864,-0.213991,-1.043420,-0.194889,-0.224313,-0.688379,-0.186760,-0.127546,-0.671459,-0.152835,0.114769,-0.948624,-0.127609,-0.086975,-0.967781,-0.247966,-0.104844,-0.646051,-0.176228,-0.013039,-0.671015,-0.102871,0.227518,-0.851108,-0.201585,0.067296,-0.910107,-0.249949,0.022567,-0.676683,-0.186920,0.092278,-0.650712,-0.129887,0.731234,0.953560,0.803874,0.646394,0.868608,0.695306,0.933335,0.992622,-0.121248
L,0.000000,0.000000,0.000000,-0.205227,-0.222248,-0.015849,-0.377018,-0.458762,-0.070696,-0.538509,-0.550557,-0.151156,-0.666961,-0.600849,-0.231912,-0.109755,-1.004822,-0.010173,-0.136494,-1.381918,-0.119198,-0.111022,-1.627236,-0.176366,-0.076506,-1.881008,-0.214128,0.000000,-0.998156,-0.060698,-0.210262,-1.047009,-0.198502,-0.221955,-0.685337,-0.193565,-0.127650,-0.667302,-0.161247,0.115919,-0.949798,-0.127347,-0.080616,-0.978265,-0.248729,-0.100949,-0.652397,-0.176632,-0.010071,-0.674552,-0.102204,0.229100,-0.857430,-0.200054,0.072626,-0.925654,-0.248444,0.024636,-0.689520,-0.183887,0.094037,-0.662959,-0.124728,0.723077,0.950877,0.794987,0.639335,0.863481,0.697514,0.932616,0.992722,-0.120431
L,0.000000,0.000000,0.000000,-0.205573,-0.221519,-0.013510,-0.378433,-0.451995,-0.069748,-0.535983,-0.548234,-0.152742,-0.663899,-0.603133,-0.236415,-0.110218,-1.007081,-0.008303,-0.131007,-1.383880,-0.118074,-0.107822,-1.632258,-0.174872,-0.075763,-1.884197,-0.211883,0.000000,-0.998096,-0.061686,-0.210167,-1.046624,-0.200893,-0.224060,-0.681362,-0.194945,-0.130246,-0.663581,-0.160720,0.115112,-0.949399,-0.131260,-0.081668,-0.974985,-0.256806,-0.101856,-0.644407,-0.184313,-0.011105,-0.668332,-0.107964,0.228723,-0.858206,-0.206301,0.070759,-0.922821,-0.257257,0.024618,-0.682488,-0.191397,0.095399,-0.658364,-0.130267,0.722338,0.952651,0.792015,0.635467,0.858962,0.691145,0.928840,0.993067,-0.117550
L,0.000000,0.000000,0.000000,-0.204119,-0.222827,-0.009991,-0.375415,-0.456520,-0.064112,-0.532157,-0.552913,-0.145920,-0.661029,-0.608184,-0.228714,-0.109352,-1.007332,-0.004943,-0.130382,-1.386097,-0.114430,-0.107085,-1.633789,-0.170945,-0.073733,-1.886378,-0.207740,0.000000,-0.998148,-0.060830,-0.209626,-1.047640,-0.198955,-0.225577,-0.684185,-0.192905,-0.132263,-0.666443,-0.159060,0.114565,-0.948569,-0.132898,-0.082674,-0.973932,-0.258027,-0.103341,-0.646179,-0.186221,-0.012233,-0.670110,-0.110827,0.228429,-0.856534,-0.210188,0.069343,-0.923005,-0.261682,0.022760,-0.684800,-0.196380,0.093047,-0.658830,-0.135851,0.716757,0.948575,0.785631,0.630692,0.852402,0.684927,0.923665,0.993098,-0.117289
L,0.000000,0.000000,0.000000,-0.202080,-0.220943,-0.009163,-0.374120,-0.455150,-0.061813,-0.530912,-0.551324,-0.142177,-0.659026,-0.608002,-0.223427,-0.109322,-1.007978,-0.003386,-0.126807,-1.393310,-0.112469,-0.102364,-1.641953,-0.167575,-0.066726,-1.892701,-0.202969,-0.000000,-0.998251,-0.059123,-0.205958,-1.050271,-0.196791,-0.224937,-0.687754,-0.189052,-0.131161,-0.668547,-0.153685,0.115502,-0.946570,-0.131371,-0.078435,-0.974675,-0.256861,-0.102581,-0.644141,-0.185201,-0.010895,-0.669272,-0.109632,0.230804,-0.851364,-0.208521,0.075177,-0.918501,-0.260061,0.025820,-0.679412,-0.195180,0.095594,-0.653373,-0.134952,0.714544,0.955131,0.783329,0.633705,0.850291,0.687497,0.922629,0.993098,-0.117291
L,0.000000,0.000000,0.000000,-0.203093,-0.221673,-0.011964,-0.372666,-0.453997,-0.066161,-0.528859,-0.551185,-0.147055,-0.655971,-0.611399,-0.228277,-0.110584,-1.003545,-0.004295,-0.134428,-1.380482,-0.110905,-0.112615,-1.624989,-0.165922,-0.079991,-1.873713,-0.202484,0.000000,-0.998259,-0.058990,-0.208853,-1.044074,-0.196596,-0.225111,-0.685383,-0.192216,-0.132287,-0.662908,-0.160064,0.114652,-0.947544,-0.129920,-0.081770,-0.967018,-0.256111,-0.103727,-0.641849,-0.187495,-0.014256,-0.664177,-0.114539,0.228481,-0.853454,-0.205939,0.067265,-0.905653,-0.258985,0.022005,-0.668617,-0.197065,0.092041,-0.646518,-0.139444,0.708092,0.936628,0.780139,0.622997,0.846479,0.675978,0.917248,0.993250,-0.115997
L,0.000000,0.000000,0.000000,-0.201543,-0.224594,-0.013369,-0.373394,-0.461568,-0.068128,-0.531740,-0.558965,-0.149527,-0.659327,-0.620518,-0.230675,-0.108016,-1.007056,-0.006013,-0.134773,-1.377952,-0.115890,-0.112403,-1.620093,-0.171422,-0.080099,-1.873224,-0.206972,0.000000,-0.998295,-0.058362,-0.211100,-1.044219,-0.194951,-0.224917,-0.685738,-0.185955,-0.129105,-0.678008,-0.150255,0.114017,-0.948371,-0.127506,-0.083095,-0.975411,-0.251476,-0.104027,-0.648773,-0.178532,-0.011337,-0.678329,-0.102655,0.226843,-0.855636,-0.202106,0.070498,-0.921016,-0.251344,0.022626,-0.682754,-0.185900,0.093698,-0.658138,-0.125819,0.709808,0.928460,0.779179,0.617824,0.846282,0.677071,0.917275,0.993266,-0.115854
L,0.000000,0.000000,0.000000,-0.202179,-0.222591,-0.013572,-0.372701,-0.456039,-0.068926,-0.530145,-0.552216,-0.150882,-0.658413,-0.608755,-0.233134,-0.107352,-1.003652,-0.006836,-0.133934,-1.378263,-0.115373,-0.112995,-1.624956,-0.170463,-0.082504,-1.875372,-0.206374,0.000000,-0.998210,-0.059811,-0.212927,-1.042757,-0.196298,-0.225792,-0.683735,-0.188011,-0.130998,-0.668344,-0.153009,0.114572,-0.950508,-0.129315,-0.085698,-0.973742,-0.253705,-0.103512,-0.647009,-0.181195,-0.011318,-0.672524,-0.105823,0.229072,-0.856990,-0.204316,0.069294,-0.915983,-0.255332,0.024592,-0.677230,-0.190399,0.095551,-0.652108,-0.130653,0.714718,0.938663,0.784362,0.623035,0.851516,0.679442,0.921998,0.993561,-0.113298
L,0.000000,0.000000,0.000000,-0.202373,-0.221831,-0.015093,-0.372728,-0.457302,-0.070642,-0.531746,-0.555359,-0.152136,-0.659486,-0.614798,-0.233675,-0.107750,-1.004441,-0.008169,-0.133247,-1.383986,-0.116429,-0.110725,-1.630947,-0.172339,-0.079389,-1.883021,-0.209270,0.000000,-0.998193,-0.060083,-0.210200,-1.045232,-0.197399,-0.223427,-0.687470,-0.191919,-0.130454,-0.670291,-0.159304,0.114921,-0.949888,-0.128267,-0.082448,-0.975622,-0.251327,-0.101600,-0.648847,-0.180053,-0.011352,-0.672212,-0.106246,0.229676,-0.856926,-0.202197,0.071553,-0.916904,-0.252355,0.026250,-0.678645,-0.188326,0.096263,-0.654002,-0.129487,0.712100,0.939321,0.782335,0.623255,0.850354,0.680793,0.922076,0.993266,-0.115855
L,0.000000,0.000000,0.000000,-0.202444,-0.219411,-0.013231,-0.373448,-0.455388,-0.067309,-0.531738,-0.551906,-0.147762,-0.658110,-0.609095,-0.228643,-0.108199,-1.004646,-0.006537,-0.131461,-1.384151,-0.114697,-0.107755,-1.630449,-0.169379,-0.074705,-1.881811,-0.205000,0.000000,-0.998229,-0.059487,-0.209821,-1.046048,-0.196799,-0.225030,-0.685726,-0.189702,-0.132246,-0.669505,-0.155246,0.115271,-0.949589,-0.128790,-0.081621,-0.973052,-0.253374,-0.102228,-0.644207,-0.181842,-0.011610,-0.670465,-0.106884,0.230000,-0.857059,-0.203436,0.071962,-0.917460,-0.255206,0.026507,-0.677866,-0.191218,0.097130,-0.653548,-0.131800,0.712877,0.943956,0.783037,0.626821,0.850896,0.682214,0.922420,0.993018,-0.117963
L,0.000000,0.000000,0.000000,-0.203025,-0.219289,-0.010830,-0.374147,-0.453965,-0.065308,-0.529993,-0.553352,-0.146968,-0.658251,-0.612441,-0.229063,-0.108751,-1.005889,-0.006219,-0.132307,-1.387882,-0.114992,-0.109762,-1.635166,-0.169916,-0.077184,-1.887347,-0.205495,0.000000,-0.998141,-0.060949,-0.206672,-1.049450,-0.198312,-0.222480,-0.689080,-0.190436,-0.129448,-0.673529,-0.155527,0.114793,-0.949816,-0.131907,-0.080780,-0.977075,-0.256607,-0.101559,-0.648344,-0.184000,-0.010196,-0.673457,-0.108545,0.229377,-0.859226,-0.208047,0.070725,-0.921746,-0.259353,0.025510,-0.681133,-0.194147,0.097496,-0.656618,-0.134003,0.711626,0.943895,0.781231,0.629163,0.849034,0.683513,0.921536,0.992984,-0.118249
L,0.000000,0.000000,0.000000,-0.195060,-0.225537,-0.020498,-0.363811,-0.470268,-0.074779,-0.518079,-0.589442,-0.151695,-0.653730,-0.662824,-0.227659,-0.110278,-0.996104,-0.013179,-0.171302,-1.345612,-0.123575,-0.189478,-1.585892,-0.180005,-0.196245,-1.821999,-0.216171,0.000000,-0.998154,-0.060737,-0.201877,-1.050040,-0.192623,-0.216769,-0.686205,-0.180300,-0.127560,-0.672374,-0.142692,0.117659,-0.952394,-0.125679,-0.080011,-0.972097,-0.255267,-0.099015,-0.638767,-0.186345,-0.007868,-0.663332,-0.111715,0.235292,-0.861370,-0.195343,0.071179,-0.915062,-0.253237,0.025403,-0.671364,-0.191587,0.096573,-0.644060,-0.133457,0.672620,0.842478,0.753440,0.596100,0.830236,0.652354,0.911496,0.991844,-0.127458
L,0.000000,0.000000,0.000000,-0.198779,-0.220781,-0.015673,-0.364719,-0.463515,-0.069725,-0.515466,-0.574770,-0.149402,-0.639530,-0.645466,-0.227884,-0.108969,-1.001495,-0.008770,-0.140930,-1.368356,-0.121140,-0.114281,-1.607007,-0.175262,-0.076136,-1.860355,-0.208514,-0.000000,-0.998235,-0.059391,-0.206411,-1.032145,-0.197396,-0.218041,-0.674113,-0.186459,-0.125778,-0.673823,-0.149019,0.114425,-0.952201,-0.127155,-0.080291,-0.965566,-0.255669,-0.096988,-0.641227,-0.181755,-0.007226,-0.672184,-0.103956,0.227862,-0.861478,-0.200349,0.068847,-0.916998,-0.254013,0.026601,-0.678153,-0.188886,0.097175,-0.654317,-0.127888,0.675472,0.884627,0.749556,0.581414,0.820172,0.644968,0.894309,0.991932,-0.126773
L,0.000000,0.000000,0.000000,-0.199173,-0.215889,-0.017604,-0.364889,-0.456039,-0.071878,-0.515871,-0.564914,-0.151536,-0.638176,-0.632277,-0.229591,-0.109210,-1.000261,-0.008439,-0.136543,-1.367218,-0.122515,-0.105103,-1.606558,-0.177571,-0.063141,-1.862147,-0.210824,0.000000,-0.998327,-0.057825,-0.207128,-1.025531,-0.197204,-0.219596,-0.666907,-0.186553,-0.128211,-0.669952,-0.148595,0.114407,-0.951597,-0.124718,-0.080329,-0.958364,-0.254719,-0.097427,-0.634449,-0.180995,-0.008902,-0.667940,-0.102341,0.226710,-0.859811,-0.197165,0.068258,-0.909643,-0.250447,0.026955,-0.674353,-0.184875,0.097285,-0.654676,-0.123045,0.681267,0.896236,0.755489,0.584379,0.824224,0.646650,0.894902,0.991407,-0.130815
L,0.000000,0.000000,0.000000,-0.202951,-0.220023,-0.016575,-0.369966,-0.455490,-0.073875,-0.516899,-0.564461,-0.157086,-0.639693,-0.635829,-0.238919,-0.107803,-1.005581,-0.014768,-0.138293,-1.378287,-0.131021,-0.109146,-1.622416,-0.186684,-0.069581,-1.880492,-0.220032,0.000000,-0.997806,-0.066200,-0.211810,-1.024916,-0.208173,-0.223196,-0.665159,-0.197186,-0.132908,-0.671808,-0.158785,0.112663,-0.950624,-0.134748,-0.085445,-0.962230,-0.267277,-0.100745,-0.635661,-0.191868,-0.012598,-0.672397,-0.111801,0.223976,-0.860886,-0.208641,0.062729,-0.914813,-0.264206,0.022411,-0.675114,-0.197544,0.092889,-0.656744,-0.134384,0.685469,0.902379,0.755028,0.579153,0.822185,0.643842,0.893025,0.992221,-0.124488
L,0.000000,0.000000,0.000000,-0.204679,-0.209895,-0.016287,-0.371319,-0.448277,-0.070434,-0.526214,-0.546346,-0.149905,-0.649679,-0.607441,-0.228588,-0.110753,-1.000984,-0.013209,-0.128776,-1.382503,-0.127176,-0.092782,-1.636174,-0.185703,-0.045931,-1.897625,-0.222704,-0.000000,-0.997932,-0.064271,-0.215541,-1.016804,-0.204292,-0.227421,-0.663717,-0.196287,-0.130228,-0.656837,-0.161195,0.112990,-0.946163,-0.132158,-0.087466,-0.943991,-0.258997,-0.106023,-0.629005,-0.185267,-0.015726,-0.660421,-0.108342,0.223517,-0.848528,-0.205918,0.061101,-0.890758,-0.258335,0.018349,-0.661158,-0.193031,0.088222,-0.643783,-0.131861,0.701217,0.939332,0.775607,0.597196,0.840057,0.655953,0.906151,0.992113,-0.125350
L,0.000000,0.000000,0.000000,-0.177442,-0.159303,-0.095759,-0.358906,-0.381282,-0.183797,-0.552854,-0.429145,-0.279984,-0.712074,-0.401416,-0.374201,-0.142349,-1.039042,-0.088287,-0.103559,-1.422126,-0.206423,-0.072108,-1.699151,-0.254558,-0.032304,-1.933993,-0.280540,0.000000,-0.994823,-0.101627,-0.033983,-1.104569,-0.234984,-0.091348,-0.720203,-0.206143,-0.073740,-0.730600,-0.151985,0.145939,-0.903616,-0.138270,0.116320,-0.962375,-0.274378,0.042411,-0.627067,-0.199075,0.047845,-0.658280,-0.115197,0.276747,-0.787101,-0.185698,0.254882,-0.878855,-0.250808,0.171132,-0.632395,-0.188864,0.163362,-0.603958,-0.126639,0.901610,1.200121,0.966166,0.986718,1.021790,1.005424,1.077986,0.990905,-0.134564
L,0.000000,0.000000,0.000000,-0.181520,-0.155756,-0.096193,-0.362356,-0.375614,-0.186857,-0.561212,-0.424457,-0.285914,-0.714770,-0.403272,-0.382809,-0.143440,-1.028255,-0.094252,-0.103801,-1.428163,-0.219189,-0.068767,-1.715504,-0.269551,-0.022104,-1.958921,-0.295296,0.000000,-0.994505,-0.104691,-0.053526,-1.083723,-0.240580,-0.112017,-0.699302,-0.207130,-0.084676,-0.720215,-0.149764,0.145662,-0.908523,-0.138935,0.103350,-0.950607,-0.275421,0.028256,-0.617462,-0.195532,0.042397,-0.655233,-0.108448,0.275270,-0.796116,-0.184247,0.246371,-0.878562,-0.247740,0.159207,-0.632709,-0.184036,0.156246,-0.604648,-0.120122,0.894587,1.204349,0.968401,0.959419,1.027179,0.990165,1.083482,0.991451,-0.130478
L,0.000000,0.000000,0.000000,-0.182804,-0.156690,-0.094922,-0.364607,-0.376456,-0.185468,-0.563405,-0.425835,-0.284757,-0.717645,-0.400924,-0.381904,-0.144214,-1.029136,-0.093874,-0.106501,-1.429177,-0.219766,-0.071660,-1.716630,-0.271171,-0.025727,-1.961727,-0.297605,0.000000,-0.994412,-0.105573,-0.054113,-1.081569,-0.242583,-0.110491,-0.700585,-0.210123,-0.083037,-0.721322,-0.153457,0.146441,-0.908352,-0.140992,0.101748,-0.947975,-0.277656,0.030239,-0.617066,-0.197658,0.046461,-0.655828,-0.110735,0.277214,-0.796599,-0.187435,0.246092,-0.878903,-0.249908,0.161948,-0.633791,-0.185210,0.162307,-0.607042,-0.120957,0.898017,1.207099,0.971390,0.960709,1.030614,0.990725,1.088173,0.991737,-0.128289
L,0.000000,0.000000,0.000000,-0.182968,-0.158005,-0.096903,-0.364402,-0.376596,-0.187884,-0.562013,-0.428362,-0.286584,-0.716042,-0.409267,-0.382644,-0.143788,-1.032284,-0.098089,-0.104937,-1.434152,-0.227580,-0.070404,-1.723898,-0.281034,-0.024814,-1.973049,-0.307963,0.000000,-0.994171,-0.107812,-0.050918,-1.085365,-0.245059,-0.109947,-0.697907,-0.210824,-0.086575,-0.721661,-0.152833,0.146394,-0.908969,-0.141666,0.105217,-0.955400,-0.279300,0.031749,-0.618437,-0.197796,0.045135,-0.658355,-0.109600,0.276924,-0.800370,-0.186590,0.248216,-0.885347,-0.250463,0.163741,-0.635940,-0.185302,0.162927,-0.608251,-0.120241,0.892523,1.203281,0.964553,0.958347,1.025460,0.991669,1.085071,0.991781,-0.127945
L,0.000000,0.000000,0.000000,-0.183964,-0.159280,-0.098200,-0.363990,-0.379037,-0.190325,-0.562620,-0.432503,-0.290196,-0.716327,-0.412550,-0.387158,-0.144237,-1.032868,-0.097659,-0.105652,-1.438051,-0.227882,-0.070316,-1.730449,-0.280707,-0.023009,-1.979927,-0.306777,-0.000000,-0.994295,-0.106661,-0.050714,-1.093024,-0.243803,-0.110185,-0.702363,-0.206845,-0.085671,-0.725390,-0.146284,0.146857,-0.909384,-0.140376,0.106024,-0.956930,-0.277462,0.032370,-0.618578,-0.194142,0.047067,-0.660061,-0.104398,0.277451,-0.801491,-0.185450,0.248462,-0.885496,-0.247774,0.163856,-0.636448,-0.181895,0.163927,-0.610606,-0.116475,0.892128,1.204137,0.964485,0.962620,1.026076,0.992293,1.086074,0.991655,-0.128917
L,0.000000,0.000000,0.000000,-0.181591,-0.159400,-0.101840,-0.360854,-0.379749,-0.193217,-0.558340,-0.434307,-0.290683,-0.712816,-0.416103,-0.384402,-0.143999,-1.036657,-0.099587,-0.103692,-1.435618,-0.233640,-0.068408,-1.726862,-0.289293,-0.020512,-1.976615,-0.316166,0.000000,-0.994359,-0.106062,-0.046639,-1.099459,-0.243650,-0.108554,-0.704600,-0.205448,-0.086112,-0.727661,-0.142927,0.146760,-0.907075,-0.138254,0.110500,-0.961662,-0.278307,0.034801,-0.621168,-0.196387,0.048530,-0.665745,-0.105879,0.278629,-0.799193,-0.181723,0.252817,-0.888829,-0.246461,0.167922,-0.639708,-0.181428,0.167347,-0.613783,-0.115663,0.888684,1.197151,0.959145,0.964665,1.020055,0.993347,1.082035,0.991312,-0.131528
L,0.000000,0.000000,0.000000,-0.180583,-0.160142,-0.094992,-0.362320,-0.383109,-0.185190,-0.559627,-0.442316,-0.283735,-0.714730,-0.423451,-0.379487,-0.142195,-1.032717,-0.093956,-0.102160,-1.433471,-0.223068,-0.068363,-1.721746,-0.275633,-0.023876,-1.966846,-0.301785,-0.000000,-0.994500,-0.104732,-0.056178,-1.094136,-0.241986,-0.115321,-0.702742,-0.206187,-0.087804,-0.725297,-0.146188,0.145508,-0.907383,-0.139722,0.103502,-0.959240,-0.278224,0.029644,-0.623289,-0.196112,0.046662,-0.664727,-0.106364,0.275956,-0.795294,-0.185527,0.247662,-0.885395,-0.248532,0.160943,-0.639071,-0.182245,0.159451,-0.611028,-0.116151,0.883475,1.191575,0.955210,0.949956,1.015720,0.983273,1.075801,0.991512,-0.130012
L,0.000000,0.000000,0.000000,-0.180711,-0.158975,-0.095506,-0.362709,-0.379330,-0.186339,-0.560068,-0.436391,-0.285315,-0.715304,-0.419393,-0.381268,-0.141764,-1.034206,-0.095260,-0.102243,-1.435511,-0.226252,-0.068219,-1.725178,-0.280303,-0.023392,-1.970993,-0.307194,0.000000,-0.994374,-0.105926,-0.055243,-1.097340,-0.244076,-0.116056,-0.703167,-0.207788,-0.088779,-0.724238,-0.147129,0.145607,-0.905401,-0.141046,0.104904,-0.959871,-0.280774,0.030306,-0.622336,-0.198196,0.048044,-0.663726,-0.107740,0.276386,-0.791885,-0.186920,0.249239,-0.884023,-0.250456,0.162320,-0.636844,-0.183561,0.161832,-0.609343,-0.116913,0.888112,1.196816,0.958162,0.956093,1.017388,0.987398,1.077019,0.991534,-0.129845
L,0.000000,0.000000,0.000000,-0.180389,-0.160119,-0.096091,-0.361946,-0.382116,-0.185568,-0.559175,-0.438580,-0.282722,-0.714319,-0.421237,-0.376648,-0.142833,-1.036392,-0.095115,-0.102115,-1.437895,-0.225804,-0.066948,-1.725997,-0.279893,-0.022157,-1.971651,-0.306857,-0.000000,-0.994453,-0.105185,-0.054917,-1.093237,-0.243070,-0.113050,-0.703107,-0.208233,-0.086698,-0.728618,-0.149054,0.146350,-0.906471,-0.139778,0.104648,-0.958228,-0.278559,0.031856,-0.623204,-0.196997,0.048850,-0.667872,-0.107779,0.277225,-0.794777,-0.185298,0.248644,-0.885398,-0.248750,0.163404,-0.639182,-0.182968,0.162828,-0.612227,-0.117197,0.885591,1.196303,0.955258,0.950914,1.016026,0.984219,1.076710,0.991585,-0.129455
L,0.000000,0.000000,0.000000,-0.180506,-0.160484,-0.096104,-0.361254,-0.382306,-0.186595,-0.558792,-0.437654,-0.285242,-0.713873,-0.419483,-0.381045,-0.142137,-1.036066,-0.094687,-0.102564,-1.439114,-0.224930,-0.067882,-1.729666,-0.278794,-0.023414,-1.976761,-0.305793,0.000000,-0.994452,-0.105193,-0.056534,-1.093634,-0.243254,-0.114024,-0.705353,-0.208554,-0.086326,-0.729491,-0.149334,0.146035,-0.906642,-0.140180,0.102809,-0.957011,-0.278100,0.030778,-0.623072,-0.195997,0.048917,-0.666619,-0.106555,0.276793,-0.795004,-0.186300,0.246951,-0.885252,-0.248701,0.161767,-0.639306,-0.182401,0.162279,-0.612400,-0.116424,0.888289,1.199050,0.957235,0.951609,1.017242,0.983109,1.077201,0.991610,-0.129266
M,0.000000,0.000000,0.000000,-0.146752,-0.271713,-0.072710,-0.136841,-0.689268,-0.118035,0.065663,-0.902949,-0.170855,0.232311,-1.076824,-0.216573,-0.139350,-0.957480,-0.013373,-0.201816,-1.084601,-0.134404,-0.212010,-0.787957,-0.227287,-0.215625,-0.521610,-0.274091,-0.000000,-0.999677,-0.025407,-0.065830,-1.155807,-0.154201,-0.081088,-0.803137,-0.215023,-0.085271,-0.520466,-0.229968,0.145719,-0.965564,-0.058181,0.138479,-1.237537,-0.171001,0.092954,-0.907256,-0.177473,0.051678,-0.629439,-0.155187,0.286214,-0.885345,-0.099589,0.277996,-1.027269,-0.178674,0.205296,-0.800530,-0.178631,0.140533,-0.628129,-0.160243,0.440074,0.441904,0.310587,0.314670,0.212050,0.191598,0.230770,0.996837,-0.079468
M,0.000000,0.000000,0.000000,-0.147182,-0.265745,-0.075735,-0.137345,-0.686409,-0.122689,0.071057,-0.904734,-0.176756,0.239817,-1.081843,-0.223875,-0.137647,-0.956156,-0.017078,-0.202388,-1.075164,-0.143592,-0.215867,-0.774560,-0.240873,-0.221178,-0.504479,-0.290296,0.000000,-0.999568,-0.029404,-0.069069,-1.158967,-0.164163,-0.085312,-0.800320,-0.226663,-0.088460,-0.515163,-0.241489,0.146771,-0.964670,-0.063024,0.135555,-1.240232,-0.178758,0.089863,-0.901005,-0.182487,0.050104,-0.625560,-0.157731,0.289179,-0.882803,-0.105697,0.277316,-1.020334,-0.183660,0.206981,-0.789542,-0.180387,0.147969,-0.625607,-0.160049,0.448376,0.449483,0.319531,0.323919,0.219681,0.194918,0.236684,0.997121,-0.075831
M,0.000000,0.000000,0.000000,-0.151484,-0.272731,-0.072901,-0.142063,-0.697951,-0.117404,0.068817,-0.913372,-0.170598,0.236101,-1.086938,-0.217340,-0.138849,-0.955689,-0.005115,-0.210163,-1.081059,-0.131544,-0.222464,-0.781671,-0.231372,-0.224455,-0.511146,-0.282670,0.000000,-0.999821,-0.018930,-0.073377,-1.160260,-0.153482,-0.088472,-0.801637,-0.220212,-0.090677,-0.519907,-0.237747,0.146582,-0.965550,-0.054534,0.130970,-1.239310,-0.169735,0.085849,-0.901190,-0.177122,0.046124,-0.629152,-0.154757,0.288506,-0.884874,-0.099140,0.273845,-1.013598,-0.175990,0.203484,-0.784762,-0.174611,0.143521,-0.626993,-0.155875,0.450392,0.454474,0.320468,0.324392,0.221933,0.191144,0.239890,0.997694,-0.067870
M,0.000000,0.000000,0.000000,-0.151064,-0.271704,-0.072502,-0.141332,-0.699129,-0.116878,0.067115,-0.915823,-0.169924,0.236722,-1.091785,-0.216123,-0.139202,-0.956862,-0.008243,-0.206745,-1.096417,-0.134311,-0.222182,-0.793895,-0.232021,-0.226791,-0.521795,-0.281259,0.000000,-0.999764,-0.021730,-0.070290,-1.179518,-0.154445,-0.085801,-0.821645,-0.216111,-0.086831,-0.533619,-0.229907,0.147038,-0.964914,-0.056956,0.132220,-1.258626,-0.169599,0.087253,-0.916542,-0.170963,0.049159,-0.638624,-0.144621,0.290533,-0.882660,-0.101394,0.278503,-1.038761,-0.175518,0.206707,-0.807428,-0.169427,0.146344,-0.639570,-0.147365,0.450263,0.450974,0.319834,0.325204,0.222427,0.202289,0.244524,0.997944,-0.064085
M,0.000000,0.000000,0.000000,-0.148289,-0.289749,-0.083320,-0.133128,-0.704916,-0.134236,0.079011,-0.913342,-0.193448,0.246397,-1.081504,-0.246725,-0.140762,-0.966102,-0.016933,-0.205106,-1.116509,-0.153119,-0.218766,-0.818282,-0.260835,-0.219203,-0.538805,-0.315107,0.000000,-0.999611,-0.027876,-0.058691,-1.198186,-0.167981,-0.084901,-0.844058,-0.238371,-0.090881,-0.552859,-0.257906,0.144989,-0.952366,-0.062125,0.145527,-1.259140,-0.182069,0.090162,-0.930380,-0.192239,0.047356,-0.647491,-0.170084,0.279960,-0.858162,-0.106471,0.287581,-1.040619,-0.184359,0.221705,-0.838397,-0.183269,0.165418,-0.678280,-0.164179,0.464773,0.462431,0.339577,0.335997,0.247057,0.214264,0.265856,0.999319,-0.036890
M,0.000000,0.000000,0.000000,-0.151141,-0.283183,-0.089095,-0.140219,-0.704989,-0.142510,0.065194,-0.914671,-0.203496,0.232709,-1.082718,-0.257335,-0.139342,-0.965318,-0.023922,-0.202576,-1.119793,-0.166273,-0.213365,-0.818604,-0.275293,-0.212565,-0.536920,-0.328566,0.000000,-0.999449,-0.033194,-0.053287,-1.203654,-0.177021,-0.076441,-0.845199,-0.244779,-0.079979,-0.553499,-0.261323,0.143275,-0.955517,-0.067191,0.150961,-1.262593,-0.190154,0.098129,-0.931013,-0.196413,0.056628,-0.647420,-0.170447,0.277488,-0.865367,-0.112246,0.299101,-1.064345,-0.191901,0.231952,-0.858578,-0.188783,0.170071,-0.691966,-0.167500,0.454627,0.446250,0.333656,0.320733,0.245628,0.208689,0.265136,0.999263,-0.038372
M,0.000000,0.000000,0.000000,-0.149897,-0.284374,-0.085820,-0.138473,-0.705477,-0.138880,0.067730,-0.913299,-0.200031,0.236276,-1.079640,-0.254275,-0.139790,-0.966413,-0.021660,-0.202871,-1.121505,-0.163175,-0.213146,-0.818812,-0.271681,-0.211707,-0.536592,-0.324689,-0.000000,-0.999478,-0.032300,-0.052836,-1.204664,-0.175720,-0.076793,-0.845380,-0.242386,-0.081604,-0.552183,-0.257952,0.143845,-0.954433,-0.067290,0.150963,-1.263295,-0.188709,0.098173,-0.932601,-0.193103,0.056778,-0.650751,-0.166204,0.278327,-0.863998,-0.113059,0.294902,-1.060503,-0.190842,0.228251,-0.853017,-0.185991,0.169060,-0.688055,-0.163765,0.456461,0.450446,0.333954,0.324634,0.243277,0.212853,0.261174,0.999238,-0.039025
N,0.000000,0.000000,0.000000,-0.159431,-0.357553,-0.097879,-0.132856,-0.807056,-0.150894,0.083908,-1.058258,-0.205068,0.266444,-1.240678,-0.253625,-0.143259,-0.994654,0.000722,-0.182697,-1.178912,-0.140109,-0.190398,-0.921799,-0.260215,-0.191415,-0.658507,-0.324413,0.000000,-0.999954,-0.009550,-0.022183,-1.299411,-0.162253,-0.041242,-0.984303,-0.257650,-0.050882,-0.687154,-0.290552,0.148441,-0.936148,-0.045246,0.201846,-1.269008,-0.183140,0.146756,-1.034519,-0.228160,0.089159,-0.800723,-0.227676,0.284130,-0.833498,-0.090174,0.296434,-1.014708,-0.178870,0.226677,-0.805535,-0.189418,0.159747,-0.627057,-0.180803,0.541366,0.467363,0.434181,0.308389,0.387408,0.099717,0.439119,0.999968,0.008051
N,0.000000,0.000000,0.000000,-0.149996,-0.322352,-0.092775,-0.125233,-0.771183,-0.144169,0.079185,-1.026975,-0.195895,0.237896,-1.228268,-0.240906,-0.138939,-0.981804,-0.014812,-0.199605,-1.108711,-0.158931,-0.202452,-0.832766,-0.277628,-0.190898,-0.555677,-0.339610,0.000000,-0.999706,-0.024246,-0.047788,-1.260972,-0.171194,-0.054869,-0.945835,-0.249892,-0.045502,-0.654121,-0.272672,0.145177,-0.938009,-0.058273,0.185127,-1.240949,-0.185188,0.133252,-0.977097,-0.202826,0.084847,-0.732708,-0.185693,0.276579,-0.828470,-0.102767,0.281801,-0.988086,-0.182912,0.208839,-0.776626,-0.180220,0.147251,-0.614341,-0.162020,0.503853,0.460892,0.394685,0.295880,0.355249,0.077781,0.424756,0.999979,0.006466
N,0.000000,0.000000,0.000000,-0.149620,-0.313081,-0.098056,-0.126711,-0.769834,-0.152092,0.076403,-1.030001,-0.204569,0.242031,-1.228242,-0.249737,-0.140216,-0.980386,-0.026319,-0.201782,-1.106328,-0.174949,-0.200711,-0.832164,-0.295433,-0.187551,-0.555581,-0.357794,0.000000,-0.999441,-0.033445,-0.047854,-1.255943,-0.183552,-0.055892,-0.943174,-0.262396,-0.049943,-0.653384,-0.284798,0.146747,-0.940084,-0.065144,0.181363,-1.223368,-0.193452,0.125367,-0.952063,-0.209576,0.071932,-0.708156,-0.191210,0.279366,-0.834843,-0.107946,0.278358,-0.976176,-0.187944,0.204816,-0.761686,-0.184899,0.144380,-0.604201,-0.166416,0.507406,0.466290,0.397128,0.298632,0.355230,0.082900,0.419835,1.000000,-0.000908
N,0.000000,0.000000,0.000000,-0.147330,-0.310970,-0.098286,-0.127154,-0.763741,-0.153840,0.078838,-1.023844,-0.206934,0.246829,-1.224835,-0.252770,-0.138634,-0.981700,-0.031821,-0.194527,-1.122256,-0.173564,-0.197455,-0.846110,-0.288425,-0.190826,-0.568056,-0.348417,0.000000,-0.999281,-0.037902,-0.046164,-1.256599,-0.181693,-0.053202,-0.936838,-0.256983,-0.050370,-0.639832,-0.278446,0.145638,-0.940864,-0.067537,0.177482,-1.232857,-0.190161,0.125401,-0.966088,-0.206039,0.069882,-0.723071,-0.190055,0.279985,-0.835377,-0.107924,0.279793,-0.980983,-0.187175,0.208392,-0.760004,-0.184268,0.142739,-0.594705,-0.166959,0.506473,0.459990,0.397451,0.303160,0.353823,0.093772,0.416842,0.999998,-0.001983
O,0.000000,0.000000,0.000000,-0.211387,-0.269573,0.287635,-0.315588,-0.485998,0.377388,-0.421688,-0.643667,0.381153,-0.471275,-0.835863,0.369441,-0.021518,-0.937316,0.398226,-0.194617,-1.209027,0.442890,-0.337040,-1.091375,0.435058,-0.403597,-0.906069,0.425486,0.000000,-0.974608,0.223916,-0.201525,-1.297599,0.285717,-0.359398,-1.114306,0.272062,-0.402633,-0.916255,0.251024,-0.013020,-0.973887,0.056375,-0.218003,-1.306693,0.107148,-0.366676,-1.111949,0.127778,-0.409804,-0.889784,0.126133,-0.071168,-0.948981,-0.092907,-0.264918,-1.177915,-0.049637,-0.382063,-1.045905,-0.005295,-0.417134,-0.858300,0.019577,0.461955,0.470304,0.512375,0.541272,0.571890,0.595504,0.621809,0.999607,-0.028047
O,0.000000,0.000000,0.000000,-0.217173,-0.271104,0.278710,-0.314130,-0.483488,0.365320,-0.415961,-0.633323,0.368478,-0.471775,-0.810565,0.357686,-0.028146,-0.947627,0.373928,-0.203274,-1.221066,0.407566,-0.343643,-1.072960,0.396013,-0.394655,-0.865991,0.384316,0.000000,-0.979802,0.199970,-0.203976,-1.305021,0.242210,-0.360556,-1.105719,0.223555,-0.396421,-0.895170,0.202173,-0.006705,-0.968157,0.032701,-0.211782,-1.306373,0.065422,-0.359135,-1.096403,0.081468,-0.392270,-0.869425,0.080661,-0.061630,-0.929290,-0.116480,-0.257863,-1.168770,-0.086170,-0.373277,-1.024936,-0.045353,-0.395422,-0.829104,-0.021507,0.464603,0.493043,0.525440,0.574054,0.588847,0.631538,0.638081,0.998675,-0.051462
O,0.000000,0.000000,0.000000,-0.215871,-0.274554,0.280663,-0.313427,-0.485913,0.365911,-0.416113,-0.638852,0.366542,-0.469436,-0.821213,0.351744,-0.027255,-0.947012,0.379469,-0.205429,-1.217993,0.416983,-0.346458,-1.066601,0.406907,-0.397722,-0.860035,0.395394,-0.000000,-0.978805,0.204794,-0.207781,-1.299176,0.249838,-0.365074,-1.093650,0.229326,-0.400528,-0.880263,0.205665,-0.007626,-0.968583,0.037315,-0.216786,-1.299107,0.071125,-0.360239,-1.081230,0.083801,-0.391288,-0.846524,0.079751,-0.061998,-0.934725,-0.111562,-0.260112,-1.168182,-0.081655,-0.370793,-1.015600,-0.042561,-0.390335,-0.809906,-0.020451,0.460563,0.481030,0.516526,0.554343,0.577799,0.609065,0.627330,0.998852,-0.047907
O,0.000000,0.000000,0.000000,-0.215952,-0.275095,0.274523,-0.314351,-0.485608,0.357638,-0.419445,-0.635692,0.357307,-0.474689,-0.817818,0.341512,-0.028088,-0.948397,0.374657,-0.210105,-1.219067,0.409756,-0.350105,-1.065507,0.396843,-0.402260,-0.859013,0.383451,0.000000,-0.979018,0.203773,-0.213449,-1.298011,0.247156,-0.368752,-1.081869,0.223099,-0.403220,-0.866921,0.196465,-0.007170,-0.968801,0.039715,-0.222932,-1.299595,0.072190,-0.365660,-1.071088,0.079973,-0.396138,-0.834890,0.072096,-0.061369,-0.936439,-0.105941,-0.266074,-1.170090,-0.078534,-0.377430,-1.012446,-0.043333,-0.398050,-0.806752,-0.024269,0.466479,0.485452,0.519892,0.554739,0.576586,0.606651,0.620579,0.999061,-0.043325
O,0.000000,0.000000,0.000000,-0.216052,-0.274549,0.273150,-0.313346,-0.478043,0.352617,-0.419724,-0.624326,0.348209,-0.478032,-0.807784,0.327552,-0.027714,-0.948054,0.375105,-0.208793,-1.213379,0.410256,-0.349368,-1.058856,0.395872,-0.404937,-0.853721,0.381696,0.000000,-0.978894,0.204368,-0.209908,-1.293880,0.250795,-0.364775,-1.079900,0.226329,-0.402188,-0.867025,0.198862,-0.005660,-0.971126,0.040363,-0.216849,-1.297239,0.076176,-0.356702,-1.070239,0.084310,-0.388661,-0.831393,0.075869,-0.055625,-0.942567,-0.105489,-0.259385,-1.167077,-0.075576,-0.368988,-1.010313,-0.039308,-0.391843,-0.804127,-0.019548,0.474049,0.493798,0.522463,0.560421,0.576449,0.609075,0.619773,0.998649,-0.051962
O,0.000000,0.000000,0.000000,-0.218543,-0.266839,0.274882,-0.318802,-0.477110,0.359288,-0.423775,-0.631306,0.359013,-0.470490,-0.819185,0.343406,-0.029351,-0.934671,0.396962,-0.205540,-1.191224,0.438699,-0.343866,-1.046169,0.423491,-0.402295,-0.847578,0.407284,0.000000,-0.973901,0.226974,-0.210300,-1.267282,0.281222,-0.364998,-1.059118,0.252086,-0.405051,-0.850273,0.219095,-0.006192,-0.974811,0.062776,-0.218648,-1.279372,0.107034,-0.362536,-1.056724,0.110274,-0.399008,-0.823236,0.095762,-0.058885,-0.952053,-0.083877,-0.259215,-1.163507,-0.046459,-0.374637,-1.012967,-0.012799,-0.406867,-0.815728,0.002640,0.459139,0.466575,0.508777,0.521878,0.564399,0.575385,0.607983,0.998785,-0.049286
P,0.000000,0.000000,0.000000,0.070138,-0.329080,-0.366594,0.201001,-0.729778,-0.383399,0.339752,-1.047705,-0.307299,0.418628,-1.338374,-0.192068,-0.167193,-1.134802,-0.163516,0.260267,-1.489482,-0.201751,0.553026,-1.644089,-0.223107,0.823582,-1.765368,-0.231556,0.000000,-0.998572,0.053428,0.587586,-1.079168,0.009303,1.054909,-1.060598,-0.038865,1.441363,-1.048587,-0.069568,0.161179,-0.847374,0.227643,0.585930,-0.812712,0.120689,0.719838,-0.668180,0.003109,0.769856,-0.602969,-0.050768,0.295703,-0.716887,0.375709,0.519007,-0.632342,0.235039,0.578370,-0.482068,0.110610,0.578248,-0.403983,0.048195,0.620840,0.219102,0.592438,0.369168,0.695354,0.634135,0.850721,0.457798,0.889056
P,0.000000,0.000000,0.000000,0.077055,-0.373269,-0.289861,0.211483,-0.739633,-0.340782,0.311902,-1.017668,-0.339039,0.398099,-1.280118,-0.308161,-0.094378,-1.185470,-0.137079,0.206720,-1.525568,-0.207125,0.332957,-1.767213,-0.257369,0.449238,-1.978236,-0.298710,0.000000,-0.999961,-0.008854,0.513693,-0.956527,-0.162404,0.981831,-0.736995,-0.238597,1.337992,-0.530540,-0.266950,0.103059,-0.780345,0.085717,0.575645,-0.618988,-0.093273,0.621419,-0.358941,-0.140618,0.545316,-0.236832,-0.126554,0.171004,-0.610451,0.155638,0.516549,-0.449685,-0.024382,0.586197,-0.279698,-0.106657,0.550300,-0.226368,-0.129731,0.529869,0.327231,0.571450,0.373254,0.701399,0.717491,0.845657,0.632114,0.774875
P,0.000000,0.000000,0.000000,0.040674,-0.368885,-0.349832,0.189862,-0.727706,-0.394336,0.313404,-1.007416,-0.371483,0.395590,-1.298731,-0.315256,-0.136329,-1.184881,-0.110373,0.194279,-1.536512,-0.153055,0.367841,-1.765454,-0.191462,0.529188,-1.963024,-0.223008,0.000000,-0.998159,0.060656,0.541090,-0.989023,-0.055285,1.030114,-0.863076,-0.129366,1.410301,-0.733030,-0.161010,0.125269,-0.788321,0.186886,0.600882,-0.638490,0.023687,0.577109,-0.373813,-0.041760,0.444910,-0.270518,-0.038576,0.211652,-0.636763,0.283873,0.542248,-0.488600,0.116125,0.568949,-0.314415,0.027994,0.492922,-0.273750,-0.000703,0.581272,0.351247,0.623012,0.429737,0.765335,0.770029,0.911586,0.607494,0.794324
P,0.000000,0.000000,0.000000,0.107624,-0.396874,-0.262293,0.256961,-0.767187,-0.383774,0.360892,-1.022634,-0.464667,0.459828,-1.283379,-0.519954,-0.078080,-1.185822,-0.286020,0.296515,-1.491787,-0.438682,0.474369,-1.709239,-0.554819,0.633827,-1.908185,-0.649400,0.000000,-0.973747,-0.227634,0.573743,-0.954460,-0.431225,1.073253,-0.775425,-0.521137,1.455529,-0.626713,-0.580166,0.089245,-0.723292,-0.192723,0.586343,-0.668147,-0.356958,0.513033,-0.494341,-0.320239,0.333728,-0.455944,-0.282265,0.144332,-0.515191,-0.188983,0.513170,-0.440964,-0.334428,0.512308,-0.347555,-0.338680,0.396222,-0.371800,-0.327931,0.594632,0.276966,0.626710,0.359218,0.747068,0.648910,0.893976,0.642059,0.766655
P,0.000000,0.000000,0.000000,0.125932,-0.407785,-0.256438,0.285406,-0.757652,-0.417023,0.363578,-1.009587,-0.533504,0.451856,-1.286013,-0.624727,-0.078011,-1.147117,-0.424545,0.279966,-1.500564,-0.631121,0.441529,-1.747056,-0.781682,0.601817,-1.966484,-0.901722,0.000000,-0.924179,-0.381959,0.608039,-0.938703,-0.639454,1.142307,-0.785342,-0.748369,1.548300,-0.658199,-0.826303,0.105381,-0.667500,-0.350606,0.612569,-0.663943,-0.520009,0.523480,-0.509359,-0.454672,0.325897,-0.467758,-0.409914,0.167456,-0.466093,-0.351392,0.546555,-0.423063,-0.495685,0.532128,-0.357679,-0.483486,0.392383,-0.388607,-0.467895,0.583201,0.274990,0.627721,0.381097,0.760095,0.650973,0.909870,0.604572,0.796550
P,0.000000,0.000000,0.000000,0.127775,-0.413928,-0.242207,0.310747,-0.757430,-0.378801,0.404295,-0.990617,-0.467787,0.495433,-1.255739,-0.528057,-0.066519,-1.150540,-0.413343,0.317856,-1.466935,-0.618981,0.487559,-1.703500,-0.767305,0.651609,-1.913593,-0.885095,-0.000000,-0.926566,-0.376132,0.590215,-0.943958,-0.622185,1.111284,-0.774302,-0.720320,1.513548,-0.632995,-0.792160,0.102651,-0.670391,-0.351938,0.615725,-0.655680,-0.519039,0.538478,-0.507808,-0.457987,0.348344,-0.486238,-0.415807,0.170375,-0.462752,-0.359098,0.525889,-0.432017,-0.508205,0.503942,-0.388191,-0.505304,0.352409,-0.440720,-0.496602,0.583110,0.290525,0.613914,0.339191,0.726587,0.612064,0.873520,0.625743,0.780029
P,0.000000,0.000000,0.000000,0.083265,-0.380890,-0.326425,0.232676,-0.747990,-0.456081,0.321205,-1.036936,-0.523948,0.401108,-1.324824,-0.559880,-0.102775,-1.160516,-0.349158,0.254545,-1.518376,-0.509566,0.411481,-1.762691,-0.628622,0.563859,-1.980850,-0.723634,0.000000,-0.970377,-0.241596,0.584903,-0.969642,-0.457855,1.126786,-0.803694,-0.551490,1.550243,-0.656475,-0.608940,0.119829,-0.736962,-0.158704,0.595389,-0.661332,-0.314417,0.502989,-0.492940,-0.274080,0.303014,-0.456763,-0.233609,0.186278,-0.546359,-0.113499,0.529141,-0.451139,-0.249845,0.485529,-0.379794,-0.256144,0.326145,-0.426049,-0.245795,0.570351,0.247941,0.622756,0.412727,0.765273,0.733634,0.922722,0.594747,0.803913
P,0.000000,0.000000,0.000000,0.105078,-0.362347,-0.317775,0.256744,-0.727887,-0.416715,0.346219,-1.014621,-0.455994,0.421364,-1.291468,-0.462582,-0.110286,-1.166003,-0.266804,0.254297,-1.498030,-0.395600,0.417826,-1.732985,-0.492926,0.570578,-1.941352,-0.571260,0.000000,-0.988747,-0.149596,0.561991,-0.982426,-0.331546,1.075168,-0.828134,-0.415104,1.482234,-0.685626,-0.463422,0.120778,-0.764417,-0.062082,0.576992,-0.678104,-0.212785,0.477400,-0.515473,-0.196413,0.281761,-0.479736,-0.164591,0.192613,-0.572207,-0.009382,0.513749,-0.475471,-0.145431,0.467332,-0.402445,-0.167371,0.315187,-0.444464,-0.164504,0.580278,0.273981,0.605928,0.363941,0.727004,0.680319,0.880371,0.597474,0.801888
P,0.000000,0.000000,0.000000,-0.006955,-0.304788,-0.354241,0.088181,-0.714656,-0.430446,0.247455,-1.055328,-0.422342,0.312637,-1.381439,-0.390858,-0.188118,-1.147380,-0.256155,0.172825,-1.499780,-0.319651,0.432468,-1.663918,-0.357888,0.672852,-1.789772,-0.385720,0.000000,-0.997048,-0.076775,0.490730,-1.135417,-0.156826,0.865476,-1.045539,-0.224441,1.185525,-0.955024,-0.266376,0.174582,-0.819180,0.071673,0.589259,-0.915177,-0.048846,1.001217,-0.901024,-0.190811,1.367408,-0.885528,-0.284287,0.312197,-0.649199,0.199880,0.575630,-0.591026,0.048801,0.853682,-0.421498,-0.077590,1.116239,-0.288335,-0.155490,0.568932,0.196526,0.586640,0.383425,0.741033,0.641009,0.940822,0.573942,0.818896
P,0.000000,0.000000,0.000000,0.008212,-0.281214,-0.356616,0.117991,-0.679845,-0.416079,0.264080,-1.025364,-0.385500,0.325368,-1.348689,-0.331628,-0.172133,-1.134591,-0.237275,0.182923,-1.470912,-0.289512,0.438885,-1.624112,-0.325069,0.676399,-1.743381,-0.351564,0.000000,-0.998977,-0.045212,0.485005,-1.107607,-0.108582,0.845450,-1.015332,-0.173171,1.148276,-0.929835,-0.212842,0.162743,-0.834951,0.115155,0.565033,-0.915360,0.008047,0.937814,-0.926856,-0.140881,1.265787,-0.947140,-0.241303,0.281219,-0.682975,0.254977,0.498621,-0.582254,0.101318,0.725843,-0.396176,-0.033039,0.949942,-0.258386,-0.114153,0.549770,0.192361,0.556953,0.365176,0.699992,0.600494,0.888386,0.601830,0.798624
P,0.000000,0.000000,0.000000,-0.008743,-0.309829,-0.334814,0.103433,-0.716028,-0.399820,0.252371,-1.054492,-0.383537,0.315366,-1.370110,-0.346275,-0.182488,-1.150127,-0.232750,0.167105,-1.496710,-0.300466,0.424452,-1.656573,-0.348761,0.663554,-1.776232,-0.383077,-0.000000,-0.998038,-0.062608,0.486339,-1.118623,-0.141777,0.853181,-1.034381,-0.213273,1.158416,-0.953980,-0.256405,0.168904,-0.818938,0.077113,0.564797,-0.922217,-0.034311,0.958530,-0.954814,-0.175738,1.304411,-0.984420,-0.271888,0.288237,-0.648931,0.196972,0.511435,-0.567315,0.049543,0.750738,-0.395369,-0.070711,0.981233,-0.261023,-0.143666,0.556003,0.200268,0.564234,0.366465,0.710281,0.600121,0.903301,0.596260,0.802791
P,0.000000,0.000000,0.000000,0.011577,-0.311651,-0.343837,0.113362,-0.724817,-0.404364,0.253825,-1.073595,-0.386068,0.317577,-1.390423,-0.346145,-0.190588,-1.150898,-0.209830,0.160142,-1.511860,-0.268942,0.427139,-1.674679,-0.307485,0.667661,-1.803611,-0.334389,0.000000,-0.999418,-0.034118,0.509726,-1.122789,-0.112456,0.918784,-1.061782,-0.184795,1.263192,-0.994636,-0.228185,0.174058,-0.821064,0.108276,0.572999,-0.894702,-0.015757,0.936463,-0.892476,-0.164537,1.245456,-0.885473,-0.257352,0.296969,-0.656645,0.229940,0.522515,-0.561368,0.066560,0.745287,-0.391992,-0.069000,0.960974,-0.254844,-0.147724,0.578088,0.213291,0.592538,0.403931,0.742473,0.648179,0.933129,0.568691,0.822552
P,0.000000,0.000000,0.000000,-0.011155,-0.329827,-0.351335,0.092330,-0.740806,-0.410822,0.246032,-1.083002,-0.389524,0.310709,-1.399985,-0.344940,-0.201875,-1.162854,-0.211651,0.138982,-1.537734,-0.272662,0.405743,-1.704543,-0.312614,0.653845,-1.828130,-0.337744,-0.000000,-0.999659,-0.026108,0.520842,-1.111802,-0.103815,0.933563,-1.087358,-0.179588,1.286929,-1.050079,-0.228714,0.176809,-0.820266,0.124865,0.590652,-0.857855,-0.007259,0.940485,-0.810672,-0.160427,1.229208,-0.755572,-0.250900,0.299456,-0.664332,0.255071,0.532697,-0.564728,0.084518,0.741230,-0.389659,-0.057734,0.938274,-0.245430,-0.137939,0.580293,0.231709,0.598711,0.430519,0.758103,0.697353,0.949382,0.562931,0.826504
P,0.000000,0.000000,0.000000,0.003938,-0.359656,-0.342819,0.113613,-0.764717,-0.399465,0.231546,-1.071666,-0.385727,0.315587,-1.369880,-0.336840,-0.158328,-1.185892,-0.163367,0.174362,-1.527053,-0.242941,0.433395,-1.671039,-0.299041,0.688303,-1.778717,-0.335404,0.000000,-0.999987,0.005105,0.521402,-1.026232,-0.130784,0.999237,-0.915120,-0.201498,1.385860,-0.821001,-0.230818,0.136727,-0.800986,0.133342,0.547814,-0.690464,-0.030032,0.490924,-0.459145,-0.063635,0.356173,-0.382121,-0.042782,0.240389,-0.645927,0.231529,0.544718,-0.512114,0.071980,0.528883,-0.353756,0.011081,0.428340,-0.344051,0.000938,0.537159,0.231224,0.594426,0.450459,0.759410,0.780812,0.923475,0.592276,0.805735
P,0.000000,0.000000,0.000000,0.102699,-0.361756,-0.321610,0.249247,-0.756753,-0.408654,0.351206,-1.047754,-0.430969,0.417855,-1.346232,-0.420301,-0.129716,-1.188756,-0.265319,0.286095,-1.495411,-0.395779,0.552302,-1.654827,-0.489249,0.805117,-1.787284,-0.556266,0.000000,-0.989754,-0.142786,0.632261,-0.973578,-0.319756,1.151372,-0.864723,-0.400481,1.569443,-0.778786,-0.446589,0.122664,-0.765803,-0.052958,0.645568,-0.616476,-0.229830,0.534288,-0.403357,-0.222834,0.344130,-0.350794,-0.186261,0.219991,-0.574319,0.004581,0.610662,-0.430170,-0.155677,0.563042,-0.295233,-0.181308,0.406902,-0.309981,-0.174144,0.590467,0.200539,0.615382,0.441532,0.747648,0.787831,0.903064,0.579582,0.814914
P,0.000000,0.000000,0.000000,0.071772,-0.403293,-0.306620,0.210805,-0.798375,-0.432341,0.315562,-1.063084,-0.498438,0.425325,-1.337790,-0.532192,-0.119838,-1.183029,-0.364950,0.281972,-1.501842,-0.547520,0.557498,-1.653056,-0.683445,0.834063,-1.771598,-0.785933,0.000000,-0.961960,-0.273189,0.618944,-0.966989,-0.495292,1.161512,-0.853338,-0.594789,1.598777,-0.763072,-0.665429,0.121917,-0.716078,-0.205427,0.614706,-0.677336,-0.375482,0.497664,-0.495264,-0.328786,0.300797,-0.447629,-0.286276,0.205617,-0.515032,-0.173564,0.586808,-0.445993,-0.327416,0.535148,-0.352814,-0.331033,0.374982,-0.378610,-0.319861,0.590867,0.218399,0.623884,0.419933,0.765086,0.704715,0.924021,0.586429,0.810001
P,0.000000,0.000000,0.000000,0.092442,-0.374551,-0.356642,0.228064,-0.759297,-0.448127,0.316006,-1.035913,-0.467336,0.401080,-1.324425,-0.450212,-0.140634,-1.196039,-0.272325,0.252104,-1.509610,-0.409970,0.530655,-1.651534,-0.517234,0.807601,-1.755776,-0.594701,-0.000000,-0.991988,-0.126335,0.566285,-1.008651,-0.305994,1.091516,-0.883495,-0.397040,1.509182,-0.776925,-0.450511,0.144620,-0.761289,-0.018745,0.572514,-0.693192,-0.188109,0.480376,-0.505164,-0.199999,0.296653,-0.468593,-0.180828,0.252761,-0.574872,0.053032,0.553054,-0.482257,-0.107920,0.493223,-0.392197,-0.154381,0.334818,-0.430650,-0.165184,0.584448,0.241053,0.613413,0.384454,0.754359,0.704658,0.914922,0.572791,0.819701
P,0.000000,0.000000,0.000000,0.066349,-0.398001,-0.312756,0.202503,-0.790317,-0.387273,0.302751,-1.066119,-0.396997,0.392947,-1.335409,-0.370231,-0.156682,-1.192714,-0.243124,0.234483,-1.508063,-0.369367,0.503083,-1.656943,-0.462482,0.767757,-1.765295,-0.529300,0.000000,-0.993546,-0.113434,0.544989,-1.014161,-0.281376,1.045728,-0.915809,-0.360790,1.459233,-0.822060,-0.406919,0.148385,-0.763752,-0.017155,0.548206,-0.715844,-0.174522,0.448824,-0.545742,-0.179363,0.277522,-0.493815,-0.155616,0.260319,-0.566146,0.047196,0.543918,-0.506342,-0.105455,0.483681,-0.434266,-0.150444,0.335554,-0.464264,-0.159133,0.581903,0.234353,0.580709,0.366349,0.715028,0.668033,0.885212,0.569166,0.822223
P,0.000000,0.000000,0.000000,0.045076,-0.418543,-0.331831,0.185512,-0.813115,-0.463842,0.294237,-1.080056,-0.528663,0.415531,-1.352156,-0.561048,-0.131167,-1.190401,-0.396105,0.278124,-1.514014,-0.577660,0.552681,-1.664465,-0.709328,0.837825,-1.772586,-0.806460,0.000000,-0.958706,-0.284400,0.611379,-0.968737,-0.502865,1.139430,-0.863294,-0.599008,1.565078,-0.765845,-0.665381,0.132498,-0.712260,-0.198163,0.596382,-0.683444,-0.367568,0.473907,-0.532273,-0.337997,0.275587,-0.496834,-0.305131,0.221120,-0.522604,-0.148346,0.563563,-0.464099,-0.304205,0.506899,-0.392416,-0.323178,0.350963,-0.428618,-0.321871,0.593507,0.212966,0.635613,0.434456,0.788201,0.719248,0.946718,0.584920,0.811091
P,0.000000,0.000000,0.000000,0.084061,-0.396052,-0.322988,0.208384,-0.779707,-0.447883,0.287578,-1.052924,-0.514062,0.386661,-1.335892,-0.547142,-0.118703,-1.186528,-0.335725,0.256507,-1.513842,-0.514641,0.528073,-1.663732,-0.648285,0.807679,-1.773233,-0.747933,0.000000,-0.971439,-0.237289,0.589733,-0.983487,-0.470671,1.119156,-0.874320,-0.583383,1.545939,-0.775088,-0.655284,0.120668,-0.727917,-0.168425,0.577572,-0.684949,-0.362955,0.481056,-0.512544,-0.352359,0.295415,-0.468071,-0.323928,0.200096,-0.532025,-0.134535,0.536451,-0.462581,-0.313430,0.498079,-0.383598,-0.346347,0.346880,-0.420927,-0.349641,0.567803,0.222851,0.615095,0.413854,0.764076,0.702921,0.922634,0.571238,0.820785
P,0.000000,0.000000,0.000000,-0.021916,-0.393736,-0.353171,0.102492,-0.814190,-0.442970,0.227974,-1.102409,-0.452299,0.319677,-1.414625,-0.428610,-0.179949,-1.204883,-0.343955,0.177006,-1.561734,-0.485441,0.376313,-1.773433,-0.581595,0.585193,-1.952330,-0.647392,0.000000,-0.979553,-0.201187,0.556345,-1.036474,-0.363337,0.960156,-1.089170,-0.448554,1.296235,-1.146942,-0.509463,0.147018,-0.743496,-0.089891,0.596000,-0.634229,-0.269885,0.470428,-0.401658,-0.288096,0.290472,-0.341524,-0.269002,0.247593,-0.566168,-0.009460,0.563289,-0.464139,-0.183176,0.526886,-0.305381,-0.225299,0.388108,-0.290821,-0.230262,0.548438,0.212664,0.585835,0.450855,0.771334,0.842950,0.949085,0.659885,0.751367
P,0.000000,0.000000,0.000000,-0.007348,-0.407694,-0.349448,0.116358,-0.834284,-0.440869,0.247985,-1.117828,-0.457672,0.334797,-1.427666,-0.441641,-0.159599,-1.216442,-0.315873,0.203436,-1.570056,-0.451122,0.409870,-1.781530,-0.545809,0.629676,-1.953160,-0.612193,0.000000,-0.983990,-0.178225,0.568707,-1.011367,-0.340489,1.011153,-1.011361,-0.427760,1.381960,-1.016686,-0.490136,0.128681,-0.745435,-0.074424,0.598735,-0.631503,-0.250594,0.497919,-0.401354,-0.271333,0.330131,-0.336817,-0.256711,0.222558,-0.563355,-0.002666,0.557421,-0.460637,-0.169247,0.545733,-0.299863,-0.213650,0.423361,-0.281336,-0.223749,0.552142,0.193961,0.615082,0.488108,0.801730,0.860255,0.975874,0.658851,0.752274
P,0.000000,0.000000,0.000000,0.030372,-0.412601,-0.285346,0.159378,-0.809882,-0.368715,0.284362,-1.087293,-0.399032,0.370438,-1.381158,-0.400803,-0.134622,-1.214071,-0.238687,0.233514,-1.556282,-0.355817,0.448839,-1.753095,-0.443103,0.660153,-1.916339,-0.506491,0.000000,-0.991083,-0.133248,0.586550,-0.964163,-0.302665,1.074148,-0.880369,-0.389011,1.460044,-0.799117,-0.441312,0.117390,-0.745879,-0.056273,0.600925,-0.603481,-0.232926,0.563394,-0.346797,-0.246063,0.435888,-0.232921,-0.220319,0.205465,-0.554527,-0.006170,0.548651,-0.452483,-0.173493,0.571292,-0.276658,-0.211957,0.490095,-0.223419,-0.211298,0.556134,0.226804,0.600807,0.479813,0.765711,0.828305,0.930736,0.684238,0.729258
P,0.000000,0.000000,0.000000,0.004315,-0.408436,-0.332369,0.130333,-0.819636,-0.401253,0.261936,-1.114111,-0.401694,0.351757,-1.419154,-0.369488,-0.154565,-1.214637,-0.222862,0.211176,-1.582904,-0.316493,0.430058,-1.790018,-0.386127,0.650677,-1.957700,-0.433779,0.000000,-0.997408,-0.071959,0.580693,-0.994027,-0.215830,1.081152,-0.927055,-0.295979,1.481444,-0.850480,-0.340941,0.128772,-0.768703,0.043636,0.598923,-0.625862,-0.124143,0.585577,-0.342200,-0.162169,0.481599,-0.206078,-0.146686,0.226887,-0.599752,0.130298,0.547577,-0.481724,-0.032385,0.580455,-0.290651,-0.091775,0.513464,-0.223072,-0.102863,0.565409,0.222228,0.624601,0.506710,0.802172,0.866370,0.967883,0.655975,0.754783
P,0.000000,0.000000,0.000000,0.010946,-0.399179,-0.320534,0.144683,-0.799895,-0.381062,0.277455,-1.091068,-0.375641,0.359053,-1.393755,-0.338078,-0.150489,-1.211763,-0.191661,0.219245,-1.565316,-0.273749,0.437789,-1.762284,-0.336037,0.653558,-1.924411,-0.378682,0.000000,-0.999144,-0.041368,0.576376,-0.985326,-0.173138,1.068269,-0.911315,-0.248858,1.460630,-0.831798,-0.290526,0.125371,-0.774699,0.073170,0.585424,-0.626228,-0.088549,0.568223,-0.349324,-0.132749,0.463787,-0.216951,-0.121414,0.222771,-0.608401,0.160488,0.533059,-0.490324,-0.001912,0.565315,-0.299571,-0.067335,0.504034,-0.231306,-0.081843,0.560528,0.230472,0.610470,0.491171,0.779078,0.838217,0.940172,0.660093,0.751184
P,0.000000,0.000000,0.000000,0.015910,-0.376244,-0.367407,0.141001,-0.773466,-0.416824,0.249224,-1.073978,-0.385754,0.320701,-1.390736,-0.319413,-0.153949,-1.194571,-0.172338,0.186956,-1.549968,-0.231238,0.398083,-1.743992,-0.274565,0.613574,-1.901440,-0.301893,0.000000,-0.999857,0.016886,0.557135,-0.980158,-0.089052,1.040812,-0.907036,-0.156083,1.425616,-0.828379,-0.188330,0.124101,-0.795498,0.162265,0.557339,-0.625694,0.013804,0.508683,-0.349304,-0.050764,0.378847,-0.247524,-0.050641,0.219361,-0.648190,0.277523,0.507725,-0.497235,0.125926,0.522437,-0.305748,0.044032,0.440333,-0.260235,0.017462,0.534233,0.225870,0.607234,0.526823,0.790553,0.867365,0.958112,0.650232,0.759735
P,0.000000,0.000000,0.000000,-0.011923,-0.394446,-0.328704,0.098570,-0.791259,-0.372367,0.221084,-1.084993,-0.348630,0.302904,-1.385059,-0.291398,-0.163016,-1.197439,-0.131913,0.165480,-1.560615,-0.178330,0.381938,-1.742613,-0.212660,0.598719,-1.886285,-0.234353,0.000000,-0.999369,0.035530,0.541832,-0.984916,-0.065539,1.006091,-0.923130,-0.129205,1.384303,-0.846625,-0.158647,0.129479,-0.789792,0.162730,0.559771,-0.632731,0.016207,0.510853,-0.372380,-0.041728,0.390375,-0.259040,-0.035986,0.230932,-0.632495,0.262961,0.525574,-0.500077,0.114393,0.531928,-0.320855,0.040891,0.455809,-0.267444,0.021613,0.526990,0.249979,0.589398,0.517894,0.768538,0.852408,0.937469,0.652303,0.757959
P,0.000000,0.000000,0.000000,0.042776,-0.374030,-0.331054,0.179642,-0.733387,-0.353599,0.282347,-1.005596,-0.304117,0.348439,-1.279794,-0.218647,-0.113124,-1.171359,-0.097997,0.213337,-1.476515,-0.138915,0.419645,-1.635661,-0.172743,0.631580,-1.753924,-0.195933,0.000000,-0.996859,0.079195,0.477235,-0.977790,-0.006782,0.903072,-0.843840,-0.065405,1.248915,-0.706255,-0.090652,0.104508,-0.800045,0.212369,0.492826,-0.653429,0.087635,0.424650,-0.438035,0.025266,0.282054,-0.383741,0.020944,0.172625,-0.650040,0.317012,0.422822,-0.490239,0.176603,0.421455,-0.352202,0.087021,0.341205,-0.353278,0.052698,0.489239,0.251613,0.538676,0.390745,0.689519,0.712032,0.845240,0.658086,0.752943
P,0.000000,0.000000,0.000000,0.027624,-0.377792,-0.356573,0.173303,-0.731951,-0.356039,0.270998,-1.006058,-0.271173,0.335210,-1.285310,-0.144310,-0.114580,-1.165562,-0.074159,0.205550,-1.477162,-0.096843,0.407198,-1.638019,-0.115297,0.619451,-1.757438,-0.124959,0.000000,-0.991385,0.130978,0.461254,-0.990513,0.070571,0.871119,-0.874195,0.019716,1.205762,-0.757516,0.000917,0.106370,-0.808195,0.285563,0.466545,-0.675349,0.166460,0.389016,-0.454622,0.078686,0.241447,-0.409283,0.061608,0.180286,-0.676609,0.411110,0.399576,-0.517744,0.267279,0.394329,-0.377279,0.153558,0.305925,-0.380228,0.104380,0.470715,0.236373,0.523966,0.385961,0.681760,0.697050,0.838457,0.650415,0.759579
P,0.000000,0.000000,0.000000,0.062582,-0.404001,-0.304426,0.217915,-0.750325,-0.330368,0.327617,-0.997245,-0.295403,0.417867,-1.253312,-0.224150,-0.087412,-1.196056,-0.075749,0.264447,-1.471572,-0.134370,0.488071,-1.615456,-0.191425,0.718800,-1.713620,-0.233668,-0.000000,-0.997341,0.072876,0.488241,-0.981804,-0.029686,0.922823,-0.851197,-0.107880,1.277348,-0.717717,-0.153066,0.088051,-0.776219,0.177036,0.543314,-0.646806,0.037470,0.486874,-0.427631,-0.029282,0.340247,-0.369411,-0.040826,0.141080,-0.612138,0.253618,0.464958,-0.469799,0.100122,0.477591,-0.335905,0.006666,0.389889,-0.337679,-0.034305,0.529724,0.281488,0.573026,0.341299,0.705228,0.672333,0.846155,0.671615,0.740900
P,0.000000,0.000000,0.000000,0.045781,-0.377824,-0.329453,0.185764,-0.723772,-0.319641,0.291414,-0.989267,-0.229694,0.372007,-1.242904,-0.099260,-0.099106,-1.156596,-0.053742,0.223559,-1.449178,-0.055657,0.429104,-1.587518,-0.059404,0.639146,-1.690180,-0.060133,0.000000,-0.989728,0.142963,0.460016,-0.991432,0.107343,0.856981,-0.881665,0.066894,1.186154,-0.760397,0.051049,0.094130,-0.809406,0.292471,0.462936,-0.694127,0.192668,0.430377,-0.481082,0.096979,0.320061,-0.412672,0.069554,0.167702,-0.671999,0.416151,0.397245,-0.548687,0.283476,0.419235,-0.408351,0.164379,0.353253,-0.383671,0.108935,0.481112,0.257852,0.511037,0.337147,0.646985,0.628209,0.795815,0.641602,0.767037
P,0.000000,0.000000,0.000000,0.071997,-0.365168,-0.306882,0.217525,-0.710176,-0.320441,0.327949,-0.976890,-0.267064,0.405888,-1.230019,-0.178619,-0.093764,-1.157517,-0.073141,0.249382,-1.443185,-0.093981,0.470281,-1.573507,-0.111531,0.685601,-1.673457,-0.123955,0.000000,-0.995457,0.095212,0.478591,-0.990892,0.037162,0.886375,-0.872864,-0.006053,1.219781,-0.751548,-0.024651,0.087961,-0.807002,0.221292,0.477933,-0.693325,0.116236,0.432534,-0.489005,0.053099,0.306445,-0.427756,0.044191,0.152859,-0.654866,0.321488,0.417048,-0.532727,0.196637,0.429436,-0.403337,0.109531,0.353706,-0.393878,0.074393,0.515785,0.277664,0.542907,0.330195,0.663288,0.616580,0.803077,0.640708,0.767784
P,0.000000,0.000000,0.000000,0.081577,-0.370139,-0.314877,0.227844,-0.719635,-0.336575,0.339780,-0.981824,-0.288531,0.418246,-1.233535,-0.203551,-0.088543,-1.166317,-0.099432,0.258231,-1.453506,-0.142074,0.485029,-1.582434,-0.178246,0.709736,-1.674458,-0.203413,0.000000,-0.997730,0.067337,0.467443,-1.003305,-0.008526,0.887785,-0.872343,-0.061544,1.230061,-0.739928,-0.087850,0.085275,-0.803479,0.191392,0.458580,-0.706407,0.077838,0.432350,-0.504974,0.017291,0.321504,-0.443556,0.008281,0.146077,-0.646110,0.287759,0.398507,-0.525621,0.157427,0.418196,-0.402575,0.071241,0.348508,-0.395218,0.035730,0.521723,0.278876,0.551284,0.305713,0.672159,0.598891,0.812729,0.643220,0.765682
P,0.000000,0.000000,0.000000,0.090523,-0.387563,-0.278373,0.237706,-0.735939,-0.306363,0.342407,-0.990407,-0.277603,0.425328,-1.232096,-0.214067,-0.077791,-1.175157,-0.085595,0.277088,-1.444187,-0.136774,0.502257,-1.570940,-0.183461,0.722137,-1.668291,-0.220851,0.000000,-0.998797,0.049038,0.484214,-0.975461,-0.048067,0.912668,-0.823073,-0.109559,1.258316,-0.679915,-0.143431,0.082015,-0.789288,0.144709,0.486131,-0.700881,0.022449,0.449248,-0.512610,-0.026106,0.326727,-0.458031,-0.031303,0.143660,-0.615372,0.214459,0.423026,-0.510522,0.078036,0.430569,-0.403250,-0.000919,0.348955,-0.412525,-0.034368,0.522375,0.270058,0.551866,0.311263,0.665329,0.584659,0.802072,0.654205,0.756317
P,0.000000,0.000000,0.000000,0.114952,-0.374546,-0.266436,0.275508,-0.701342,-0.270804,0.390472,-0.938043,-0.218112,0.473898,-1.164741,-0.129660,-0.067951,-1.161248,-0.045707,0.305244,-1.410596,-0.080954,0.530325,-1.534097,-0.113208,0.745018,-1.634036,-0.138247,0.000000,-0.995166,0.098209,0.501335,-0.954375,0.010893,0.911974,-0.764786,-0.045263,1.227213,-0.601840,-0.069303,0.083964,-0.799424,0.203774,0.532966,-0.675828,0.082922,0.492254,-0.472306,0.023361,0.353583,-0.418523,0.017315,0.144121,-0.639526,0.286088,0.463517,-0.493804,0.147001,0.471177,-0.373166,0.054793,0.382398,-0.379779,0.016973,0.548326,0.302095,0.552503,0.254484,0.629828,0.536392,0.746626,0.630932,0.775838
P,0.000000,0.000000,0.000000,0.097970,-0.369312,-0.282255,0.250784,-0.696344,-0.268058,0.372241,-0.936906,-0.185795,0.461838,-1.160911,-0.066094,-0.069369,-1.147753,-0.026327,0.298479,-1.390702,-0.035237,0.511251,-1.514552,-0.049155,0.716006,-1.609398,-0.058458,0.000000,-0.989563,0.144102,0.469290,-0.986018,0.091095,0.870441,-0.806462,0.036258,1.184774,-0.634653,0.014302,0.080309,-0.812593,0.274659,0.465352,-0.723104,0.173700,0.490647,-0.520999,0.075033,0.421499,-0.446263,0.043564,0.145174,-0.673722,0.383668,0.388240,-0.551395,0.256564,0.415341,-0.428492,0.138368,0.355370,-0.412147,0.082313,0.532855,0.283623,0.535571,0.235270,0.618872,0.499188,0.734789,0.629960,0.776628
P,0.000000,0.000000,0.000000,0.101831,-0.367525,-0.281112,0.249097,-0.696474,-0.271900,0.362318,-0.936765,-0.197863,0.450506,-1.162933,-0.087665,-0.069977,-1.151107,-0.026130,0.283895,-1.402374,-0.038710,0.496170,-1.526307,-0.054361,0.702004,-1.621578,-0.064226,-0.000000,-0.990317,0.138825,0.480930,-0.968640,0.079429,0.886502,-0.793548,0.025235,1.202507,-0.628131,0.005195,0.081116,-0.807409,0.263148,0.478020,-0.694403,0.157967,0.472547,-0.489346,0.066660,0.373635,-0.424464,0.041818,0.148446,-0.659137,0.365366,0.415621,-0.519069,0.239739,0.430477,-0.394028,0.130179,0.353075,-0.385709,0.080670,0.524242,0.295783,0.532964,0.258061,0.621222,0.529728,0.741814,0.628415,0.777878
P,0.000000,0.000000,0.000000,0.093949,-0.389684,-0.297807,0.254663,-0.738791,-0.327963,0.370922,-0.985533,-0.295759,0.458953,-1.225833,-0.227664,-0.070941,-1.179809,-0.104658,0.301764,-1.443687,-0.156287,0.527229,-1.576619,-0.202866,0.749290,-1.675339,-0.239195,0.000000,-0.999050,0.043583,0.510849,-0.959576,-0.048333,0.953339,-0.812243,-0.108287,1.308684,-0.670584,-0.143260,0.077458,-0.789968,0.151142,0.522583,-0.670008,0.032911,0.467904,-0.484123,-0.018090,0.324183,-0.444403,-0.026243,0.136286,-0.620406,0.230746,0.456183,-0.478067,0.095906,0.464812,-0.366791,0.012046,0.376129,-0.385372,-0.025974,0.545926,0.277963,0.579347,0.325186,0.692106,0.617163,0.825103,0.644685,0.764448
P,0.000000,0.000000,0.000000,0.099920,-0.379391,-0.280772,0.249910,-0.724494,-0.305025,0.365974,-0.972614,-0.270232,0.452910,-1.206084,-0.201533,-0.072314,-1.170607,-0.086449,0.296347,-1.436799,-0.129857,0.525191,-1.559852,-0.170415,0.747470,-1.649863,-0.201399,0.000000,-0.998393,0.056670,0.496869,-0.970477,-0.025030,0.931030,-0.822591,-0.081504,1.278892,-0.679862,-0.113399,0.076427,-0.795908,0.161118,0.492837,-0.686126,0.052930,0.471173,-0.499586,-0.001918,0.357892,-0.446562,-0.013505,0.136958,-0.625358,0.239820,0.432989,-0.501746,0.118672,0.451985,-0.391641,0.039265,0.374644,-0.397136,0.003804,0.538853,0.287887,0.561188,0.297651,0.664454,0.580261,0.794897,0.641342,0.767255
P,0.000000,0.000000,0.000000,0.043778,-0.407003,-0.335750,0.176078,-0.799657,-0.368368,0.291513,-1.079470,-0.325005,0.384899,-1.379686,-0.244880,-0.141978,-1.222977,-0.139384,0.236310,-1.562987,-0.209439,0.522756,-1.684864,-0.267843,0.818722,-1.750974,-0.299604,-0.000000,-0.999414,0.034225,0.541580,-1.064078,-0.067862,1.014909,-1.012239,-0.145901,1.411851,-0.931916,-0.186770,0.129554,-0.778453,0.163994,0.577717,-0.653092,0.003704,0.562596,-0.357190,-0.080602,0.473527,-0.223821,-0.087972,0.227943,-0.631845,0.268405,0.528505,-0.506553,0.098194,0.582761,-0.297097,0.004137,0.540102,-0.213788,-0.025024,0.559720,0.238608,0.608813,0.394325,0.770624,0.791778,0.920523,0.636014,0.771678
P,0.000000,0.000000,0.000000,0.037442,-0.405953,-0.326275,0.172213,-0.791175,-0.357341,0.294526,-1.059226,-0.316018,0.402372,-1.337179,-0.237993,-0.122782,-1.215209,-0.124520,0.258055,-1.535140,-0.172950,0.531701,-1.641065,-0.213946,0.802554,-1.706835,-0.237513,0.000000,-0.998783,0.049317,0.514924,-1.031134,-0.036343,0.984453,-0.943254,-0.102000,1.369947,-0.830351,-0.137012,0.106429,-0.779951,0.180724,0.532380,-0.648250,0.047351,0.523845,-0.378533,-0.032788,0.430321,-0.260475,-0.047667,0.187005,-0.631307,0.286344,0.479999,-0.505873,0.137130,0.529258,-0.318729,0.040670,0.480632,-0.255317,0.002102,0.550944,0.253469,0.599134,0.383398,0.757237,0.756932,0.905299,0.675825,0.737062
P,0.000000,0.000000,0.000000,0.003266,-0.429775,-0.321840,0.127427,-0.828764,-0.367980,0.253499,-1.102006,-0.347955,0.370136,-1.384550,-0.293908,-0.138704,-1.229081,-0.132776,0.227157,-1.570881,-0.194107,0.490777,-1.701350,-0.248537,0.756479,-1.785670,-0.283859,0.000000,-0.999694,0.024719,0.525401,-1.030877,-0.081052,1.005249,-0.931577,-0.157378,1.394809,-0.810195,-0.199178,0.115826,-0.770062,0.140982,0.547250,-0.653485,-0.002660,0.512176,-0.387577,-0.070176,0.397146,-0.275115,-0.077162,0.198871,-0.618247,0.230215,0.502522,-0.501457,0.080308,0.536399,-0.318201,-0.001464,0.478173,-0.258473,-0.030660,0.555924,0.255191,0.621802,0.441021,0.794606,0.806629,0.944064,0.675309,0.737535
P,0.000000,0.000000,0.000000,0.027994,-0.392010,-0.343758,0.165804,-0.759774,-0.361110,0.281275,-1.034563,-0.302121,0.371080,-1.324205,-0.206043,-0.143492,-1.199684,-0.088777,0.180900,-1.556288,-0.118011,0.400642,-1.738555,-0.146163,0.626578,-1.871197,-0.161965,-0.000000,-0.994828,0.101572,0.522648,-1.018485,0.017594,0.991714,-0.933892,-0.051056,1.374283,-0.820520,-0.079445,0.124544,-0.787638,0.246059,0.560375,-0.639434,0.096581,0.558604,-0.345957,0.000333,0.471535,-0.208515,-0.012461,0.218646,-0.646908,0.364773,0.506868,-0.506763,0.195376,0.556008,-0.301920,0.082541,0.514640,-0.219055,0.041066,0.542256,0.312699,0.583795,0.407984,0.743695,0.772221,0.898776,0.645361,0.763878
P,0.000000,0.000000,0.000000,0.011462,-0.399163,-0.344684,0.144484,-0.777236,-0.378963,0.259725,-1.058451,-0.342837,0.355598,-1.351041,-0.271912,-0.159997,-1.208284,-0.096579,0.167731,-1.574460,-0.133057,0.364370,-1.790667,-0.170597,0.561848,-1.963060,-0.196951,0.000000,-0.996822,0.079668,0.544829,-1.009763,-0.022016,1.031384,-0.917997,-0.101901,1.418935,-0.801705,-0.138232,0.138302,-0.778833,0.210914,0.583072,-0.638230,0.053200,0.552483,-0.356740,-0.036122,0.438590,-0.228663,-0.046231,0.243263,-0.628860,0.315089,0.542880,-0.500729,0.148281,0.580023,-0.302875,0.048231,0.528993,-0.221439,0.012997,0.562992,0.323250,0.612805,0.463387,0.779590,0.815807,0.937409,0.633563,0.773691
P,0.000000,0.000000,0.000000,0.034109,-0.404436,-0.310752,0.167316,-0.775693,-0.354903,0.276834,-1.052979,-0.343227,0.362006,-1.350064,-0.300832,-0.143865,-1.212134,-0.086466,0.139936,-1.594747,-0.134777,0.274423,-1.855025,-0.183423,0.407883,-2.074683,-0.225091,-0.000000,-0.998436,0.055901,0.552520,-0.994894,-0.074162,1.040910,-0.889180,-0.169177,1.422887,-0.781706,-0.217567,0.123089,-0.764035,0.157982,0.587050,-0.616562,-0.015461,0.565912,-0.343723,-0.093341,0.457166,-0.219314,-0.099693,0.209040,-0.599684,0.234607,0.526665,-0.466816,0.055024,0.555222,-0.278707,-0.039150,0.499368,-0.213677,-0.072914,0.566465,0.369808,0.618020,0.462408,0.781679,0.818601,0.934433,0.648653,0.761084
P,0.000000,0.000000,0.000000,0.059123,-0.401049,-0.293373,0.210681,-0.762138,-0.318833,0.312449,-1.023182,-0.286652,0.378037,-1.312129,-0.221036,-0.127793,-1.207768,-0.088080,0.155637,-1.583105,-0.134649,0.278084,-1.839410,-0.180615,0.401139,-2.060448,-0.220057,-0.000000,-0.998858,0.047782,0.562408,-0.985435,-0.067513,1.040721,-0.889886,-0.151701,1.415954,-0.801131,-0.196669,0.110934,-0.768971,0.144284,0.600322,-0.610535,-0.012293,0.563228,-0.345936,-0.084799,0.435039,-0.242654,-0.092927,0.188331,-0.601749,0.215651,0.514931,-0.464682,0.049089,0.533565,-0.290655,-0.042431,0.461762,-0.246952,-0.078207,0.533323,0.361044,0.559744,0.405328,0.706982,0.764995,0.855175,0.638275,0.769808
P,0.000000,0.000000,0.000000,0.047214,-0.388133,-0.292999,0.195155,-0.741507,-0.337321,0.318136,-1.003445,-0.328252,0.406080,-1.273152,-0.289228,-0.109044,-1.184230,-0.109712,0.172947,-1.557888,-0.164123,0.294095,-1.815496,-0.209059,0.412973,-2.032533,-0.246321,0.000000,-0.999704,0.024320,0.558522,-0.980968,-0.108334,1.033208,-0.871764,-0.188070,1.409240,-0.752304,-0.225191,0.099027,-0.782598,0.122315,0.594555,-0.617317,-0.045883,0.576919,-0.357290,-0.103254,0.465237,-0.240321,-0.097115,0.169594,-0.618512,0.195560,0.510400,-0.479696,0.023169,0.538716,-0.304303,-0.058065,0.475967,-0.250635,-0.082476,0.552708,0.388686,0.581366,0.375942,0.710135,0.724471,0.848232,0.646050,0.763295
P,0.000000,0.000000,0.000000,0.013617,-0.375438,-0.291091,0.139343,-0.750474,-0.345541,0.265022,-1.032065,-0.351168,0.339532,-1.311460,-0.330671,-0.147052,-1.173035,-0.121337,0.113313,-1.568104,-0.177569,0.224186,-1.830884,-0.218648,0.317157,-2.062136,-0.251762,0.000000,-0.999988,0.004936,0.549732,-1.007201,-0.133681,1.020593,-0.912561,-0.207951,1.387202,-0.806041,-0.235839,0.120523,-0.795926,0.097060,0.583003,-0.635641,-0.080004,0.560220,-0.372310,-0.124288,0.451224,-0.243599,-0.102681,0.212456,-0.631222,0.165165,0.522353,-0.509484,-0.003138,0.539128,-0.328782,-0.062717,0.479804,-0.262608,-0.067893,0.547491,0.374808,0.570026,0.419002,0.704766,0.760818,0.851308,0.610911,0.791699
P,0.000000,0.000000,0.000000,0.030122,-0.387595,-0.315366,0.168210,-0.761676,-0.392294,0.294076,-1.025982,-0.416647,0.401706,-1.298188,-0.412854,-0.111225,-1.192640,-0.171061,0.184216,-1.565222,-0.265138,0.315383,-1.823993,-0.341824,0.438104,-2.046685,-0.402986,-0.000000,-0.998715,-0.050683,0.575034,-0.983951,-0.225759,1.072990,-0.862980,-0.324730,1.454742,-0.748228,-0.374570,0.098565,-0.773217,0.032636,0.601675,-0.623879,-0.164080,0.583308,-0.355631,-0.210266,0.460458,-0.244660,-0.196541,0.167846,-0.600620,0.087713,0.524196,-0.477209,-0.098351,0.555519,-0.300139,-0.164934,0.485121,-0.253401,-0.180285,0.576803,0.374738,0.618239,0.404713,0.752297,0.746035,0.889865,0.637774,0.770224
P,0.000000,0.000000,0.000000,0.062987,-0.370765,-0.275425,0.201663,-0.730444,-0.340947,0.330566,-0.989924,-0.360634,0.414950,-1.260733,-0.353792,-0.116530,-1.181288,-0.154827,0.193239,-1.536429,-0.240829,0.332288,-1.781322,-0.309586,0.451402,-1.999926,-0.364361,0.000000,-0.998739,-0.050212,0.580780,-0.967779,-0.212327,1.065159,-0.831394,-0.297397,1.431441,-0.707134,-0.337785,0.105634,-0.779894,0.023351,0.598873,-0.618428,-0.157193,0.558987,-0.366032,-0.181963,0.423574,-0.259129,-0.155186,0.181196,-0.599318,0.071577,0.527899,-0.475382,-0.098596,0.539766,-0.307256,-0.144736,0.457518,-0.259884,-0.144597,0.573036,0.371383,0.577049,0.365150,0.684923,0.696444,0.820397,0.647064,0.762436
P,0.000000,0.000000,0.000000,0.010276,-0.380223,-0.330119,0.141173,-0.746145,-0.371091,0.262275,-1.014374,-0.349772,0.350435,-1.288794,-0.296745,-0.138859,-1.182581,-0.097059,0.132322,-1.553530,-0.140332,0.257450,-1.802770,-0.178808,0.374434,-2.016762,-0.209842,-0.000000,-0.998193,0.060084,0.534855,-0.993857,-0.061685,1.003432,-0.882167,-0.141844,1.365599,-0.764469,-0.174708,0.113539,-0.795607,0.174906,0.562716,-0.642130,0.006429,0.509582,-0.385367,-0.065057,0.367496,-0.286092,-0.062851,0.191982,-0.644654,0.262851,0.500736,-0.514232,0.096719,0.501075,-0.340669,0.013261,0.408422,-0.296427,-0.011333,0.539040,0.376993,0.578430,0.419824,0.722363,0.745085,0.867855,0.627128,0.778916
P,0.000000,0.000000,0.000000,0.028260,-0.383111,-0.335137,0.162207,-0.754054,-0.372317,0.288988,-1.020383,-0.339792,0.387082,-1.284981,-0.271888,-0.114504,-1.188175,-0.116062,0.202870,-1.518294,-0.151321,0.351746,-1.735995,-0.182427,0.491758,-1.925225,-0.208459,0.000000,-0.998710,0.050785,0.515028,-0.984000,-0.038895,0.958296,-0.874838,-0.102270,1.312374,-0.755834,-0.135255,0.089871,-0.799308,0.174957,0.530586,-0.671544,0.042928,0.464337,-0.450924,-0.018959,0.312667,-0.379067,-0.024352,0.156575,-0.642688,0.270226,0.467072,-0.528010,0.131471,0.489814,-0.373734,0.052855,0.406134,-0.338945,0.022793,0.534080,0.320789,0.579570,0.401554,0.723797,0.704278,0.871528,0.662438,0.749116
P,0.000000,0.000000,0.000000,0.024153,-0.402474,-0.320553,0.165816,-0.773306,-0.354122,0.296980,-1.037379,-0.321696,0.401154,-1.297140,-0.255140,-0.124096,-1.194373,-0.101262,0.211876,-1.517066,-0.131919,0.367027,-1.733410,-0.161506,0.509108,-1.924584,-0.186670,-0.000000,-0.998160,0.060632,0.532974,-0.971977,-0.023934,0.992914,-0.863405,-0.084050,1.359530,-0.746431,-0.115195,0.100737,-0.790802,0.181153,0.549190,-0.658171,0.053045,0.481481,-0.434860,-0.006277,0.332909,-0.354688,-0.009599,0.180761,-0.629280,0.273987,0.493278,-0.514246,0.136871,0.506774,-0.360492,0.059536,0.425799,-0.319013,0.031520,0.556891,0.315241,0.591629,0.420195,0.732789,0.724689,0.880105,0.640980,0.767558
P,0.000000,0.000000,0.000000,0.047034,-0.402863,-0.316208,0.196410,-0.769290,-0.358737,0.318831,-1.029164,-0.337842,0.419042,-1.288942,-0.283815,-0.098048,-1.199380,-0.118731,0.255996,-1.495986,-0.168496,0.414818,-1.707059,-0.215585,0.563762,-1.893990,-0.254509,-0.000000,-0.999570,0.029336,0.540649,-0.953119,-0.070294,0.995392,-0.830860,-0.139756,1.354449,-0.708088,-0.180991,0.086050,-0.781964,0.136293,0.555441,-0.649162,0.000554,0.484813,-0.434655,-0.056067,0.329858,-0.370156,-0.062561,0.154470,-0.610917,0.214877,0.486494,-0.492310,0.072304,0.499635,-0.344577,-0.002922,0.407976,-0.316585,-0.032857,0.550142,0.287662,0.597826,0.416120,0.737835,0.713294,0.882275,0.664639,0.747165
P,0.000000,0.000000,0.000000,0.030943,-0.380349,-0.343688,0.170727,-0.749466,-0.372622,0.293237,-1.020839,-0.327352,0.384347,-1.287074,-0.245443,-0.115291,-1.179658,-0.105398,0.210399,-1.500909,-0.134280,0.367623,-1.710940,-0.161757,0.515164,-1.895195,-0.184552,0.000000,-0.997356,0.072667,0.505234,-0.988514,-0.010652,0.951773,-0.873588,-0.071683,1.311068,-0.748911,-0.100893,0.093886,-0.804650,0.206248,0.519417,-0.678093,0.077132,0.448787,-0.454248,0.010263,0.299513,-0.382739,0.003888,0.168573,-0.654770,0.310520,0.465752,-0.529200,0.171338,0.474572,-0.381920,0.085053,0.384932,-0.355061,0.051405,0.529895,0.297222,0.576934,0.398595,0.721890,0.702250,0.869173,0.646515,0.762901
P,0.000000,0.000000,0.000000,0.022629,-0.395277,-0.364065,0.167102,-0.763340,-0.393885,0.284450,-1.030075,-0.346754,0.387347,-1.295537,-0.261784,-0.115688,-1.185047,-0.099892,0.199230,-1.526413,-0.133035,0.341401,-1.755397,-0.164975,0.484624,-1.949504,-0.189858,0.000000,-0.996265,0.086348,0.513034,-1.005902,0.002492,0.971776,-0.905448,-0.066081,1.340016,-0.787921,-0.099948,0.097109,-0.796804,0.223045,0.540124,-0.670942,0.090269,0.466782,-0.442022,0.004094,0.304703,-0.379554,-0.014789,0.168505,-0.648269,0.328782,0.472645,-0.514497,0.188067,0.487713,-0.365834,0.087583,0.398021,-0.344869,0.042044,0.539872,0.324450,0.600664,0.411737,0.753679,0.733077,0.903114,0.629520,0.776984
P,0.000000,0.000000,0.000000,0.051991,-0.388958,-0.367635,0.213382,-0.772089,-0.361636,0.328581,-1.057784,-0.263471,0.411609,-1.334021,-0.120033,-0.139062,-1.162592,-0.099722,0.200937,-1.518944,-0.109251,0.352002,-1.756621,-0.107584,0.509229,-1.958474,-0.104041,-0.000000,-0.993294,0.115619,0.549031,-1.018257,0.056913,1.024680,-0.940510,0.010128,1.417303,-0.842318,-0.004114,0.128112,-0.818297,0.282495,0.573843,-0.668933,0.154528,0.515178,-0.418849,0.054099,0.376318,-0.328255,0.034068,0.235492,-0.690086,0.420894,0.520376,-0.535518,0.265044,0.545286,-0.358534,0.137369,0.474943,-0.304246,0.081220,0.577095,0.280527,0.583994,0.387172,0.713001,0.737595,0.859227,0.551360,0.834268
P,0.000000,0.000000,0.000000,0.099601,-0.391292,-0.358674,0.287168,-0.750268,-0.335016,0.389688,-1.004937,-0.216416,0.461131,-1.275383,-0.049566,-0.089121,-1.160746,-0.072052,0.270558,-1.499888,-0.071776,0.412767,-1.731581,-0.072036,0.571653,-1.922211,-0.070227,-0.000000,-0.988784,0.149350,0.575163,-1.015603,0.119806,1.064790,-0.941616,0.074960,1.468531,-0.839910,0.053132,0.095763,-0.806821,0.319494,0.567436,-0.689617,0.221302,0.491219,-0.458554,0.101344,0.328741,-0.388754,0.057230,0.179153,-0.678206,0.461771,0.473165,-0.531372,0.322470,0.500924,-0.380692,0.175033,0.419791,-0.350621,0.097264,0.562517,0.295320,0.578229,0.330418,0.699464,0.654058,0.835223,0.518317,0.855188
P,0.000000,0.000000,0.000000,0.088189,-0.386611,-0.352177,0.272416,-0.748149,-0.342773,0.382353,-1.003562,-0.244946,0.460031,-1.275204,-0.102922,-0.088512,-1.160265,-0.071372,0.276572,-1.496124,-0.073160,0.421649,-1.724804,-0.076584,0.583946,-1.912886,-0.077945,0.000000,-0.989780,0.142606,0.563591,-1.020238,0.111649,1.045452,-0.956834,0.064946,1.444036,-0.865433,0.040170,0.091601,-0.805025,0.306672,0.565113,-0.694981,0.214257,0.491141,-0.473325,0.098365,0.330852,-0.406952,0.053175,0.172687,-0.674584,0.443162,0.469689,-0.535955,0.313697,0.496594,-0.392948,0.173018,0.414981,-0.369083,0.097200,0.561343,0.288702,0.594457,0.348960,0.724276,0.669555,0.861114,0.516815,0.856097
G,0.000000,0.000000,0.000000,0.072562,-0.142159,-0.541416,0.482672,-0.352005,-0.692038,1.194918,-0.445624,-0.718381,1.808149,-0.497754,-0.696148,-0.202090,-1.040416,-0.438864,0.265050,-1.459594,-0.575015,0.862805,-1.476080,-0.636917,1.328591,-1.408329,-0.645808,0.000000,-0.988038,-0.154209,0.671320,-1.183413,-0.308489,0.739702,-0.935928,-0.344573,0.533990,-0.793671,-0.314534,0.196684,-0.920768,0.083891,0.809117,-1.043306,-0.094237,0.815489,-0.775635,-0.154086,0.618093,-0.664316,-0.123280,0.359460,-0.842236,0.284295,0.835925,-0.896797,0.127065,0.935635,-0.742509,0.052823,0.811423,-0.634206,0.059855,2.098032,1.822351,1.950251,1.383036,1.839625,1.287629,1.782874,0.172577,0.984996
Q,0.000000,0.000000,0.000000,0.127221,-0.178829,-0.479451,0.549604,-0.407356,-0.583673,1.224335,-0.496918,-0.573640,1.810069,-0.538539,-0.519569,-0.165895,-1.061857,-0.344604,0.398140,-1.413339,-0.442919,0.962905,-1.388325,-0.489646,1.387931,-1.296387,-0.494916,0.000000,-0.997023,-0.077111,0.667491,-1.170067,-0.186343,0.739947,-0.945294,-0.225346,0.560139,-0.809575,-0.210542,0.170932,-0.921257,0.148703,0.778013,-1.046065,0.010709,0.774306,-0.795138,-0.056137,0.574950,-0.695519,-0.044357,0.317897,-0.835410,0.341901,0.772237,-0.886361,0.208271,0.815529,-0.728442,0.132521,0.636978,-0.630269,0.128303,2.051562,1.662736,1.918938,1.347349,1.811030,1.266458,1.748381,0.226086,0.974107
Q,0.000000,0.000000,0.000000,0.131442,-0.191490,-0.499431,0.561752,-0.416033,-0.597406,1.244650,-0.510118,-0.574508,1.817322,-0.559723,-0.502414,-0.180235,-1.077993,-0.337394,0.381638,-1.427846,-0.437264,0.957728,-1.400918,-0.485226,1.401746,-1.311433,-0.490184,0.000000,-0.998138,-0.060990,0.665375,-1.181947,-0.176869,0.729631,-0.954132,-0.222482,0.550153,-0.821754,-0.207275,0.184695,-0.914629,0.169859,0.784035,-1.044847,0.022607,0.774816,-0.787609,-0.051999,0.572181,-0.697887,-0.040083,0.346181,-0.820982,0.366497,0.794161,-0.876273,0.228607,0.831678,-0.721005,0.149481,0.643934,-0.627166,0.145525,2.070282,1.679008,1.920865,1.349120,1.800939,1.256453,1.728444,0.226925,0.973912
Q,0.000000,0.000000,0.000000,0.123195,-0.182844,-0.476835,0.548511,-0.389054,-0.577479,1.229236,-0.452367,-0.563619,1.798223,-0.476436,-0.502771,-0.176623,-1.073452,-0.334191,0.400500,-1.406728,-0.439171,0.971872,-1.356553,-0.491402,1.404639,-1.247635,-0.499616,-0.000000,-0.997437,-0.071543,0.676275,-1.157849,-0.192120,0.743369,-0.925372,-0.237010,0.558841,-0.794747,-0.222206,0.185170,-0.915535,0.148134,0.790654,-1.021589,0.001094,0.777090,-0.765606,-0.066263,0.566925,-0.678366,-0.051353,0.345726,-0.822756,0.335072,0.802046,-0.853921,0.198786,0.827722,-0.695360,0.124649,0.625796,-0.608649,0.122986,2.069991,1.680214,1.921199,1.348924,1.793997,1.251505,1.712210,0.269417,0.963024
Q,0.000000,0.000000,0.000000,0.125881,-0.161010,-0.500751,0.532289,-0.323555,-0.595946,1.156939,-0.333513,-0.567322,1.668069,-0.326546,-0.489501,-0.209186,-1.115762,-0.334338,0.369563,-1.357046,-0.466250,0.889574,-1.339477,-0.553659,1.330160,-1.293836,-0.591076,-0.000000,-0.997477,-0.070990,0.655928,-1.071363,-0.250610,0.646013,-0.808609,-0.325117,0.434104,-0.708851,-0.312938,0.200906,-0.897137,0.144891,0.729864,-0.966436,-0.049079,0.695695,-0.677249,-0.122472,0.474360,-0.633075,-0.095860,0.364803,-0.793985,0.326334,0.763058,-0.815779,0.160772,0.773944,-0.647625,0.083542,0.557061,-0.595151,0.087741,2.042309,1.657887,1.846010,1.279160,1.697231,1.218056,1.607043,0.427487,0.904022
Q,0.000000,0.000000,0.000000,0.163809,-0.165285,-0.538786,0.579505,-0.335810,-0.651116,1.231710,-0.366970,-0.634848,1.769110,-0.374417,-0.564552,-0.209679,-1.120884,-0.355721,0.337118,-1.402603,-0.508658,0.903035,-1.358003,-0.615726,1.369002,-1.260057,-0.659066,-0.000000,-0.997388,-0.072234,0.647020,-1.120775,-0.266931,0.677758,-0.863541,-0.363566,0.470182,-0.736356,-0.363890,0.207203,-0.894107,0.160669,0.753146,-0.989615,-0.043080,0.734263,-0.701959,-0.127935,0.512118,-0.634351,-0.104582,0.375354,-0.791723,0.356107,0.794804,-0.824181,0.197219,0.792086,-0.658932,0.124942,0.560822,-0.592735,0.134917,2.125189,1.763772,1.939129,1.380113,1.798771,1.297145,1.721718,0.363734,0.931503
Q,0.000000,0.000000,0.000000,0.102250,-0.172145,-0.484570,0.476654,-0.343017,-0.587003,1.102770,-0.338180,-0.575235,1.620841,-0.305930,-0.519075,-0.197063,-1.103525,-0.332702,0.357928,-1.359305,-0.461929,0.896998,-1.273035,-0.544409,1.329275,-1.146094,-0.575246,0.000000,-0.997281,-0.073690,0.587395,-1.107732,-0.229902,0.604834,-0.871971,-0.293570,0.417058,-0.757047,-0.282516,0.190089,-0.887300,0.140372,0.716295,-0.945453,-0.030490,0.684276,-0.685660,-0.099707,0.479002,-0.618416,-0.077469,0.345990,-0.769122,0.320132,0.740912,-0.764828,0.170502,0.740448,-0.612226,0.095292,0.536073,-0.555812,0.097517,1.993908,1.645544,1.817543,1.339597,1.679260,1.210747,1.595011,0.428932,0.903337
Q,0.000000,0.000000,0.000000,0.176434,-0.222715,-0.445024,0.587932,-0.487835,-0.528519,1.232525,-0.611781,-0.508493,1.767828,-0.680312,-0.448375,-0.119377,-1.054592,-0.261187,0.430683,-1.396931,-0.320226,0.974074,-1.383610,-0.357604,1.385710,-1.308946,-0.361603,0.000000,-0.999997,0.002445,0.611472,-1.189935,-0.073531,0.716185,-0.989627,-0.129323,0.588411,-0.836355,-0.130607,0.150568,-0.927089,0.228995,0.717563,-1.061672,0.131274,0.761942,-0.840185,0.046817,0.627279,-0.711467,0.039889,0.278185,-0.848561,0.424983,0.706998,-0.906709,0.328324,0.795776,-0.769312,0.249330,0.697571,-0.660714,0.238186,1.933046,1.522473,1.852203,1.318098,1.770667,1.258764,1.734964,0.196820,0.980440
R,0.000000,0.000000,0.000000,-0.173215,-0.199002,-0.097972,-0.220251,-0.620940,-0.144760,-0.131535,-0.935238,-0.192059,-0.020995,-1.133295,-0.233620,-0.131568,-1.023951,-0.047320,-0.088313,-1.403973,-0.136369,-0.043371,-1.668474,-0.199697,0.013481,-1.902285,-0.245028,0.000000,-0.998070,-0.062092,-0.025056,-1.458266,-0.164622,-0.047463,-1.734404,-0.227832,-0.043421,-1.997797,-0.262595,0.122611,-0.870995,-0.091583,0.135436,-1.198969,-0.246075,0.037596,-0.885930,-0.253144,-0.024953,-0.651371,-0.219429,0.231278,-0.674199,-0.128688,0.162500,-0.793444,-0.267931,0.078443,-0.556703,-0.276562,0.038615,-0.391048,-0.253985,0.242673,0.295391,0.219428,0.332240,0.331057,0.170114,0.534249,0.998814,0.048696
R,0.000000,0.000000,0.000000,-0.169827,-0.204398,-0.099307,-0.219250,-0.615021,-0.148764,-0.131832,-0.927534,-0.198776,-0.019237,-1.133096,-0.242918,-0.126830,-1.018634,-0.051521,-0.090151,-1.397356,-0.141871,-0.049755,-1.658075,-0.206394,0.002798,-1.890134,-0.252314,0.000000,-0.997825,-0.065918,-0.025499,-1.450526,-0.169645,-0.050104,-1.719224,-0.234888,-0.046444,-1.975661,-0.270648,0.120883,-0.875100,-0.094971,0.131355,-1.196641,-0.248316,0.031052,-0.895325,-0.259072,-0.031081,-0.663885,-0.227662,0.228691,-0.682276,-0.131613,0.161214,-0.807154,-0.266666,0.075618,-0.589043,-0.275508,0.035174,-0.426452,-0.253310,0.247610,0.291672,0.223601,0.325837,0.328761,0.163539,0.526399,0.999621,0.027537
R,0.000000,0.000000,0.000000,-0.169516,-0.202103,-0.097937,-0.217827,-0.610614,-0.146664,-0.131584,-0.921593,-0.196558,-0.021050,-1.123495,-0.240815,-0.126828,-1.017723,-0.047540,-0.092855,-1.394272,-0.136708,-0.052566,-1.653088,-0.200798,0.000706,-1.882268,-0.246218,0.000000,-0.998047,-0.062470,-0.027115,-1.449371,-0.165472,-0.050399,-1.715063,-0.231401,-0.045175,-1.966014,-0.267307,0.120934,-0.877705,-0.092083,0.128534,-1.194071,-0.244405,0.029128,-0.896678,-0.257049,-0.032051,-0.666832,-0.227023,0.228065,-0.688929,-0.129164,0.158847,-0.809693,-0.262835,0.074694,-0.592659,-0.272179,0.035054,-0.429482,-0.250489,0.244401,0.298855,0.219060,0.334528,0.320458,0.165436,0.513197,0.999641,0.026796
R,0.000000,0.000000,0.000000,-0.171942,-0.210909,-0.101264,-0.222400,-0.612611,-0.154553,-0.142076,-0.925914,-0.208554,-0.038054,-1.143288,-0.256453,-0.125577,-1.017487,-0.056261,-0.094870,-1.399515,-0.151281,-0.059944,-1.664726,-0.219003,-0.011220,-1.903658,-0.266717,0.000000,-0.997429,-0.071655,-0.027479,-1.455517,-0.181164,-0.055150,-1.730579,-0.250589,-0.053549,-1.994743,-0.288531,0.121260,-0.877649,-0.101372,0.123123,-1.193816,-0.258525,0.017570,-0.893796,-0.269050,-0.047169,-0.664236,-0.236541,0.228726,-0.687401,-0.138892,0.154230,-0.809609,-0.274251,0.068546,-0.592584,-0.280510,0.028825,-0.431534,-0.255974,0.252117,0.282739,0.238481,0.321352,0.346404,0.168924,0.541134,0.999641,0.026790
R,0.000000,0.000000,0.000000,-0.173854,-0.196413,-0.099203,-0.224329,-0.595184,-0.151373,-0.142133,-0.896788,-0.203715,-0.042114,-1.105381,-0.250394,-0.126517,-1.014287,-0.063006,-0.095560,-1.390752,-0.158473,-0.060860,-1.652867,-0.226062,-0.011925,-1.887530,-0.273584,0.000000,-0.996824,-0.079638,-0.028108,-1.452838,-0.188287,-0.054326,-1.726433,-0.256516,-0.051310,-1.987858,-0.293540,0.121524,-0.876942,-0.109826,0.119909,-1.181451,-0.264877,0.015607,-0.884032,-0.275230,-0.048219,-0.658996,-0.243713,0.228193,-0.685461,-0.147609,0.150043,-0.789659,-0.281806,0.064481,-0.569214,-0.288147,0.027070,-0.412742,-0.264219,0.224803,0.304537,0.206678,0.353242,0.314200,0.179577,0.509866,0.999589,0.028681
R,0.000000,0.000000,0.000000,-0.171848,-0.195429,-0.097920,-0.222684,-0.592026,-0.149980,-0.143189,-0.892430,-0.202545,-0.043182,-1.101951,-0.248846,-0.126303,-1.014223,-0.060468,-0.096310,-1.395718,-0.154162,-0.060993,-1.658761,-0.220304,-0.011457,-1.893688,-0.267226,0.000000,-0.997032,-0.076988,-0.028706,-1.453216,-0.183593,-0.053309,-1.728458,-0.249935,-0.049889,-1.990785,-0.286393,0.120971,-0.877431,-0.107179,0.120321,-1.184662,-0.260428,0.017693,-0.886382,-0.270311,-0.047304,-0.659359,-0.239334,0.228654,-0.684676,-0.145014,0.152269,-0.783361,-0.279979,0.066554,-0.563867,-0.288618,0.025766,-0.408114,-0.266629,0.223811,0.313187,0.205932,0.357567,0.312129,0.183598,0.508718,0.999616,0.027719
R,0.000000,0.000000,0.000000,-0.175276,-0.200614,-0.098221,-0.224855,-0.601228,-0.148965,-0.141748,-0.898632,-0.200296,-0.040200,-1.101583,-0.246113,-0.125815,-1.015919,-0.061155,-0.094303,-1.390275,-0.155867,-0.058972,-1.650969,-0.223378,-0.010024,-1.884753,-0.270848,0.000000,-0.996952,-0.078015,-0.025077,-1.450617,-0.186516,-0.048854,-1.724755,-0.255326,-0.044634,-1.986485,-0.292505,0.120405,-0.875826,-0.108339,0.122069,-1.175263,-0.262751,0.017483,-0.881181,-0.273507,-0.048982,-0.657542,-0.242080,0.225697,-0.682657,-0.146270,0.152458,-0.786374,-0.279244,0.065416,-0.569763,-0.284864,0.023398,-0.414333,-0.260390,0.221083,0.307270,0.202041,0.354407,0.309422,0.178989,0.506132,0.999678,0.025359
R,0.000000,0.000000,0.000000,-0.172117,-0.197096,-0.101047,-0.224772,-0.588596,-0.155584,-0.147210,-0.877995,-0.210050,-0.050326,-1.086380,-0.258767,-0.126816,-1.013394,-0.068641,-0.097148,-1.387095,-0.166826,-0.062582,-1.648394,-0.236501,-0.013615,-1.884399,-0.285092,0.000000,-0.996378,-0.085031,-0.026702,-1.449029,-0.196467,-0.054527,-1.722210,-0.266212,-0.054822,-1.982809,-0.303562,0.121690,-0.876866,-0.114779,0.116919,-1.169048,-0.271654,0.011876,-0.874031,-0.282449,-0.053905,-0.651307,-0.250720,0.228583,-0.684286,-0.152218,0.149973,-0.779425,-0.286380,0.062883,-0.559336,-0.291395,0.022565,-0.403271,-0.266234,0.217545,0.317923,0.202032,0.368720,0.306950,0.187005,0.500822,0.999567,0.029421
S,0.000000,0.000000,0.000000,-0.220939,-0.368898,-0.062682,-0.337600,-0.821270,-0.088476,-0.324811,-1.225254,-0.129553,-0.187545,-1.425877,-0.150252,-0.134099,-1.096022,0.102123,-0.144722,-1.388440,-0.033503,-0.192874,-1.099803,-0.112667,-0.180702,-0.926369,-0.143192,-0.000000,-0.996605,0.082334,-0.014046,-1.321979,-0.053838,-0.091334,-0.942312,-0.086111,-0.067459,-0.796713,-0.065084,0.134321,-0.851047,0.030064,0.139951,-1.207854,-0.118156,0.033147,-0.839439,-0.079490,0.027472,-0.657090,-0.003502,0.270084,-0.652865,-0.029474,0.237991,-0.925535,-0.113486,0.136690,-0.691021,-0.073415,0.122402,-0.535256,-0.012895,0.418753,0.129868,0.523015,0.224037,0.683038,0.394739,0.906400,0.991114,0.133016
S,0.000000,0.000000,0.000000,-0.206918,-0.311418,-0.065713,-0.322031,-0.761104,-0.088106,-0.284657,-1.167466,-0.122253,-0.127724,-1.334821,-0.133887,-0.130882,-1.066398,0.087163,-0.166006,-1.347765,-0.033155,-0.209507,-1.031188,-0.091322,-0.174954,-0.916624,-0.112099,0.000000,-0.997321,0.073149,-0.029945,-1.306572,-0.052076,-0.104491,-0.919209,-0.065551,-0.060499,-0.834134,-0.033588,0.124919,-0.877174,0.027272,0.110022,-1.229850,-0.111987,0.006977,-0.849408,-0.070095,0.032713,-0.717192,0.004877,0.256041,-0.719461,-0.026214,0.192906,-0.970286,-0.101232,0.100298,-0.728033,-0.065143,0.114424,-0.597692,-0.010634,0.347741,0.108536,0.416033,0.130583,0.547030,0.260810,0.733169,0.998796,0.049049
S,0.000000,0.000000,0.000000,-0.195740,-0.290588,-0.058841,-0.311806,-0.719380,-0.085689,-0.286717,-1.131839,-0.127941,-0.123105,-1.316453,-0.149148,-0.128457,-1.041569,0.108945,-0.157382,-1.308682,-0.019947,-0.194781,-0.999910,-0.085914,-0.162270,-0.893216,-0.107565,0.000000,-0.995783,0.091738,-0.023132,-1.308617,-0.041881,-0.091381,-0.907992,-0.061290,-0.052878,-0.832908,-0.027007,0.125679,-0.904010,0.041999,0.111137,-1.247916,-0.100414,0.019193,-0.846915,-0.058981,0.043951,-0.729237,0.021104,0.261124,-0.776204,-0.014757,0.211846,-1.036246,-0.083564,0.122367,-0.773656,-0.040768,0.130260,-0.642665,0.020642,0.377097,0.133897,0.419536,0.146842,0.518208,0.248881,0.676433,0.999668,-0.025764
S,0.000000,0.000000,0.000000,-0.196153,-0.290933,-0.053581,-0.306065,-0.711691,-0.076351,-0.281646,-1.129331,-0.116957,-0.119634,-1.325528,-0.137164,-0.131332,-1.032948,0.131710,-0.156084,-1.309183,-0.002425,-0.191602,-1.015622,-0.076686,-0.166026,-0.898325,-0.100578,0.000000,-0.993580,0.113134,-0.019615,-1.315696,-0.023367,-0.082791,-0.912976,-0.051123,-0.050953,-0.834643,-0.019526,0.130129,-0.910948,0.060836,0.119536,-1.254807,-0.083556,0.030697,-0.855379,-0.049168,0.046250,-0.734032,0.028979,0.268745,-0.794243,0.001836,0.226991,-1.055924,-0.065681,0.138217,-0.789367,-0.023731,0.139214,-0.656559,0.038457,0.397534,0.140536,0.432609,0.151823,0.522937,0.255103,0.672624,0.998493,-0.054872
S,0.000000,0.000000,0.000000,-0.191791,-0.251856,-0.081594,-0.267612,-0.651870,-0.115406,-0.145873,-1.080300,-0.160320,0.068796,-1.285133,-0.180234,-0.165438,-0.965576,0.078298,-0.175929,-1.283965,-0.066025,-0.185243,-0.950982,-0.143189,-0.165306,-0.848031,-0.171578,0.000000,-0.997723,0.067441,0.014863,-1.312261,-0.077065,-0.039446,-0.894913,-0.103989,-0.037871,-0.851603,-0.078611,0.154326,-0.963560,0.021976,0.196121,-1.326971,-0.129184,0.103271,-0.906786,-0.087566,0.090154,-0.805416,-0.010482,0.316185,-0.892602,-0.033907,0.333336,-1.142586,-0.110068,0.240300,-0.866601,-0.068288,0.206994,-0.750365,-0.009304,0.473098,0.270065,0.385591,0.119535,0.389376,0.143415,0.486511,0.983890,-0.178778
S,0.000000,0.000000,0.000000,-0.187135,-0.254532,-0.075675,-0.277119,-0.661988,-0.108316,-0.185514,-1.075140,-0.150872,0.025225,-1.218718,-0.166978,-0.160241,-0.986339,0.067141,-0.183325,-1.284228,-0.076307,-0.194658,-0.950040,-0.152483,-0.166928,-0.876612,-0.184097,0.000000,-0.998605,0.052795,-0.002053,-1.300844,-0.086521,-0.058418,-0.888934,-0.105773,-0.041856,-0.878859,-0.078874,0.148044,-0.948317,0.005260,0.170568,-1.292936,-0.134122,0.081395,-0.884057,-0.081213,0.092077,-0.818902,-0.001767,0.308252,-0.870565,-0.053271,0.298545,-1.092972,-0.115421,0.214687,-0.831462,-0.065946,0.211195,-0.756572,-0.005710,0.378430,0.236655,0.312068,0.118161,0.343318,0.166470,0.462865,0.989895,-0.141800
S,0.000000,0.000000,0.000000,-0.178498,-0.253074,-0.079702,-0.270375,-0.655378,-0.117179,-0.188393,-1.062838,-0.163541,0.016545,-1.199923,-0.184213,-0.156538,-0.991268,0.059031,-0.183372,-1.264090,-0.083828,-0.192980,-0.934574,-0.159723,-0.165945,-0.872556,-0.192062,0.000000,-0.998937,0.046098,-0.008143,-1.285918,-0.092092,-0.061507,-0.885768,-0.110609,-0.045875,-0.884577,-0.084275,0.145576,-0.942510,0.000141,0.162493,-1.274058,-0.137277,0.076625,-0.874718,-0.085402,0.085458,-0.813658,-0.008106,0.300835,-0.861596,-0.057092,0.287054,-1.072013,-0.118428,0.206719,-0.818529,-0.071288,0.204073,-0.750968,-0.013827,0.364228,0.232726,0.306124,0.128416,0.341902,0.170294,0.459833,0.991373,-0.131070
S,0.000000,0.000000,0.000000,-0.172104,-0.249100,-0.085905,-0.266388,-0.649383,-0.127628,-0.191188,-1.056779,-0.176270,0.014298,-1.203210,-0.199135,-0.155803,-0.990823,0.048822,-0.181585,-1.255842,-0.095017,-0.190080,-0.925817,-0.170233,-0.161189,-0.873020,-0.202704,0.000000,-0.999236,0.039077,-0.007103,-1.279351,-0.099414,-0.060490,-0.879090,-0.115245,-0.044431,-0.887649,-0.087774,0.144200,-0.940738,-0.003977,0.162635,-1.263137,-0.142501,0.076927,-0.866752,-0.090506,0.086326,-0.814964,-0.013733,0.297457,-0.859566,-0.058478,0.284895,-1.063027,-0.121227,0.205650,-0.811389,-0.075431,0.203511,-0.749530,-0.019314,0.368138,0.227993,0.313934,0.127279,0.351927,0.169713,0.466963,0.991959,-0.126558
S,0.000000,0.000000,0.000000,-0.173227,-0.239594,-0.084320,-0.271132,-0.638741,-0.126154,-0.193064,-1.043463,-0.174900,0.014923,-1.191262,-0.198876,-0.154589,-0.990646,0.041437,-0.181144,-1.247861,-0.100903,-0.193168,-0.918240,-0.173769,-0.165394,-0.861360,-0.205447,0.000000,-0.999538,0.030396,-0.008306,-1.264270,-0.106693,-0.062004,-0.865384,-0.120026,-0.045038,-0.873382,-0.091996,0.142497,-0.938516,-0.013301,0.159316,-1.247310,-0.151828,0.073583,-0.851776,-0.099622,0.082427,-0.798967,-0.023855,0.294664,-0.852159,-0.068168,0.279066,-1.045110,-0.133510,0.200986,-0.797345,-0.089973,0.200246,-0.741655,-0.035998,0.355993,0.226372,0.299243,0.119864,0.338517,0.161877,0.458618,0.993221,-0.116238
S,0.000000,0.000000,0.000000,-0.174560,-0.234223,-0.082731,-0.271921,-0.641252,-0.122483,-0.187053,-1.044802,-0.168570,0.021570,-1.189611,-0.190316,-0.155489,-0.991245,0.034466,-0.182874,-1.248439,-0.105103,-0.195900,-0.915972,-0.175059,-0.168371,-0.860138,-0.205749,0.000000,-0.999743,0.022669,-0.007166,-1.261346,-0.112862,-0.063608,-0.860563,-0.124971,-0.047008,-0.865977,-0.096970,0.143398,-0.937285,-0.020656,0.160995,-1.242864,-0.158972,0.071877,-0.842463,-0.106643,0.079488,-0.787715,-0.031374,0.295703,-0.848758,-0.074699,0.279011,-1.040696,-0.142610,0.198180,-0.788413,-0.099635,0.196539,-0.729300,-0.045828,0.348175,0.229171,0.286143,0.109412,0.327559,0.152505,0.452434,0.993219,-0.116258
S,0.000000,0.000000,0.000000,-0.189631,-0.259827,-0.081780,-0.289783,-0.652825,-0.124595,-0.217469,-1.055367,-0.174737,-0.028333,-1.207960,-0.198800,-0.153912,-1.016237,0.037261,-0.181886,-1.299497,-0.106127,-0.203077,-0.959466,-0.177465,-0.178911,-0.894306,-0.207316,0.000000,-0.999675,0.025486,-0.020751,-1.265839,-0.112837,-0.078476,-0.856715,-0.125065,-0.054024,-0.864212,-0.095842,0.142581,-0.924143,-0.018223,0.141864,-1.232641,-0.154562,0.057378,-0.836755,-0.098360,0.080459,-0.791600,-0.020042,0.292199,-0.823757,-0.072868,0.259203,-1.007366,-0.134279,0.182547,-0.766568,-0.087641,0.197680,-0.720499,-0.031155,0.329017,0.201359,0.307391,0.103909,0.377321,0.177575,0.515957,0.995629,-0.093393
S,0.000000,0.000000,0.000000,-0.187248,-0.264390,-0.080736,-0.286902,-0.651920,-0.122920,-0.213125,-1.052900,-0.172877,-0.021648,-1.208670,-0.195820,-0.154423,-1.016890,0.043502,-0.176350,-1.294052,-0.100643,-0.196978,-0.950930,-0.173026,-0.174847,-0.895459,-0.204025,0.000000,-0.999504,0.031489,-0.015904,-1.258226,-0.108425,-0.073614,-0.843898,-0.121800,-0.052231,-0.863130,-0.093227,0.143760,-0.925114,-0.012746,0.148475,-1.223060,-0.150698,0.063741,-0.824935,-0.094378,0.084152,-0.788807,-0.015713,0.294503,-0.827304,-0.067908,0.268358,-1.003208,-0.129222,0.190651,-0.760986,-0.081792,0.202876,-0.721939,-0.024685,0.334192,0.200702,0.309659,0.100631,0.375873,0.176593,0.511618,0.995686,-0.092790
T,0.000000,0.000000,0.000000,-0.251529,-0.256041,-0.085740,-0.340987,-0.724290,-0.107124,-0.197021,-1.175757,-0.135076,-0.057089,-1.439600,-0.134717,-0.175046,-1.080414,0.040751,-0.182813,-1.445252,-0.129407,-0.231823,-1.133752,-0.199666,-0.227940,-0.986003,-0.212856,0.000000,-0.999474,0.032427,-0.017800,-1.289042,-0.132066,-0.105911,-0.823391,-0.140320,-0.098780,-0.816212,-0.095050,0.159518,-0.903723,-0.013159,0.141982,-1.163936,-0.188454,0.036459,-0.700895,-0.123518,0.045227,-0.658741,-0.025088,0.321522,-0.796924,-0.068923,0.279469,-0.985900,-0.161993,0.187922,-0.675544,-0.108678,0.197040,-0.595237,-0.036267,0.416794,0.125963,0.474244,0.155623,0.590643,0.344249,0.748804,0.998104,-0.061553
T,0.000000,0.000000,0.000000,-0.255238,-0.231496,-0.092976,-0.344608,-0.639159,-0.122905,-0.244278,-1.087930,-0.160241,-0.132801,-1.399119,-0.167743,-0.167621,-1.036659,0.069412,-0.194596,-1.336698,-0.096092,-0.243685,-0.984793,-0.174232,-0.229851,-0.884210,-0.194314,0.000000,-0.997984,0.063458,-0.023878,-1.264718,-0.098292,-0.106833,-0.818286,-0.123519,-0.079851,-0.842460,-0.089303,0.159424,-0.939749,0.019126,0.133247,-1.165143,-0.150699,0.032170,-0.729417,-0.101213,0.063582,-0.738602,-0.012348,0.321189,-0.875969,-0.035615,0.266019,-1.021890,-0.111335,0.180570,-0.724026,-0.055462,0.212565,-0.683431,0.017893,0.434548,0.113353,0.481663,0.186417,0.575618,0.354707,0.705160,0.983328,-0.181842
T,0.000000,0.000000,0.000000,-0.253106,-0.229605,-0.095057,-0.344411,-0.645684,-0.126121,-0.241846,-1.104068,-0.164163,-0.121578,-1.412114,-0.171328,-0.171362,-1.038434,0.061405,-0.205334,-1.341381,-0.103688,-0.248722,-0.983827,-0.175026,-0.230747,-0.883273,-0.189643,0.000000,-0.998360,0.057242,-0.029293,-1.262288,-0.101941,-0.109580,-0.804733,-0.117238,-0.079540,-0.839933,-0.076193,0.161167,-0.937610,0.014347,0.131207,-1.166624,-0.153779,0.030866,-0.721497,-0.096001,0.066302,-0.732400,-0.001727,0.323547,-0.871846,-0.039524,0.266088,-1.017680,-0.114790,0.179163,-0.716980,-0.056892,0.212507,-0.675909,0.018103,0.443035,0.128815,0.488075,0.189153,0.582730,0.352808,0.712318,0.983452,-0.181169
T,0.000000,0.000000,0.000000,-0.262719,-0.225094,-0.101795,-0.343816,-0.641297,-0.131683,-0.234935,-1.097898,-0.166803,-0.138276,-1.412386,-0.171610,-0.174211,-1.037452,0.059282,-0.202068,-1.350718,-0.104130,-0.247601,-0.986549,-0.179205,-0.229047,-0.897052,-0.198605,0.000000,-0.998300,0.058285,-0.027182,-1.279518,-0.104061,-0.113528,-0.825948,-0.129559,-0.086820,-0.854992,-0.096549,0.162952,-0.938631,0.018884,0.134903,-1.173867,-0.150225,0.028117,-0.728980,-0.100502,0.060070,-0.740914,-0.013060,0.325653,-0.878323,-0.031971,0.269692,-1.020112,-0.106188,0.178324,-0.719836,-0.051548,0.209484,-0.678893,0.019175,0.441789,0.111471,0.493396,0.185900,0.592849,0.363285,0.721077,0.982464,-0.186451
T,0.000000,0.000000,0.000000,-0.260540,-0.224160,-0.100931,-0.345093,-0.642090,-0.133196,-0.240777,-1.096672,-0.171553,-0.137622,-1.409497,-0.178726,-0.175430,-1.040812,0.057383,-0.201562,-1.360823,-0.113101,-0.248436,-0.996148,-0.190897,-0.232582,-0.892712,-0.209877,0.000000,-0.998458,0.055510,-0.025027,-1.281320,-0.109668,-0.111527,-0.823265,-0.133490,-0.085069,-0.855079,-0.098363,0.165452,-0.938716,0.014655,0.139508,-1.179370,-0.155340,0.032008,-0.733824,-0.102327,0.063457,-0.746609,-0.012317,0.330522,-0.878897,-0.037846,0.278023,-1.024072,-0.112895,0.185599,-0.722779,-0.056954,0.215846,-0.680389,0.015450,0.439439,0.103751,0.492706,0.184054,0.592355,0.360980,0.721486,0.981676,-0.190560
T,0.000000,0.000000,0.000000,-0.258895,-0.220986,-0.097794,-0.339295,-0.640445,-0.128620,-0.224832,-1.100968,-0.166231,-0.126750,-1.421753,-0.173577,-0.177442,-1.030396,0.057117,-0.209354,-1.351272,-0.110976,-0.253719,-0.999893,-0.184559,-0.236238,-0.888723,-0.200060,0.000000,-0.998586,0.053159,-0.025582,-1.274228,-0.109925,-0.113315,-0.818677,-0.130453,-0.087835,-0.847197,-0.092968,0.165552,-0.944432,0.010518,0.136201,-1.172920,-0.159802,0.029383,-0.727384,-0.105468,0.061442,-0.740520,-0.014263,0.330957,-0.886404,-0.043489,0.271957,-1.018677,-0.120555,0.180591,-0.716134,-0.064785,0.211481,-0.675692,0.008029,0.457110,0.125339,0.496533,0.189869,0.589209,0.362285,0.716252,0.980330,-0.197365
T,0.000000,0.000000,0.000000,-0.262278,-0.217508,-0.097736,-0.343397,-0.636528,-0.126718,-0.227855,-1.097378,-0.162214,-0.126880,-1.416082,-0.167839,-0.177409,-1.029294,0.056307,-0.205367,-1.350698,-0.109875,-0.249484,-0.987251,-0.183097,-0.230751,-0.883964,-0.199885,0.000000,-0.998683,0.051297,-0.025477,-1.272781,-0.112681,-0.114615,-0.817214,-0.135583,-0.088437,-0.843774,-0.100446,0.164172,-0.942640,0.007965,0.135431,-1.168313,-0.163445,0.026149,-0.721702,-0.111741,0.058215,-0.735094,-0.022645,0.329405,-0.881554,-0.046601,0.269184,-1.011947,-0.123872,0.175261,-0.708074,-0.069214,0.204923,-0.666356,0.002161,0.449888,0.117453,0.488201,0.184011,0.582894,0.360854,0.713172,0.979937,-0.199306
T,0.000000,0.000000,0.000000,-0.260433,-0.203127,-0.083058,-0.343154,-0.603920,-0.109284,-0.241150,-1.044847,-0.143622,-0.175338,-1.359705,-0.148785,-0.173141,-1.017912,0.048341,-0.226298,-1.311245,-0.108265,-0.266904,-0.965619,-0.171381,-0.243959,-0.861452,-0.183137,0.000000,-0.999288,0.037715,-0.044784,-1.231458,-0.116401,-0.123782,-0.780780,-0.128055,-0.091974,-0.824685,-0.089150,0.162469,-0.953206,-0.008200,0.110872,-1.155184,-0.171584,0.013180,-0.710503,-0.110206,0.051468,-0.728553,-0.018875,0.322313,-0.894846,-0.064154,0.249482,-1.013543,-0.141603,0.159005,-0.709521,-0.084694,0.189619,-0.672794,-0.013026,0.394570,0.081161,0.442070,0.185850,0.546917,0.352512,0.686231,0.978085,-0.208204
T,0.000000,0.000000,0.000000,-0.190016,-0.191279,-0.064812,-0.275721,-0.598572,-0.089496,-0.207495,-1.027320,-0.126922,-0.151081,-1.339082,-0.140615,-0.153159,-0.987091,0.046108,-0.197547,-1.300924,-0.081477,-0.217434,-1.004960,-0.122714,-0.199278,-0.865285,-0.122735,0.000000,-0.999549,0.030030,-0.028420,-1.255661,-0.084705,-0.079832,-0.831524,-0.073268,-0.057422,-0.822076,-0.027294,0.155269,-0.964855,-0.016647,0.145565,-1.244166,-0.152976,0.068425,-0.811991,-0.081475,0.077029,-0.737032,0.009454,0.308005,-0.897002,-0.071953,0.292554,-1.119022,-0.149707,0.208216,-0.825665,-0.093701,0.198773,-0.720783,-0.024328,0.398455,0.084335,0.408935,0.158527,0.499264,0.311706,0.641022,0.980936,-0.194333
T,0.000000,0.000000,0.000000,-0.187209,-0.192166,-0.069801,-0.257479,-0.603173,-0.093202,-0.191229,-1.025384,-0.128388,-0.144991,-1.326879,-0.139986,-0.151089,-0.980029,0.052992,-0.171742,-1.275207,-0.065848,-0.181691,-0.974938,-0.106321,-0.174773,-0.855506,-0.108742,0.000000,-0.999202,0.039949,-0.005664,-1.242480,-0.068436,-0.051331,-0.836047,-0.062818,-0.049824,-0.832404,-0.023798,0.153769,-0.969302,-0.003371,0.166110,-1.238477,-0.135134,0.092192,-0.824034,-0.071101,0.079966,-0.748215,0.012106,0.302872,-0.902482,-0.055636,0.309414,-1.118618,-0.132378,0.228510,-0.827870,-0.079323,0.202052,-0.713926,-0.013371,0.396966,0.094245,0.400963,0.177917,0.485574,0.323453,0.622743,0.978401,-0.206715
T,0.000000,0.000000,0.000000,-0.179540,-0.205465,-0.075086,-0.239963,-0.618701,-0.097989,-0.176079,-1.033283,-0.133031,-0.128275,-1.323328,-0.143076,-0.155162,-0.973199,0.068553,-0.160002,-1.271291,-0.046346,-0.163041,-0.995979,-0.087454,-0.165742,-0.883763,-0.089858,0.000000,-0.998233,0.059417,0.011254,-1.247892,-0.044697,-0.030503,-0.861728,-0.040926,-0.046055,-0.859865,-0.003392,0.156857,-0.970332,0.018470,0.189665,-1.251738,-0.110748,0.120374,-0.862188,-0.050721,0.090458,-0.781172,0.029548,0.305059,-0.901719,-0.032146,0.339633,-1.135450,-0.108305,0.262363,-0.861495,-0.057715,0.217898,-0.738606,0.006557,0.410000,0.114329,0.403912,0.186647,0.481668,0.327500,0.614686,0.975067,-0.221910
T,0.000000,0.000000,0.000000,-0.185831,-0.212681,-0.073299,-0.243289,-0.640695,-0.091487,-0.164517,-1.059589,-0.121109,-0.112537,-1.340627,-0.123780,-0.158570,-0.975473,0.068061,-0.151732,-1.303376,-0.053545,-0.156417,-1.009163,-0.100068,-0.167360,-0.873073,-0.103783,0.000000,-0.998241,0.059294,0.023870,-1.264859,-0.047549,-0.018491,-0.871671,-0.046924,-0.040460,-0.860208,-0.011853,0.157858,-0.968354,0.018507,0.203210,-1.273676,-0.108483,0.136318,-0.882450,-0.047216,0.105330,-0.800927,0.032425,0.307171,-0.903027,-0.032219,0.352179,-1.150925,-0.104943,0.279130,-0.874325,-0.052357,0.236387,-0.752794,0.012403,0.415041,0.088639,0.404239,0.173663,0.481608,0.323129,0.613214,0.974111,-0.226070
T,0.000000,0.000000,0.000000,-0.222457,-0.241170,-0.104311,-0.281091,-0.635482,-0.137868,-0.160812,-1.098078,-0.180303,-0.071106,-1.405578,-0.188815,-0.171307,-1.036804,0.087959,-0.118007,-1.419790,-0.081451,-0.135472,-1.057402,-0.161689,-0.161346,-0.912413,-0.177861,-0.000000,-0.996024,0.089081,0.073705,-1.311996,-0.071489,0.003539,-0.838320,-0.103983,-0.047766,-0.859243,-0.076858,0.163925,-0.955676,0.049081,0.236326,-1.219606,-0.122288,0.143642,-0.776719,-0.079539,0.098594,-0.770299,0.001899,0.323474,-0.910036,-0.002706,0.378687,-1.093696,-0.080939,0.292474,-0.777885,-0.026162,0.244375,-0.698415,0.045053,0.471846,0.118020,0.500017,0.208550,0.560577,0.365412,0.660221,0.976882,-0.213781
T,0.000000,0.000000,0.000000,-0.221549,-0.273393,-0.099942,-0.287346,-0.682886,-0.118964,-0.176745,-1.131047,-0.143193,-0.055413,-1.421657,-0.130284,-0.169756,-1.044255,0.104018,-0.139919,-1.404384,-0.053393,-0.164228,-1.024391,-0.128573,-0.172347,-0.934003,-0.146381,-0.000000,-0.994193,0.107613,0.054280,-1.299230,-0.046596,-0.019834,-0.819823,-0.079475,-0.049802,-0.869491,-0.053184,0.162531,-0.939424,0.070363,0.215664,-1.191042,-0.095464,0.121518,-0.745914,-0.056268,0.101578,-0.783760,0.023044,0.322524,-0.886969,0.021928,0.353884,-1.052472,-0.046542,0.268086,-0.742902,0.007864,0.245703,-0.699445,0.077140,0.458698,0.115550,0.492332,0.184457,0.565957,0.357601,0.672233,0.982000,-0.188881
T,0.000000,0.000000,0.000000,-0.219502,-0.257535,-0.104572,-0.277646,-0.666877,-0.125568,-0.167849,-1.113788,-0.150734,-0.065597,-1.415815,-0.140704,-0.170025,-1.036511,0.094380,-0.141799,-1.386217,-0.060094,-0.166951,-1.009474,-0.132304,-0.174653,-0.913088,-0.147828,0.000000,-0.994810,0.101745,0.051487,-1.292735,-0.048560,-0.023630,-0.822687,-0.079152,-0.051233,-0.865847,-0.052053,0.160281,-0.941946,0.068719,0.213535,-1.182999,-0.094206,0.116053,-0.743351,-0.055565,0.096706,-0.774581,0.022724,0.318502,-0.891012,0.024399,0.349495,-1.058262,-0.043624,0.262536,-0.751284,0.009546,0.240712,-0.703710,0.077818,0.458303,0.114808,0.490234,0.193256,0.565182,0.366442,0.670976,0.981672,-0.190577
T,0.000000,0.000000,0.000000,-0.232726,-0.233887,-0.104823,-0.302418,-0.650259,-0.133633,-0.181022,-1.107235,-0.167133,-0.073082,-1.420956,-0.166122,-0.171722,-1.045324,0.067255,-0.158251,-1.393287,-0.100256,-0.189945,-1.013499,-0.175560,-0.188405,-0.910000,-0.192509,0.000000,-0.997692,0.067905,0.030570,-1.283325,-0.094375,-0.050716,-0.807541,-0.120491,-0.060286,-0.851884,-0.088767,0.161238,-0.936714,0.028231,0.196645,-1.170242,-0.143756,0.096196,-0.727538,-0.097623,0.095972,-0.761510,-0.012753,0.324455,-0.881341,-0.022896,0.333797,-1.041097,-0.097079,0.243655,-0.734383,-0.041355,0.238785,-0.694899,0.029826,0.453093,0.111164,0.489144,0.186637,0.571987,0.368931,0.685370,0.984859,-0.173356
U,0.000000,0.000000,0.000000,-0.137367,-0.323535,-0.104757,-0.127180,-0.697248,-0.125913,0.034688,-0.961523,-0.146090,0.168441,-1.161823,-0.160987,-0.135612,-1.036927,0.035399,-0.134657,-1.403199,0.005876,-0.129494,-1.626076,-0.020975,-0.120119,-1.810047,-0.039470,-0.000000,-0.999158,0.041038,-0.004483,-1.432379,0.004190,-0.019733,-1.655999,-0.030556,-0.019889,-1.852162,-0.044930,0.121217,-0.854624,0.023231,0.172851,-1.144969,-0.085203,0.101831,-0.859401,-0.112331,0.053754,-0.690137,-0.093820,0.221336,-0.671059,-0.002198,0.232620,-0.885963,-0.096517,0.163012,-0.680310,-0.103863,0.116001,-0.545306,-0.086528,0.382902,0.421869,0.309267,0.361091,0.361300,0.077761,0.518518,0.999999,0.001082
U,0.000000,0.000000,0.000000,-0.129004,-0.326182,-0.130302,-0.120591,-0.684187,-0.161967,0.039327,-0.940605,-0.188159,0.177309,-1.153301,-0.208098,-0.135162,-1.041098,0.020641,-0.129873,-1.415266,-0.017690,-0.121602,-1.648725,-0.051260,-0.109353,-1.844513,-0.072986,0.000000,-0.999323,0.036793,0.004066,-1.441187,-0.003698,-0.006561,-1.673884,-0.038326,-0.006203,-1.876664,-0.051239,0.120705,-0.852160,0.025260,0.168608,-1.125967,-0.092660,0.101929,-0.845958,-0.129278,0.058876,-0.690299,-0.114218,0.219893,-0.675233,0.004048,0.233783,-0.882852,-0.100705,0.164674,-0.670902,-0.117549,0.119130,-0.539387,-0.105541,0.403174,0.446365,0.339292,0.393282,0.385156,0.118948,0.524755,1.000000,-0.000108
U,0.000000,0.000000,0.000000,-0.131223,-0.328915,-0.128037,-0.121985,-0.691755,-0.155391,0.041267,-0.944703,-0.176799,0.180270,-1.152138,-0.192207,-0.135787,-1.039973,0.018522,-0.129038,-1.419116,-0.019587,-0.119169,-1.652280,-0.054006,-0.105992,-1.850857,-0.076984,0.000000,-0.999421,0.034021,0.004527,-1.441228,-0.007007,-0.005317,-1.676643,-0.044606,-0.004705,-1.881548,-0.060429,0.120614,-0.852214,0.022595,0.168065,-1.119583,-0.094944,0.102606,-0.842904,-0.133466,0.060173,-0.694811,-0.120450,0.219291,-0.673625,0.001723,0.234571,-0.880476,-0.103413,0.166475,-0.668922,-0.121014,0.122081,-0.539952,-0.109997,0.396081,0.443561,0.327107,0.385691,0.373702,0.103290,0.517790,0.999994,-0.003476
U,0.000000,0.000000,0.000000,-0.129538,-0.326568,-0.124893,-0.120294,-0.687197,-0.153896,0.040805,-0.941841,-0.177871,0.179237,-1.153890,-0.195763,-0.134448,-1.038877,0.021025,-0.127178,-1.417785,-0.016508,-0.117635,-1.652528,-0.048981,-0.105031,-1.849563,-0.069778,0.000000,-0.999406,0.034457,0.005443,-1.447630,-0.005523,-0.003639,-1.682186,-0.040161,-0.001002,-1.885540,-0.052827,0.120326,-0.852631,0.021292,0.167432,-1.119814,-0.093453,0.101522,-0.837407,-0.126914,0.061398,-0.688968,-0.110204,0.219155,-0.675170,-0.001203,0.230734,-0.877974,-0.101065,0.163534,-0.663369,-0.113487,0.123106,-0.538747,-0.098922,0.398276,0.442338,0.330140,0.390741,0.375953,0.108480,0.518286,0.999983,-0.005865
U,0.000000,0.000000,0.000000,-0.130589,-0.330003,-0.121572,-0.124134,-0.688729,-0.152393,0.036424,-0.937246,-0.180691,0.175334,-1.140332,-0.202996,-0.133019,-1.036025,0.025426,-0.125125,-1.416978,-0.013303,-0.115670,-1.649805,-0.045030,-0.101947,-1.843254,-0.064896,0.000000,-0.999414,0.034228,0.005696,-1.458868,-0.010888,-0.004089,-1.699787,-0.047905,-0.000485,-1.906331,-0.060173,0.121492,-0.855082,0.016445,0.169504,-1.123437,-0.103920,0.098566,-0.834229,-0.138736,0.056269,-0.679387,-0.120594,0.219733,-0.681279,-0.010349,0.229188,-0.870426,-0.113062,0.159421,-0.655930,-0.126408,0.119094,-0.531500,-0.111380,0.397666,0.450325,0.326918,0.408837,0.363897,0.100676,0.499814,0.999980,-0.006277
U,0.000000,0.000000,0.000000,-0.130858,-0.320202,-0.119796,-0.125728,-0.684242,-0.152548,0.030248,-0.942077,-0.182933,0.171860,-1.145379,-0.207509,-0.131561,-1.031995,0.015635,-0.123663,-1.408303,-0.027872,-0.113617,-1.639295,-0.062752,-0.099652,-1.833084,-0.085313,0.000000,-0.999734,0.023051,0.007442,-1.456230,-0.027878,-0.004754,-1.694502,-0.067724,-0.003397,-1.899850,-0.082614,0.120117,-0.858646,0.005495,0.169266,-1.133927,-0.115524,0.093542,-0.838723,-0.144177,0.048920,-0.676634,-0.122734,0.218226,-0.682101,-0.021162,0.221418,-0.871935,-0.122750,0.149722,-0.656219,-0.131736,0.110195,-0.529784,-0.113829,0.393336,0.434433,0.322345,0.394878,0.360921,0.092732,0.501499,0.999951,-0.009912
U,0.000000,0.000000,0.000000,-0.136160,-0.316997,-0.129893,-0.133427,-0.685156,-0.175161,0.027685,-0.944697,-0.218733,0.178088,-1.126255,-0.257320,-0.132656,-1.038741,-0.019805,-0.111258,-1.448717,-0.090125,-0.094134,-1.706123,-0.143796,-0.072023,-1.917941,-0.178208,0.000000,-0.999850,-0.017348,0.022274,-1.486403,-0.097651,0.020484,-1.762262,-0.156081,0.034254,-1.995588,-0.182453,0.123717,-0.852907,-0.038906,0.175873,-1.132445,-0.181615,0.085752,-0.835266,-0.211451,0.033709,-0.661109,-0.187417,0.224090,-0.666614,-0.070606,0.228071,-0.856481,-0.186772,0.147586,-0.643470,-0.193354,0.105112,-0.508617,-0.170794,0.400792,0.464389,0.324469,0.423649,0.354091,0.075990,0.498245,0.999977,-0.006829
U,0.000000,0.000000,0.000000,-0.129829,-0.302398,-0.131521,-0.130322,-0.664913,-0.178663,0.027922,-0.926408,-0.222265,0.175877,-1.134027,-0.259400,-0.132301,-1.032590,-0.026811,-0.112182,-1.438930,-0.095061,-0.096641,-1.692825,-0.142339,-0.075811,-1.899431,-0.170966,0.000000,-0.999751,-0.022315,0.019991,-1.489963,-0.100207,0.015295,-1.758429,-0.150028,0.025726,-1.986162,-0.168643,0.122888,-0.856835,-0.041613,0.167120,-1.104934,-0.180712,0.082750,-0.803141,-0.202352,0.037798,-0.641204,-0.172588,0.221273,-0.677216,-0.071549,0.224661,-0.849187,-0.184448,0.147332,-0.625729,-0.187283,0.108110,-0.500049,-0.162118,0.399200,0.450502,0.324303,0.419921,0.356475,0.084350,0.496009,0.999827,-0.018612
V,0.000000,0.000000,0.000000,-0.138752,-0.251863,-0.081932,-0.157414,-0.614724,-0.140778,0.009682,-0.833796,-0.203433,0.161742,-0.971465,-0.262189,-0.159422,-1.021896,-0.100283,-0.258016,-1.404145,-0.196839,-0.317255,-1.654049,-0.257270,-0.353695,-1.869895,-0.296707,0.000000,-0.992176,-0.124846,0.116297,-1.431291,-0.239386,0.217386,-1.709219,-0.310071,0.320112,-1.938077,-0.342101,0.130922,-0.824780,-0.155958,0.169570,-0.925976,-0.289750,0.065119,-0.669209,-0.289587,0.016011,-0.522187,-0.250292,0.233207,-0.604111,-0.193489,0.226235,-0.700791,-0.289754,0.134745,-0.517727,-0.263647,0.085344,-0.395659,-0.217527,0.363185,0.606365,0.213196,0.462628,0.183716,0.053760,0.380494,0.996866,0.079104
V,0.000000,0.000000,0.000000,-0.139674,-0.240559,-0.085100,-0.159455,-0.598335,-0.146208,0.005182,-0.820534,-0.210775,0.154035,-0.963066,-0.271363,-0.159792,-1.017928,-0.106270,-0.262364,-1.401769,-0.204268,-0.323430,-1.656446,-0.264449,-0.360415,-1.876881,-0.303294,0.000000,-0.991589,-0.129425,0.113384,-1.433624,-0.244530,0.211615,-1.716130,-0.313100,0.311804,-1.951976,-0.343354,0.130404,-0.826768,-0.159231,0.169956,-0.938318,-0.294950,0.060869,-0.674369,-0.292566,0.007046,-0.519144,-0.250798,0.232554,-0.605100,-0.195545,0.223659,-0.707115,-0.293622,0.130273,-0.519854,-0.266616,0.077991,-0.391601,-0.219034,0.358822,0.608564,0.211393,0.473072,0.178071,0.037713,0.374237,0.996811,0.079799
V,0.000000,0.000000,0.000000,-0.138797,-0.244076,-0.084100,-0.159005,-0.600114,-0.144112,0.004271,-0.822782,-0.208139,0.152388,-0.964898,-0.268350,-0.158468,-1.018030,-0.102217,-0.258992,-1.401279,-0.199081,-0.319259,-1.655773,-0.258634,-0.356063,-1.877199,-0.296887,0.000000,-0.992073,-0.125663,0.115014,-1.434476,-0.239537,0.212774,-1.719057,-0.307971,0.312863,-1.956045,-0.338016,0.129015,-0.826763,-0.155856,0.168446,-0.938349,-0.290606,0.059166,-0.676538,-0.289005,0.005862,-0.521450,-0.247622,0.230195,-0.604284,-0.192539,0.222049,-0.706717,-0.289024,0.129984,-0.522613,-0.261974,0.079107,-0.395830,-0.214492,0.356448,0.603705,0.210524,0.471943,0.179673,0.038184,0.376622,0.996989,0.077548
V,0.000000,0.000000,0.000000,-0.138740,-0.246111,-0.083051,-0.160346,-0.601367,-0.143280,0.001835,-0.824449,-0.207953,0.150799,-0.964723,-0.268596,-0.157976,-1.019115,-0.101083,-0.256482,-1.401371,-0.198256,-0.315906,-1.655720,-0.258164,-0.351863,-1.877102,-0.296756,0.000000,-0.992110,-0.125372,0.116536,-1.432922,-0.240697,0.214286,-1.717633,-0.309989,0.314895,-1.956006,-0.340509,0.128961,-0.826237,-0.156271,0.170092,-0.940586,-0.292546,0.056807,-0.677604,-0.290773,0.000137,-0.521038,-0.248794,0.229899,-0.603147,-0.193517,0.224059,-0.708830,-0.290938,0.128804,-0.527590,-0.263806,0.073504,-0.401559,-0.215985,0.355473,0.601238,0.209771,0.470279,0.179644,0.039095,0.377666,0.996924,0.078375
V,0.000000,0.000000,0.000000,-0.138006,-0.244814,-0.083934,-0.159964,-0.601027,-0.143949,0.001996,-0.824568,-0.208184,0.150554,-0.965384,-0.268383,-0.158390,-1.019534,-0.101271,-0.257595,-1.401130,-0.198026,-0.317195,-1.655738,-0.257608,-0.353453,-1.877276,-0.295995,0.000000,-0.992176,-0.124843,0.115663,-1.432458,-0.239721,0.212463,-1.717210,-0.308970,0.311858,-1.954867,-0.339483,0.129169,-0.826581,-0.155189,0.170215,-0.938431,-0.291779,0.057718,-0.674801,-0.290901,0.001071,-0.517516,-0.249319,0.230347,-0.604283,-0.191883,0.224691,-0.707699,-0.289818,0.130379,-0.525397,-0.263533,0.075733,-0.398288,-0.216211,0.355394,0.601174,0.209733,0.469252,0.180378,0.040748,0.377642,0.996830,0.079559
V,0.000000,0.000000,0.000000,-0.139037,-0.248430,-0.087858,-0.159362,-0.599758,-0.150050,0.004417,-0.822196,-0.216045,0.153133,-0.960707,-0.277820,-0.158222,-1.019209,-0.104248,-0.255841,-1.401553,-0.204872,-0.315185,-1.655232,-0.268080,-0.351030,-1.876009,-0.309117,0.000000,-0.991856,-0.127367,0.115632,-1.432451,-0.247309,0.213346,-1.716386,-0.319966,0.314262,-1.951525,-0.352569,0.129304,-0.825134,-0.157791,0.171936,-0.933862,-0.297761,0.061336,-0.667189,-0.296813,0.007054,-0.510066,-0.254882,0.230048,-0.603434,-0.195159,0.227313,-0.704995,-0.295908,0.134287,-0.517567,-0.269929,0.081658,-0.390129,-0.222551,0.361236,0.605744,0.216924,0.474215,0.182633,0.038365,0.374691,0.996890,0.078808
V,0.000000,0.000000,0.000000,-0.138919,-0.247677,-0.089412,-0.158221,-0.599166,-0.152394,0.004775,-0.821115,-0.218913,0.153392,-0.960333,-0.281240,-0.158247,-1.019238,-0.105427,-0.257144,-1.402112,-0.207031,-0.316994,-1.655749,-0.270616,-0.353071,-1.876509,-0.311668,0.000000,-0.991774,-0.128002,0.114222,-1.434088,-0.248235,0.210722,-1.717339,-0.320897,0.310781,-1.952738,-0.353345,0.129244,-0.825383,-0.158118,0.170991,-0.934528,-0.298621,0.061415,-0.667325,-0.298135,0.008543,-0.510660,-0.256370,0.230161,-0.604486,-0.195297,0.225368,-0.702671,-0.295995,0.133177,-0.513514,-0.270209,0.082858,-0.386336,-0.222996,0.362628,0.607630,0.219088,0.476516,0.184265,0.035746,0.374041,0.996820,0.079683
V,0.000000,0.000000,0.000000,-0.136582,-0.261038,-0.106500,-0.153161,-0.618367,-0.163928,0.019150,-0.854904,-0.220276,0.169963,-0.994479,-0.271200,-0.156234,-1.017609,-0.099508,-0.238303,-1.415194,-0.199416,-0.294996,-1.684747,-0.260290,-0.330328,-1.910995,-0.298905,0.000000,-0.993525,-0.113611,0.042257,-1.470871,-0.231786,0.076651,-1.784870,-0.302345,0.125647,-2.046017,-0.333447,0.135168,-0.836924,-0.140270,0.159236,-0.943796,-0.293415,0.067686,-0.679912,-0.308700,0.025638,-0.523232,-0.273949,0.237649,-0.625095,-0.174890,0.228072,-0.721585,-0.289993,0.137895,-0.532574,-0.281324,0.089269,-0.412394,-0.246397,0.369347,0.590622,0.231781,0.494784,0.207790,0.056367,0.387688,0.997592,0.069358
V,0.000000,0.000000,0.000000,-0.130928,-0.252469,-0.102405,-0.144129,-0.613579,-0.157801,0.027466,-0.855891,-0.211758,0.176872,-0.988750,-0.260523,-0.156122,-1.013507,-0.102544,-0.243290,-1.414038,-0.197748,-0.301484,-1.685780,-0.253469,-0.339797,-1.912955,-0.288498,0.000000,-0.993173,-0.116650,0.041521,-1.475337,-0.228662,0.078465,-1.785346,-0.294991,0.126510,-2.043867,-0.323902,0.135880,-0.840032,-0.141822,0.166173,-0.951759,-0.290012,0.078046,-0.693972,-0.305182,0.034676,-0.535673,-0.271165,0.239148,-0.626253,-0.174044,0.229507,-0.730368,-0.283998,0.142800,-0.546049,-0.273582,0.095031,-0.420599,-0.238138,0.369398,0.601121,0.228041,0.506065,0.194646,0.048501,0.377837,0.996830,0.079557
V,0.000000,0.000000,0.000000,-0.130336,-0.252714,-0.101073,-0.144921,-0.612240,-0.156594,0.025728,-0.852470,-0.211353,0.174427,-0.982862,-0.261033,-0.155321,-1.014017,-0.100484,-0.241511,-1.410873,-0.196042,-0.298305,-1.680424,-0.252220,-0.335741,-1.905399,-0.287134,0.000000,-0.993383,-0.114849,0.047655,-1.468419,-0.225490,0.088376,-1.776117,-0.290013,0.139440,-2.034872,-0.317432,0.134810,-0.839876,-0.140399,0.166667,-0.949191,-0.286018,0.076994,-0.692919,-0.299081,0.033759,-0.535576,-0.263828,0.236005,-0.623815,-0.173186,0.228755,-0.725758,-0.280075,0.141321,-0.545731,-0.267709,0.094314,-0.421974,-0.230908,0.368077,0.600352,0.227828,0.503091,0.191225,0.042641,0.374732,0.996985,0.077595
V,0.000000,0.000000,0.000000,-0.129855,-0.250412,-0.099336,-0.144281,-0.609237,-0.155425,0.026939,-0.846713,-0.211037,0.174428,-0.976381,-0.261480,-0.155641,-1.016541,-0.103161,-0.240313,-1.413874,-0.197967,-0.295588,-1.684264,-0.253483,-0.332241,-1.911147,-0.288434,0.000000,-0.992928,-0.118716,0.054385,-1.466815,-0.229649,0.101003,-1.774338,-0.294196,0.157442,-2.031982,-0.321652,0.134111,-0.836223,-0.144726,0.167474,-0.941241,-0.288198,0.076846,-0.684525,-0.298563,0.032603,-0.526389,-0.261997,0.235471,-0.617409,-0.178010,0.230193,-0.721064,-0.282718,0.143664,-0.539374,-0.267705,0.095951,-0.412228,-0.229078,0.368271,0.606172,0.226010,0.505914,0.186819,0.044688,0.373570,0.996982,0.077634
V,0.000000,0.000000,0.000000,-0.131004,-0.249803,-0.101628,-0.145194,-0.606909,-0.158360,0.025852,-0.842681,-0.214353,0.172429,-0.971978,-0.265150,-0.155745,-1.015870,-0.103787,-0.239711,-1.412804,-0.199119,-0.294521,-1.682480,-0.254743,-0.330061,-1.908554,-0.289393,0.000000,-0.992985,-0.118238,0.053252,-1.463849,-0.229460,0.098595,-1.770492,-0.293619,0.153904,-2.028130,-0.320526,0.133931,-0.837819,-0.143573,0.167716,-0.941365,-0.288016,0.075915,-0.683229,-0.299009,0.030463,-0.525339,-0.262551,0.234817,-0.620819,-0.176365,0.231893,-0.723022,-0.281609,0.144712,-0.539920,-0.267046,0.096103,-0.412572,-0.228608,0.368324,0.607081,0.227500,0.507360,0.185099,0.038500,0.367542,0.997077,0.076403
V,0.000000,0.000000,0.000000,-0.129874,-0.252892,-0.104982,-0.145505,-0.606794,-0.165042,0.023972,-0.843162,-0.223784,0.172270,-0.977111,-0.276764,-0.155800,-1.016066,-0.109571,-0.237936,-1.413784,-0.209699,-0.291443,-1.682248,-0.267954,-0.325974,-1.907737,-0.304107,0.000000,-0.992381,-0.123207,0.055516,-1.465032,-0.241400,0.101824,-1.769863,-0.309075,0.158160,-2.027198,-0.337489,0.134548,-0.836218,-0.147698,0.165366,-0.938037,-0.296878,0.075630,-0.675073,-0.307053,0.033588,-0.516339,-0.269028,0.236936,-0.619432,-0.179906,0.229549,-0.712694,-0.287707,0.143383,-0.526480,-0.273148,0.097084,-0.403528,-0.234134,0.370271,0.602868,0.231279,0.502941,0.194761,0.044485,0.376161,0.997131,0.075696
V,0.000000,0.000000,0.000000,-0.103846,-0.189298,-0.110328,-0.106683,-0.537049,-0.142266,0.080328,-0.723639,-0.154683,0.238280,-0.799765,-0.168597,-0.136789,-0.960184,-0.072701,-0.207585,-1.325601,-0.104767,-0.247686,-1.550591,-0.138502,-0.280831,-1.760571,-0.172767,0.000000,-0.997549,-0.069966,-0.004649,-1.406940,-0.084834,0.001626,-1.645866,-0.120142,0.007331,-1.845572,-0.152740,0.120205,-0.907598,-0.082403,0.223439,-1.269675,-0.157968,0.298305,-1.514857,-0.243259,0.366983,-1.742149,-0.304843,0.228234,-0.726056,-0.099439,0.253646,-0.880658,-0.206352,0.214758,-0.711079,-0.243279,0.183261,-0.539848,-0.265339,0.419055,0.692368,0.324999,0.659312,0.181657,0.470265,0.101571,0.999166,0.040827
W,0.000000,0.000000,0.000000,-0.107356,-0.192857,-0.117579,-0.115063,-0.511839,-0.157714,0.069446,-0.691288,-0.177465,0.224258,-0.785305,-0.198569,-0.137671,-0.959071,-0.084239,-0.209197,-1.320063,-0.123956,-0.249602,-1.552132,-0.161576,-0.280457,-1.762970,-0.197307,0.000000,-0.996829,-0.079571,-0.001111,-1.407261,-0.107278,0.010733,-1.660909,-0.147020,0.022526,-1.875975,-0.180260,0.117933,-0.902182,-0.090310,0.225800,-1.260802,-0.176746,0.303031,-1.506992,-0.263166,0.373656,-1.733652,-0.322811,0.221416,-0.712796,-0.105817,0.244745,-0.849140,-0.220120,0.206185,-0.674476,-0.259363,0.177018,-0.502016,-0.281073,0.417443,0.692399,0.330446,0.667798,0.191534,0.476000,0.117765,0.999043,0.043729
W,0.000000,0.000000,0.000000,-0.107382,-0.190601,-0.120884,-0.115481,-0.504072,-0.161636,0.068734,-0.680400,-0.181456,0.221702,-0.773489,-0.202164,-0.139201,-0.962830,-0.085074,-0.213943,-1.323777,-0.124654,-0.255866,-1.556273,-0.163131,-0.289401,-1.768947,-0.199667,0.000000,-0.996829,-0.079575,-0.002221,-1.408433,-0.106266,0.008932,-1.662755,-0.147784,0.018803,-1.878075,-0.183086,0.118057,-0.898367,-0.089888,0.224295,-1.251518,-0.175055,0.301066,-1.499980,-0.263608,0.369919,-1.727989,-0.325487,0.221456,-0.706617,-0.105399,0.248792,-0.847352,-0.218262,0.212895,-0.681438,-0.258216,0.183526,-0.514074,-0.281117,0.424042,0.706125,0.337729,0.680068,0.197340,0.478804,0.117624,0.998826,0.048439
W,0.000000,0.000000,0.000000,-0.106045,-0.192321,-0.118867,-0.113122,-0.511629,-0.158208,0.071286,-0.684974,-0.176270,0.224231,-0.775525,-0.195169,-0.138390,-0.963357,-0.086546,-0.215104,-1.328687,-0.124792,-0.257969,-1.561727,-0.161468,-0.292603,-1.778265,-0.197143,0.000000,-0.996586,-0.082564,-0.001981,-1.412899,-0.107245,0.007614,-1.668666,-0.147541,0.016167,-1.887393,-0.182573,0.118036,-0.898527,-0.093996,0.224662,-1.254297,-0.178612,0.303564,-1.505898,-0.266874,0.374518,-1.739160,-0.329005,0.221879,-0.707074,-0.110300,0.244505,-0.849427,-0.222653,0.205938,-0.677502,-0.260929,0.174802,-0.504714,-0.283064,0.422580,0.709900,0.334406,0.682018,0.191424,0.479058,0.109059,0.998894,0.047019
W,0.000000,0.000000,0.000000,-0.106482,-0.190952,-0.122220,-0.112810,-0.506521,-0.163668,0.072509,-0.680968,-0.183507,0.225395,-0.776531,-0.204256,-0.139646,-0.963382,-0.088306,-0.215136,-1.326152,-0.127806,-0.257670,-1.559498,-0.165869,-0.291084,-1.774104,-0.202365,0.000000,-0.996588,-0.082539,-0.001746,-1.410979,-0.109178,0.009807,-1.667196,-0.151178,0.021018,-1.885025,-0.187189,0.118679,-0.898636,-0.092498,0.225195,-1.253141,-0.178965,0.302747,-1.504434,-0.269201,0.373372,-1.735448,-0.332442,0.222589,-0.708150,-0.107536,0.245018,-0.847496,-0.222370,0.206662,-0.676171,-0.263295,0.176926,-0.503892,-0.286952,0.426160,0.708516,0.337703,0.680557,0.196946,0.477281,0.118485,0.998849,0.047963
W,0.000000,0.000000,0.000000,-0.106999,-0.190521,-0.122054,-0.114537,-0.505991,-0.163795,0.070596,-0.681183,-0.183875,0.224613,-0.776720,-0.204799,-0.139518,-0.962458,-0.089149,-0.214670,-1.324526,-0.129275,-0.256925,-1.557706,-0.167422,-0.289930,-1.772035,-0.203825,-0.000000,-0.996539,-0.083125,-0.001991,-1.410091,-0.110705,0.009698,-1.665267,-0.152296,0.021389,-1.882585,-0.187672,0.118721,-0.899117,-0.092730,0.225236,-1.251121,-0.179685,0.302910,-1.501800,-0.268992,0.373898,-1.732651,-0.331259,0.222336,-0.708601,-0.107389,0.244486,-0.846484,-0.222065,0.205352,-0.674740,-0.262327,0.175252,-0.502615,-0.285330,0.424812,0.706233,0.337010,0.679236,0.196859,0.475065,0.118887,0.998919,0.046485
W,0.000000,0.000000,0.000000,-0.107252,-0.193696,-0.117771,-0.119773,-0.510614,-0.159385,0.064079,-0.681802,-0.180934,0.222189,-0.768648,-0.204358,-0.138947,-0.963288,-0.089391,-0.216676,-1.325214,-0.132591,-0.260494,-1.561186,-0.172784,-0.293610,-1.775468,-0.210166,-0.000000,-0.996213,-0.086947,-0.000090,-1.411359,-0.114501,0.012929,-1.669311,-0.154365,0.026449,-1.886342,-0.188810,0.117364,-0.894932,-0.100124,0.223287,-1.248322,-0.185652,0.297592,-1.499136,-0.272997,0.366047,-1.728099,-0.334539,0.219095,-0.699707,-0.118388,0.238666,-0.833785,-0.232526,0.196582,-0.664187,-0.272194,0.164076,-0.494075,-0.295043,0.426053,0.712403,0.339027,0.685974,0.194424,0.480040,0.110241,0.998661,0.051733
W,0.000000,0.000000,0.000000,-0.106522,-0.193755,-0.117646,-0.116813,-0.506472,-0.158900,0.066996,-0.675860,-0.181063,0.222465,-0.761143,-0.205497,-0.139716,-0.962348,-0.083814,-0.217465,-1.322879,-0.125568,-0.259675,-1.557482,-0.166171,-0.291853,-1.770118,-0.204158,0.000000,-0.996678,-0.081449,0.000120,-1.409601,-0.106338,0.012518,-1.668114,-0.147116,0.024137,-1.883189,-0.182760,0.117396,-0.895058,-0.094999,0.222828,-1.248747,-0.177016,0.298061,-1.500407,-0.265054,0.366365,-1.728119,-0.328325,0.218743,-0.698947,-0.113935,0.244434,-0.828136,-0.226877,0.207857,-0.662975,-0.267921,0.178671,-0.496889,-0.292179,0.431816,0.717965,0.346922,0.692653,0.202935,0.488436,0.110750,0.998605,0.052800
W,0.000000,0.000000,0.000000,-0.108078,-0.192019,-0.121322,-0.119556,-0.504154,-0.164319,0.065945,-0.672873,-0.187229,0.223245,-0.756313,-0.212289,-0.140579,-0.962269,-0.089239,-0.219547,-1.324175,-0.132869,-0.262527,-1.560534,-0.174779,-0.295343,-1.775566,-0.213551,0.000000,-0.996337,-0.085508,-0.000748,-1.410393,-0.111875,0.011194,-1.668404,-0.153497,0.022324,-1.884690,-0.189719,0.118046,-0.895551,-0.097868,0.222712,-1.250056,-0.181415,0.296780,-1.503244,-0.270362,0.363565,-1.734399,-0.334144,0.220503,-0.700237,-0.115850,0.246430,-0.832276,-0.229408,0.210705,-0.665185,-0.270413,0.181620,-0.498045,-0.294749,0.435807,0.724458,0.351459,0.698625,0.208677,0.494707,0.111591,0.998581,0.053247
W,0.000000,0.000000,0.000000,-0.108061,-0.192529,-0.121751,-0.118526,-0.506019,-0.164530,0.067198,-0.674859,-0.187106,0.224265,-0.758841,-0.211757,-0.140939,-0.962808,-0.088758,-0.219064,-1.324089,-0.132611,-0.261817,-1.560266,-0.174877,-0.294500,-1.775006,-0.213890,0.000000,-0.996375,-0.085074,-0.000728,-1.409110,-0.112022,0.010249,-1.668133,-0.154245,0.020262,-1.885657,-0.190780,0.118427,-0.895390,-0.097631,0.223088,-1.248801,-0.182201,0.296894,-1.500567,-0.271629,0.363566,-1.730652,-0.335377,0.220666,-0.699632,-0.115832,0.246058,-0.833569,-0.230707,0.209102,-0.665678,-0.272134,0.179049,-0.497489,-0.296385,0.436010,0.722710,0.350379,0.695283,0.207055,0.490852,0.112785,0.998631,0.052302
W,0.000000,0.000000,0.000000,-0.106585,-0.193000,-0.119319,-0.117207,-0.503794,-0.162141,0.066553,-0.671855,-0.185116,0.221018,-0.760782,-0.210143,-0.139703,-0.962277,-0.088549,-0.217939,-1.323870,-0.131714,-0.260962,-1.559824,-0.172585,-0.293624,-1.774617,-0.210704,-0.000000,-0.996330,-0.085590,0.000959,-1.408689,-0.112971,0.014093,-1.666243,-0.154439,0.026757,-1.882376,-0.190251,0.117631,-0.895314,-0.098366,0.223592,-1.246284,-0.182865,0.298181,-1.499872,-0.271079,0.366104,-1.731186,-0.334190,0.218939,-0.700498,-0.116485,0.241384,-0.827247,-0.231118,0.201247,-0.656961,-0.271947,0.169744,-0.488163,-0.295863,0.430703,0.718263,0.346187,0.691124,0.203179,0.486275,0.111401,0.998721,0.050569
W,0.000000,0.000000,0.000000,-0.107252,-0.192095,-0.121954,-0.116746,-0.504254,-0.165390,0.069117,-0.673555,-0.188111,0.225334,-0.764281,-0.212806,-0.140284,-0.960631,-0.092246,-0.217260,-1.320629,-0.135871,-0.260078,-1.556738,-0.176707,-0.292369,-1.771953,-0.214819,0.000000,-0.996132,-0.087867,0.001239,-1.408240,-0.116260,0.015890,-1.665111,-0.157617,0.030835,-1.881153,-0.192963,0.117791,-0.895764,-0.099320,0.223482,-1.247743,-0.185874,0.299632,-1.500556,-0.274854,0.369642,-1.732236,-0.337779,0.219206,-0.700679,-0.116127,0.240564,-0.827458,-0.232416,0.200351,-0.655965,-0.273950,0.169237,-0.485923,-0.297989,0.432162,0.715074,0.346612,0.688639,0.204285,0.484215,0.115886,0.998813,0.048702
W,0.000000,0.000000,0.000000,-0.104507,-0.197378,-0.109536,-0.114997,-0.510873,-0.148363,0.066089,-0.684989,-0.168681,0.221140,-0.777941,-0.190903,-0.137275,-0.962552,-0.080877,-0.212441,-1.323763,-0.120477,-0.255410,-1.557375,-0.156561,-0.286826,-1.768849,-0.191192,0.000000,-0.996688,-0.081317,0.002677,-1.408998,-0.110555,0.016171,-1.668988,-0.149810,0.031058,-1.888960,-0.182419,0.116525,-0.896192,-0.096325,0.225359,-1.250366,-0.183650,0.300839,-1.499968,-0.268906,0.371104,-1.728345,-0.327739,0.216717,-0.701237,-0.115361,0.228539,-0.826987,-0.230268,0.180472,-0.654195,-0.269084,0.145689,-0.483987,-0.290468,0.417909,0.700624,0.329791,0.672618,0.184045,0.472500,0.107748,0.998818,0.048606
W,0.000000,0.000000,0.000000,-0.105976,-0.195656,-0.116866,-0.117493,-0.508667,-0.158590,0.065124,-0.680989,-0.181448,0.220805,-0.768947,-0.206709,-0.138866,-0.961697,-0.085033,-0.217174,-1.321804,-0.128617,-0.260013,-1.556977,-0.170690,-0.293437,-1.769208,-0.209321,0.000000,-0.996569,-0.082763,-0.000303,-1.408614,-0.109514,0.013207,-1.666174,-0.150951,0.024935,-1.881540,-0.186913,0.116821,-0.895123,-0.096225,0.221287,-1.246496,-0.178479,0.295034,-1.497065,-0.265446,0.361731,-1.724575,-0.327754,0.217415,-0.700929,-0.115061,0.242131,-0.835314,-0.226343,0.205147,-0.675853,-0.266169,0.176187,-0.513627,-0.289736,0.425818,0.709630,0.340484,0.683747,0.197332,0.478384,0.114180,0.998635,0.052232
W,0.000000,0.000000,0.000000,-0.105678,-0.192497,-0.116897,-0.117053,-0.505464,-0.158500,0.066220,-0.677538,-0.181072,0.221356,-0.766265,-0.206125,-0.139990,-0.961229,-0.086551,-0.218469,-1.324067,-0.129705,-0.260959,-1.561093,-0.170868,-0.294291,-1.775669,-0.208909,0.000000,-0.996421,-0.084532,0.001206,-1.413082,-0.111858,0.015524,-1.673711,-0.153402,0.027745,-1.892297,-0.189248,0.117689,-0.895007,-0.097987,0.224071,-1.249076,-0.181418,0.299490,-1.502043,-0.268876,0.367302,-1.731961,-0.331257,0.219022,-0.700341,-0.116598,0.244362,-0.833509,-0.228691,0.207850,-0.670402,-0.268169,0.179415,-0.504806,-0.291336,0.427645,0.714444,0.341695,0.689728,0.197523,0.483451,0.111204,0.998692,0.051136
W,0.000000,0.000000,0.000000,-0.106047,-0.190503,-0.117083,-0.117380,-0.502736,-0.158600,0.065572,-0.674491,-0.180956,0.220066,-0.763975,-0.205594,-0.139671,-0.961323,-0.086465,-0.217802,-1.323626,-0.129546,-0.259803,-1.560194,-0.170217,-0.292308,-1.773776,-0.207754,0.000000,-0.996432,-0.084400,0.001500,-1.413597,-0.112024,0.016325,-1.674464,-0.153028,0.029618,-1.892488,-0.188015,0.117587,-0.895201,-0.097895,0.224811,-1.248999,-0.182108,0.300565,-1.501585,-0.269298,0.369095,-1.731431,-0.331062,0.219025,-0.700001,-0.116521,0.244795,-0.829832,-0.229517,0.207689,-0.663548,-0.268979,0.178564,-0.496205,-0.291716,0.427257,0.714647,0.342277,0.691763,0.198296,0.485615,0.109671,0.998722,0.050544
W,0.000000,0.000000,0.000000,-0.106458,-0.189488,-0.118088,-0.118733,-0.500449,-0.160228,0.064553,-0.672201,-0.182872,0.219766,-0.762988,-0.207450,-0.139440,-0.961343,-0.087772,-0.219964,-1.324915,-0.130885,-0.263213,-1.561924,-0.171164,-0.296505,-1.776284,-0.208510,0.000000,-0.996349,-0.085371,-0.000403,-1.415273,-0.114891,0.013596,-1.676721,-0.156557,0.026461,-1.895847,-0.191627,0.117602,-0.895256,-0.098518,0.224082,-1.248280,-0.184543,0.299358,-1.502096,-0.272040,0.367258,-1.733406,-0.333450,0.219369,-0.699924,-0.116787,0.244310,-0.832664,-0.230045,0.205567,-0.664191,-0.269029,0.175168,-0.494560,-0.291379,0.427430,0.717626,0.343013,0.694634,0.199496,0.485852,0.110440,0.998598,0.052927
W,0.000000,0.000000,0.000000,-0.107004,-0.189230,-0.116590,-0.119658,-0.502282,-0.157845,0.063767,-0.672494,-0.179882,0.219298,-0.760830,-0.204348,-0.140129,-0.960980,-0.086391,-0.220271,-1.322799,-0.128436,-0.263343,-1.558563,-0.168198,-0.296113,-1.772804,-0.205522,0.000000,-0.996400,-0.084777,0.000565,-1.414183,-0.112448,0.013729,-1.674840,-0.153721,0.026619,-1.893530,-0.188904,0.117740,-0.894388,-0.098489,0.223202,-1.250763,-0.183225,0.296747,-1.506388,-0.271152,0.364628,-1.739375,-0.333525,0.218889,-0.697971,-0.117156,0.239754,-0.828009,-0.231113,0.200232,-0.661780,-0.271222,0.170768,-0.495210,-0.294490,0.427974,0.717491,0.343340,0.695097,0.198389,0.490403,0.107489,0.998571,0.053448
W,0.000000,0.000000,0.000000,-0.106532,-0.194721,-0.110093,-0.118964,-0.507692,-0.148988,0.060187,-0.681693,-0.169744,0.215603,-0.773336,-0.192292,-0.139198,-0.962828,-0.079011,-0.214169,-1.317281,-0.119414,-0.256202,-1.550030,-0.156726,-0.286896,-1.759302,-0.192108,0.000000,-0.996863,-0.079144,0.002204,-1.404347,-0.108952,0.016665,-1.663849,-0.148530,0.031776,-1.883870,-0.181483,0.116795,-0.895617,-0.094286,0.224160,-1.242603,-0.181175,0.297846,-1.486555,-0.265916,0.366224,-1.709026,-0.324129,0.216105,-0.699669,-0.113773,0.229015,-0.826449,-0.227643,0.181448,-0.660164,-0.266858,0.146285,-0.493950,-0.288510,0.417880,0.697060,0.330533,0.671312,0.185259,0.469477,0.107668,0.998631,0.052306
W,0.000000,0.000000,0.000000,-0.106160,-0.196702,-0.113437,-0.120306,-0.505462,-0.154991,0.061602,-0.677097,-0.177338,0.217933,-0.765913,-0.201520,-0.139452,-0.961634,-0.088255,-0.216375,-1.321970,-0.129932,-0.260518,-1.558012,-0.167395,-0.293148,-1.773204,-0.203097,0.000000,-0.996109,-0.088126,0.001894,-1.410510,-0.120122,0.015962,-1.675789,-0.161006,0.031881,-1.902313,-0.194859,0.116427,-0.894201,-0.102468,0.224995,-1.247063,-0.191621,0.301153,-1.496985,-0.277506,0.371672,-1.725865,-0.336683,0.216365,-0.697006,-0.121137,0.230895,-0.823369,-0.235860,0.185464,-0.653238,-0.274137,0.152208,-0.483858,-0.295405,0.422918,0.709188,0.336665,0.684693,0.191239,0.481303,0.105887,0.998602,0.052857
W,0.000000,0.000000,0.000000,-0.105934,-0.197875,-0.113678,-0.119265,-0.507407,-0.155114,0.062801,-0.677478,-0.177254,0.218955,-0.765264,-0.201336,-0.138707,-0.960404,-0.088452,-0.215533,-1.319198,-0.130597,-0.260097,-1.556225,-0.168565,-0.293091,-1.773104,-0.204726,0.000000,-0.996094,-0.088305,0.002267,-1.410435,-0.120369,0.017039,-1.676241,-0.161243,0.033470,-1.903450,-0.195095,0.116165,-0.894484,-0.102709,0.225399,-1.246751,-0.192019,0.302120,-1.496732,-0.277976,0.372788,-1.725197,-0.337224,0.216047,-0.696975,-0.121497,0.228813,-0.821099,-0.236789,0.181917,-0.650146,-0.275412,0.147364,-0.480547,-0.296884,0.422782,0.707550,0.337639,0.685387,0.192331,0.481621,0.105101,0.998631,0.052300
W,0.000000,0.000000,0.000000,-0.106533,-0.197528,-0.114710,-0.119896,-0.507094,-0.156708,0.062547,-0.677278,-0.179460,0.219364,-0.765163,-0.204361,-0.138930,-0.960617,-0.088887,-0.215686,-1.320469,-0.131708,-0.259957,-1.557827,-0.170424,-0.292569,-1.774187,-0.207048,0.000000,-0.996094,-0.088298,0.002112,-1.409858,-0.120401,0.017162,-1.675270,-0.162185,0.033705,-1.902481,-0.196972,0.116121,-0.894495,-0.102447,0.225575,-1.246385,-0.191633,0.302006,-1.496050,-0.279124,0.372134,-1.724048,-0.339756,0.215702,-0.697450,-0.121098,0.232051,-0.820177,-0.237078,0.187509,-0.649385,-0.277423,0.154119,-0.480883,-0.300245,0.424159,0.709162,0.338998,0.685477,0.194351,0.481430,0.107383,0.998605,0.052808
W,0.000000,0.000000,0.000000,-0.106955,-0.195468,-0.114241,-0.120768,-0.505195,-0.155959,0.061531,-0.677737,-0.178433,0.219043,-0.766716,-0.202861,-0.139376,-0.960329,-0.088715,-0.216516,-1.319228,-0.130883,-0.261204,-1.555865,-0.168897,-0.293933,-1.771721,-0.205084,0.000000,-0.996110,-0.088113,0.001364,-1.410885,-0.119705,0.016031,-1.676138,-0.160514,0.032466,-1.903066,-0.194542,0.116488,-0.894349,-0.102148,0.225107,-1.246581,-0.190704,0.300616,-1.496207,-0.277163,0.370465,-1.724718,-0.337016,0.216477,-0.696638,-0.120669,0.232234,-0.821238,-0.235549,0.186504,-0.652514,-0.275044,0.152200,-0.484947,-0.297306,0.423060,0.707222,0.337296,0.685021,0.192226,0.480057,0.108042,0.998529,0.054223
W,0.000000,0.000000,0.000000,-0.106558,-0.196953,-0.114447,-0.120872,-0.507835,-0.156267,0.062422,-0.679086,-0.178863,0.220719,-0.766067,-0.203591,-0.138919,-0.960985,-0.088944,-0.216837,-1.322587,-0.131532,-0.261635,-1.560548,-0.169929,-0.294865,-1.777607,-0.206454,0.000000,-0.996065,-0.088629,0.001738,-1.411468,-0.120218,0.016554,-1.676397,-0.161303,0.032960,-1.902708,-0.195665,0.116065,-0.894084,-0.103044,0.225207,-1.247842,-0.192035,0.301051,-1.499244,-0.279053,0.371246,-1.729587,-0.339457,0.216298,-0.695909,-0.121940,0.233193,-0.820453,-0.237473,0.188324,-0.649572,-0.276962,0.154621,-0.480284,-0.299347,0.424825,0.711591,0.338869,0.686620,0.193522,0.481935,0.107742,0.998492,0.054898
W,0.000000,0.000000,0.000000,-0.106056,-0.194574,-0.117583,-0.117526,-0.506052,-0.161079,0.066763,-0.674524,-0.185460,0.224603,-0.758273,-0.212734,-0.139426,-0.958978,-0.091076,-0.217023,-1.318171,-0.136369,-0.260955,-1.555692,-0.178456,-0.293805,-1.772479,-0.217253,-0.000000,-0.996040,-0.088907,0.002762,-1.406567,-0.120191,0.018798,-1.668424,-0.163265,0.035164,-1.893060,-0.199622,0.116307,-0.895012,-0.101771,0.225759,-1.243912,-0.188640,0.301690,-1.494354,-0.277139,0.371401,-1.722763,-0.339601,0.216125,-0.699679,-0.119656,0.240787,-0.818871,-0.234293,0.201869,-0.652137,-0.275444,0.172973,-0.487048,-0.299450,0.433128,0.717183,0.349733,0.691421,0.206733,0.486238,0.110311,0.998483,0.055062
W,0.000000,0.000000,0.000000,-0.106571,-0.196959,-0.111634,-0.120578,-0.507474,-0.152334,0.060648,-0.679460,-0.175188,0.217964,-0.765689,-0.200376,-0.138586,-0.962248,-0.082009,-0.217103,-1.322499,-0.124582,-0.261030,-1.558197,-0.164058,-0.293420,-1.770947,-0.201005,-0.000000,-0.996562,-0.082852,0.003286,-1.410294,-0.112209,0.017929,-1.673042,-0.153001,0.033430,-1.895239,-0.187540,0.116047,-0.893241,-0.098744,0.225083,-1.246618,-0.184605,0.298068,-1.497266,-0.270608,0.365688,-1.725374,-0.331019,0.215669,-0.695188,-0.119216,0.232944,-0.821667,-0.232538,0.187301,-0.656548,-0.271752,0.153056,-0.492856,-0.294309,0.423999,0.710680,0.338560,0.685110,0.192317,0.481240,0.107529,0.998426,0.056075
W,0.000000,0.000000,0.000000,-0.105363,-0.197539,-0.110090,-0.118214,-0.508671,-0.149832,0.064874,-0.677242,-0.171553,0.221129,-0.763412,-0.195537,-0.139282,-0.961333,-0.083316,-0.218374,-1.320182,-0.124732,-0.263764,-1.556529,-0.162626,-0.297572,-1.772515,-0.198818,-0.000000,-0.996398,-0.084805,0.001454,-1.410724,-0.115969,0.014631,-1.674633,-0.156372,0.029552,-1.899151,-0.189997,0.116827,-0.893031,-0.100784,0.225436,-1.246739,-0.188128,0.299011,-1.496701,-0.272699,0.367639,-1.725790,-0.331352,0.217186,-0.693448,-0.121061,0.232847,-0.822090,-0.233926,0.186487,-0.656268,-0.271236,0.152742,-0.491461,-0.292212,0.426219,0.712860,0.339768,0.688187,0.191464,0.483403,0.102260,0.998377,0.056959
W,0.000000,0.000000,0.000000,-0.105062,-0.197320,-0.111258,-0.116547,-0.508558,-0.151274,0.066741,-0.676569,-0.172958,0.222417,-0.761162,-0.197118,-0.140186,-0.961143,-0.084482,-0.218200,-1.319922,-0.125580,-0.261657,-1.555970,-0.163445,-0.294297,-1.771503,-0.199513,0.000000,-0.996372,-0.085103,0.003109,-1.411543,-0.114176,0.017935,-1.673456,-0.153449,0.033689,-1.895085,-0.186643,0.117306,-0.893817,-0.100301,0.225763,-1.244532,-0.185527,0.300014,-1.495404,-0.270046,0.369388,-1.723827,-0.329361,0.217394,-0.696421,-0.120023,0.232006,-0.818242,-0.232305,0.186832,-0.650661,-0.270062,0.154785,-0.484360,-0.291573,0.429139,0.715174,0.342550,0.691354,0.194985,0.483520,0.100799,0.998476,0.055190
W,0.000000,0.000000,0.000000,-0.105589,-0.197625,-0.111989,-0.118212,-0.508085,-0.152010,0.065087,-0.679924,-0.173726,0.221406,-0.765370,-0.197745,-0.140239,-0.961211,-0.083653,-0.219444,-1.321337,-0.124745,-0.263352,-1.558181,-0.162671,-0.296332,-1.773164,-0.198589,0.000000,-0.996470,-0.083945,0.001254,-1.412332,-0.113597,0.015774,-1.674949,-0.153737,0.031460,-1.896868,-0.187290,0.117218,-0.893616,-0.098922,0.226061,-1.244684,-0.184741,0.300361,-1.493154,-0.269959,0.369183,-1.719782,-0.329343,0.217621,-0.695679,-0.118410,0.235959,-0.820186,-0.230381,0.193354,-0.655060,-0.268401,0.162144,-0.490924,-0.289968,0.426799,0.713286,0.339674,0.688554,0.192531,0.479513,0.105665,0.998496,0.054819
W,0.000000,0.000000,0.000000,-0.106351,-0.193548,-0.112875,-0.118561,-0.506097,-0.153309,0.063539,-0.679651,-0.175493,0.219474,-0.768443,-0.200231,-0.139993,-0.961758,-0.083323,-0.216422,-1.321551,-0.125524,-0.259449,-1.556981,-0.164984,-0.291876,-1.769960,-0.201974,-0.000000,-0.996520,-0.083357,0.002545,-1.411173,-0.112772,0.016677,-1.674536,-0.154153,0.031520,-1.898383,-0.189168,0.116880,-0.894423,-0.098350,0.225705,-1.249332,-0.184477,0.301271,-1.496686,-0.270964,0.371574,-1.722285,-0.331643,0.216878,-0.697699,-0.117977,0.236298,-0.823218,-0.231978,0.195660,-0.655532,-0.271714,0.166599,-0.489222,-0.294458,0.424565,0.708178,0.337413,0.683966,0.191772,0.481187,0.108523,0.998620,0.052518
W,0.000000,0.000000,0.000000,-0.104976,-0.197854,-0.107949,-0.116219,-0.510027,-0.146152,0.063281,-0.680239,-0.167428,0.218495,-0.767459,-0.191519,-0.139322,-0.960312,-0.077364,-0.214794,-1.317008,-0.118059,-0.257390,-1.551888,-0.155958,-0.288296,-1.762842,-0.192014,0.000000,-0.996836,-0.079480,0.003082,-1.408882,-0.107198,0.017121,-1.671992,-0.147604,0.032506,-1.893304,-0.182205,0.117287,-0.895430,-0.096408,0.226890,-1.247653,-0.180837,0.299566,-1.493570,-0.267300,0.367779,-1.714801,-0.328390,0.216710,-0.698959,-0.117650,0.229034,-0.815227,-0.231430,0.182753,-0.650301,-0.272965,0.150076,-0.487452,-0.297168,0.422205,0.703661,0.336016,0.681862,0.188854,0.480386,0.100758,0.998620,0.052508
W,0.000000,0.000000,0.000000,-0.105944,-0.194901,-0.110184,-0.118558,-0.505522,-0.149746,0.059648,-0.677916,-0.171673,0.215490,-0.767589,-0.195860,-0.139640,-0.962169,-0.079573,-0.215190,-1.319529,-0.120735,-0.257861,-1.554664,-0.158599,-0.288722,-1.765977,-0.194571,0.000000,-0.996754,-0.080510,0.002572,-1.407301,-0.109707,0.016589,-1.669889,-0.150181,0.031617,-1.892596,-0.184494,0.117120,-0.894726,-0.096439,0.225885,-1.244239,-0.182745,0.298767,-1.489594,-0.269088,0.366829,-1.711776,-0.329415,0.216038,-0.698391,-0.116795,0.227883,-0.818008,-0.231950,0.180881,-0.650134,-0.273465,0.147250,-0.485386,-0.297196,0.421309,0.704107,0.335049,0.679697,0.189011,0.476944,0.105071,0.998594,0.053013
W,0.000000,0.000000,0.000000,-0.105438,-0.194867,-0.110508,-0.118934,-0.503734,-0.151252,0.057297,-0.677628,-0.174323,0.211558,-0.770724,-0.199750,-0.139219,-0.961592,-0.081957,-0.215249,-1.316534,-0.124383,-0.259010,-1.550912,-0.163178,-0.290200,-1.762774,-0.199961,0.000000,-0.996518,-0.083374,0.002105,-1.406427,-0.114400,0.015874,-1.670779,-0.156312,0.031575,-1.896680,-0.191663,0.116911,-0.893981,-0.099593,0.224856,-1.244850,-0.187462,0.297559,-1.490868,-0.274428,0.366266,-1.714126,-0.335183,0.216136,-0.697234,-0.120135,0.224716,-0.819778,-0.236504,0.175827,-0.655174,-0.278641,0.141145,-0.492755,-0.302830,0.416353,0.696960,0.330580,0.674740,0.184883,0.474472,0.108445,0.998571,0.053440
X,0.000000,0.000000,0.000000,-0.146141,-0.272332,-0.088977,-0.212199,-0.641344,-0.152707,-0.119066,-0.957552,-0.222201,0.048453,-1.038119,-0.289343,-0.159443,-1.068170,-0.022218,-0.166928,-1.375782,-0.120322,-0.181223,-1.594166,-0.178198,-0.169338,-1.762612,-0.217939,-0.000000,-0.999124,-0.041845,0.040919,-1.311674,-0.176358,-0.031508,-0.990297,-0.187816,-0.062057,-0.839693,-0.152440,0.143544,-0.857191,-0.082016,0.181997,-1.088287,-0.217988,0.065643,-0.785227,-0.182399,0.005050,-0.650565,-0.117151,0.261449,-0.655259,-0.132095,0.259235,-0.794544,-0.218839,0.153275,-0.600013,-0.192013,0.086594,-0.496551,-0.148953,0.339823,0.434711,0.255194,0.296066,0.291139,0.159507,0.465485,0.998669,0.051578
X,0.000000,0.000000,0.000000,-0.152034,-0.289985,-0.081598,-0.207940,-0.650408,-0.136246,-0.088941,-0.920188,-0.196684,0.067718,-0.996964,-0.253722,-0.160324,-1.082517,-0.023153,-0.169965,-1.402876,-0.126376,-0.184138,-1.631969,-0.188351,-0.171128,-1.794643,-0.229894,-0.000000,-0.998835,-0.048255,0.062386,-1.322820,-0.187191,-0.015392,-0.984123,-0.196035,-0.048938,-0.815965,-0.156898,0.143554,-0.847520,-0.094336,0.196314,-1.060450,-0.230800,0.077007,-0.752904,-0.185423,0.019370,-0.627909,-0.113314,0.258634,-0.634741,-0.151021,0.275467,-0.779464,-0.239146,0.167866,-0.578458,-0.204478,0.102162,-0.482520,-0.155419,0.335388,0.487314,0.216347,0.332622,0.231275,0.145234,0.422138,0.997355,0.072683
X,0.000000,0.000000,0.000000,-0.149001,-0.283385,-0.092373,-0.207459,-0.637527,-0.154713,-0.095666,-0.914852,-0.221716,0.065651,-1.002406,-0.284898,-0.160211,-1.076014,-0.028112,-0.176556,-1.404935,-0.133571,-0.188850,-1.631875,-0.199144,-0.172025,-1.799799,-0.243763,0.000000,-0.998821,-0.048536,0.055980,-1.294807,-0.197883,-0.014772,-0.971522,-0.218070,-0.048834,-0.797245,-0.185818,0.143605,-0.849037,-0.090429,0.187215,-1.041651,-0.235305,0.069521,-0.752090,-0.203058,0.004857,-0.626279,-0.138472,0.255575,-0.639640,-0.142990,0.262043,-0.765864,-0.236454,0.151129,-0.576890,-0.211373,0.077414,-0.486850,-0.168310,0.349816,0.493552,0.245337,0.305226,0.259648,0.137031,0.433369,0.997215,0.074584
X,0.000000,0.000000,0.000000,-0.147461,-0.292793,-0.097655,-0.199877,-0.637276,-0.164836,-0.089315,-0.911447,-0.236499,0.070012,-1.005787,-0.304313,-0.163100,-1.083943,-0.027899,-0.172699,-1.407174,-0.138912,-0.184654,-1.639552,-0.208536,-0.165416,-1.807447,-0.254762,-0.000000,-0.998881,-0.047303,0.057379,-1.299510,-0.197610,-0.016030,-0.975180,-0.215812,-0.048462,-0.809932,-0.181390,0.145282,-0.843720,-0.089911,0.188613,-1.045404,-0.235228,0.069492,-0.755678,-0.199358,0.008172,-0.636321,-0.131956,0.256365,-0.632108,-0.144128,0.265989,-0.769206,-0.236837,0.156185,-0.575716,-0.208172,0.086786,-0.483255,-0.162218,0.369938,0.497370,0.266464,0.312759,0.279105,0.142858,0.447239,0.997299,0.073446
X,0.000000,0.000000,0.000000,-0.137473,-0.295978,-0.112113,-0.181903,-0.632349,-0.180726,-0.053189,-0.872666,-0.250946,0.102342,-0.957120,-0.314790,-0.159816,-1.105907,-0.039109,-0.157180,-1.426717,-0.143060,-0.151738,-1.644861,-0.204862,-0.117525,-1.786434,-0.245014,0.000000,-0.998674,-0.051480,0.085173,-1.265629,-0.200085,0.013115,-0.949769,-0.214736,-0.028138,-0.786279,-0.177499,0.142511,-0.830327,-0.088730,0.207096,-0.981485,-0.235110,0.094253,-0.698668,-0.202952,0.031351,-0.596675,-0.138002,0.246785,-0.614130,-0.139197,0.281807,-0.724290,-0.235808,0.173494,-0.537878,-0.213342,0.098185,-0.459101,-0.171685,0.408491,0.563351,0.285539,0.329590,0.262284,0.133850,0.411508,0.995170,0.098168
X,0.000000,0.000000,0.000000,-0.096126,-0.249064,-0.209177,-0.083052,-0.556181,-0.292996,0.080607,-0.738546,-0.352170,0.235473,-0.847124,-0.393520,-0.167078,-1.144217,-0.097587,-0.170299,-1.518567,-0.207731,-0.126136,-1.731593,-0.269758,-0.045296,-1.814343,-0.303134,0.000000,-0.998819,-0.048582,0.173901,-1.199609,-0.226063,0.121794,-0.904584,-0.257346,0.058683,-0.736111,-0.216547,0.141168,-0.815288,-0.032723,0.261222,-0.855682,-0.202655,0.174526,-0.605939,-0.200307,0.091715,-0.567075,-0.143470,0.231006,-0.613408,-0.035875,0.329858,-0.633720,-0.152327,0.242859,-0.459243,-0.157516,0.143590,-0.435681,-0.127681,0.581282,0.806229,0.444344,0.395068,0.374275,0.192784,0.427262,0.984944,0.172875
X,0.000000,0.000000,0.000000,-0.101943,-0.237144,-0.190935,-0.098585,-0.543944,-0.274257,0.065584,-0.726827,-0.336764,0.220473,-0.834287,-0.383111,-0.169427,-1.132611,-0.100315,-0.175099,-1.505906,-0.214702,-0.135263,-1.712385,-0.279991,-0.061465,-1.798314,-0.316699,0.000000,-0.997958,-0.063872,0.160160,-1.187425,-0.242262,0.109587,-0.894597,-0.272586,0.049659,-0.731222,-0.234601,0.141087,-0.817049,-0.057777,0.255332,-0.855124,-0.227832,0.168948,-0.606943,-0.216652,0.090159,-0.562776,-0.156426,0.232489,-0.609261,-0.069483,0.323002,-0.626838,-0.186954,0.237086,-0.453415,-0.184963,0.143552,-0.430034,-0.150538,0.566562,0.797440,0.421083,0.384945,0.335324,0.160502,0.386192,0.983873,0.178869
X,0.000000,0.000000,0.000000,-0.102292,-0.241166,-0.183720,-0.096688,-0.547751,-0.262537,0.066940,-0.731413,-0.321887,0.220410,-0.836730,-0.365627,-0.166867,-1.132937,-0.089993,-0.173708,-1.504593,-0.195646,-0.132080,-1.708421,-0.254907,-0.057279,-1.788565,-0.287894,0.000000,-0.998592,-0.053043,0.165029,-1.181489,-0.221095,0.112446,-0.891455,-0.248336,0.048550,-0.730750,-0.210087,0.138518,-0.818812,-0.045515,0.255853,-0.856638,-0.205280,0.170164,-0.614452,-0.195052,0.090787,-0.565529,-0.137758,0.227932,-0.610229,-0.055002,0.323033,-0.637945,-0.164705,0.238525,-0.468370,-0.163074,0.145031,-0.440350,-0.130530,0.560086,0.793891,0.415317,0.377910,0.330906,0.165420,0.384509,0.983678,0.179939
X,0.000000,0.000000,0.000000,-0.111957,-0.232480,-0.184136,-0.116641,-0.537329,-0.272682,0.051740,-0.720536,-0.344129,0.212488,-0.815228,-0.400041,-0.170384,-1.131425,-0.102412,-0.186203,-1.529207,-0.217085,-0.147711,-1.732280,-0.280646,-0.072667,-1.801793,-0.315681,0.000000,-0.997584,-0.069474,0.155363,-1.173735,-0.240604,0.090095,-0.886184,-0.267373,0.027031,-0.739258,-0.231472,0.140832,-0.818168,-0.066067,0.256160,-0.859537,-0.228549,0.158780,-0.620585,-0.215733,0.080976,-0.568941,-0.158647,0.235751,-0.605464,-0.080032,0.325345,-0.640280,-0.191020,0.231466,-0.475198,-0.187673,0.137509,-0.446381,-0.154726,0.578926,0.837970,0.433220,0.396498,0.341587,0.182428,0.383338,0.983767,0.179449
X,0.000000,0.000000,0.000000,-0.107377,-0.239048,-0.225357,-0.099872,-0.538601,-0.324452,0.071236,-0.699452,-0.398339,0.234980,-0.790969,-0.452943,-0.173509,-1.139447,-0.125317,-0.179074,-1.533744,-0.256266,-0.130422,-1.733002,-0.331248,-0.044110,-1.811253,-0.371309,0.000000,-0.997169,-0.075195,0.165198,-1.165919,-0.278636,0.102432,-0.865820,-0.319159,0.031365,-0.705532,-0.280915,0.144208,-0.819540,-0.059920,0.261277,-0.847720,-0.253267,0.173391,-0.591544,-0.252782,0.091412,-0.548425,-0.191363,0.241302,-0.628829,-0.064819,0.338377,-0.633478,-0.198110,0.246591,-0.461853,-0.205936,0.145360,-0.439011,-0.173297,0.628998,0.872833,0.490334,0.419333,0.404380,0.209243,0.420677,0.980660,0.195717
X,0.000000,0.000000,0.000000,-0.111773,-0.227995,-0.206908,-0.097782,-0.504358,-0.309066,0.093251,-0.641983,-0.391032,0.264827,-0.727782,-0.452354,-0.182184,-1.150601,-0.114059,-0.188479,-1.563164,-0.258954,-0.128091,-1.733164,-0.347325,-0.033208,-1.708133,-0.390150,-0.000000,-0.997365,-0.072547,0.167758,-1.139793,-0.281445,0.114510,-0.866040,-0.334836,0.037796,-0.703400,-0.307432,0.146710,-0.811059,-0.064023,0.268405,-0.815947,-0.256968,0.185218,-0.585305,-0.256314,0.096723,-0.535989,-0.196730,0.249308,-0.610265,-0.073897,0.347013,-0.592999,-0.204365,0.259223,-0.436591,-0.207278,0.153374,-0.423662,-0.170413,0.702166,0.969924,0.535781,0.456492,0.414352,0.214386,0.396587,0.968108,0.250531
X,0.000000,0.000000,0.000000,-0.114224,-0.205271,-0.227436,-0.109244,-0.483762,-0.347684,0.081070,-0.627670,-0.445480,0.260024,-0.716088,-0.521363,-0.177458,-1.138035,-0.150612,-0.183615,-1.575445,-0.312887,-0.118574,-1.743063,-0.409477,-0.025519,-1.701691,-0.454370,0.000000,-0.994765,-0.102186,0.165134,-1.127364,-0.320894,0.109160,-0.850775,-0.375227,0.027980,-0.699420,-0.349131,0.140234,-0.817840,-0.088353,0.263642,-0.827287,-0.291664,0.178004,-0.589286,-0.289843,0.088924,-0.542336,-0.228688,0.241785,-0.629509,-0.094132,0.338241,-0.603634,-0.230111,0.252561,-0.447915,-0.232729,0.150279,-0.437560,-0.194732,0.711960,0.989329,0.566554,0.467269,0.460653,0.255225,0.436296,0.974235,0.225535
X,0.000000,0.000000,0.000000,-0.132775,-0.185760,-0.139223,-0.178316,-0.447116,-0.237116,-0.045326,-0.604538,-0.326816,0.104408,-0.682889,-0.403171,-0.171436,-1.062200,-0.124924,-0.185563,-1.451375,-0.263363,-0.161932,-1.638752,-0.343219,-0.114145,-1.703756,-0.388989,0.000000,-0.992312,-0.123764,0.082986,-1.124120,-0.308382,0.032195,-0.767707,-0.335361,-0.013161,-0.611743,-0.307568,0.143413,-0.852815,-0.146175,0.208347,-0.856378,-0.314496,0.127319,-0.569241,-0.283150,0.067073,-0.510425,-0.220928,0.255513,-0.671096,-0.182519,0.310472,-0.645267,-0.293682,0.224382,-0.452428,-0.276283,0.147976,-0.424868,-0.237289,0.545333,0.833186,0.429781,0.451806,0.310553,0.220828,0.267692,0.995243,0.097427
X,0.000000,0.000000,0.000000,-0.135974,-0.187437,-0.144911,-0.195128,-0.464993,-0.241958,-0.066483,-0.637737,-0.331116,0.090731,-0.704015,-0.407782,-0.170394,-1.066626,-0.120861,-0.200112,-1.456310,-0.252259,-0.201925,-1.647988,-0.326242,-0.176791,-1.732995,-0.370267,0.000000,-0.993073,-0.117502,0.071946,-1.124040,-0.299598,0.015518,-0.776983,-0.328125,-0.031585,-0.642899,-0.301582,0.149252,-0.856171,-0.138429,0.205690,-0.861408,-0.307492,0.118194,-0.572064,-0.282163,0.056084,-0.533843,-0.223727,0.267140,-0.684532,-0.173840,0.311806,-0.653161,-0.283612,0.219403,-0.451382,-0.269418,0.145433,-0.432995,-0.233613,0.531034,0.821417,0.419582,0.434140,0.314845,0.219195,0.293647,0.995169,0.098173
X,0.000000,0.000000,0.000000,-0.144284,-0.182230,-0.191969,-0.207229,-0.443683,-0.320925,-0.059898,-0.588873,-0.432140,0.115312,-0.658848,-0.531023,-0.181261,-1.052992,-0.190463,-0.193424,-1.419552,-0.341490,-0.193874,-1.662571,-0.430935,-0.171120,-1.826486,-0.490258,-0.000000,-0.984605,-0.174793,0.079582,-1.117606,-0.379514,0.024797,-0.751025,-0.407198,-0.019947,-0.598337,-0.376875,0.156237,-0.841289,-0.186812,0.215478,-0.830766,-0.373457,0.129418,-0.534283,-0.340731,0.066039,-0.494605,-0.275247,0.277984,-0.664373,-0.218127,0.333775,-0.617114,-0.346104,0.236416,-0.416962,-0.333864,0.152568,-0.402798,-0.297718,0.599405,0.842561,0.496300,0.484448,0.391715,0.253803,0.352699,0.994627,0.103522
X,0.000000,0.000000,0.000000,-0.142217,-0.185971,-0.149098,-0.201525,-0.454525,-0.248729,-0.056274,-0.604953,-0.336783,0.107866,-0.662129,-0.414240,-0.179533,-1.053553,-0.139655,-0.201938,-1.407665,-0.270545,-0.206091,-1.635051,-0.351487,-0.188358,-1.791439,-0.406401,0.000000,-0.990728,-0.135859,0.077561,-1.114981,-0.317560,0.024415,-0.766280,-0.347579,-0.021663,-0.614915,-0.324631,0.152939,-0.848215,-0.154767,0.214123,-0.842883,-0.320021,0.126812,-0.562055,-0.290117,0.062992,-0.506510,-0.230852,0.271115,-0.660054,-0.188959,0.324072,-0.637229,-0.301513,0.229004,-0.450079,-0.286992,0.146567,-0.424546,-0.251529,0.557860,0.820031,0.443969,0.464048,0.322468,0.229869,0.278220,0.992944,0.118585
X,0.000000,0.000000,0.000000,-0.143655,-0.180577,-0.162634,-0.203926,-0.449477,-0.271442,-0.058064,-0.600123,-0.366614,0.112091,-0.659236,-0.450069,-0.178428,-1.054607,-0.156919,-0.198617,-1.412683,-0.299317,-0.203722,-1.638614,-0.384959,-0.186646,-1.785060,-0.441013,0.000000,-0.988911,-0.148512,0.078023,-1.100388,-0.339180,0.021127,-0.743153,-0.366679,-0.026580,-0.605374,-0.340513,0.153200,-0.846018,-0.165044,0.217160,-0.829747,-0.340351,0.125964,-0.542005,-0.308250,0.060582,-0.499102,-0.245867,0.271806,-0.662844,-0.198090,0.326500,-0.622959,-0.320342,0.229384,-0.428703,-0.308508,0.146883,-0.410505,-0.273432,0.571539,0.828823,0.460637,0.456149,0.343244,0.228367,0.298354,0.993479,0.114012
X,0.000000,0.000000,0.000000,-0.145061,-0.185109,-0.162076,-0.203655,-0.452375,-0.269742,-0.056755,-0.602350,-0.363584,0.109721,-0.668504,-0.445332,-0.180398,-1.059819,-0.155364,-0.199350,-1.415630,-0.299177,-0.203884,-1.647570,-0.383635,-0.184478,-1.794289,-0.438249,0.000000,-0.989101,-0.147236,0.076348,-1.114310,-0.339437,0.019127,-0.747358,-0.361552,-0.026789,-0.607102,-0.329979,0.154838,-0.847253,-0.165094,0.216268,-0.840090,-0.342247,0.126355,-0.543740,-0.305811,0.062885,-0.501857,-0.239855,0.274234,-0.667093,-0.199615,0.329465,-0.635055,-0.325372,0.232106,-0.432036,-0.313548,0.150220,-0.412947,-0.278110,0.566902,0.821635,0.451312,0.459424,0.335441,0.226761,0.295708,0.993969,0.109660
X,0.000000,0.000000,0.000000,-0.144371,-0.175226,-0.161212,-0.209683,-0.435840,-0.269887,-0.067301,-0.583646,-0.364248,0.092807,-0.655248,-0.446672,-0.179502,-1.050834,-0.160711,-0.198393,-1.402951,-0.304151,-0.206168,-1.636423,-0.388682,-0.191452,-1.776827,-0.443559,0.000000,-0.988351,-0.152193,0.066377,-1.099670,-0.340635,0.011192,-0.733195,-0.362131,-0.031791,-0.594270,-0.332213,0.154563,-0.852327,-0.169026,0.210160,-0.828826,-0.343342,0.124215,-0.533713,-0.306248,0.063142,-0.492978,-0.241909,0.276022,-0.675484,-0.202417,0.325745,-0.630438,-0.328416,0.230090,-0.427029,-0.316648,0.149076,-0.408922,-0.281771,0.558940,0.814965,0.454190,0.457661,0.346036,0.233620,0.306003,0.994418,0.105515
X,0.000000,0.000000,0.000000,-0.139905,-0.169981,-0.144718,-0.204148,-0.432664,-0.244977,-0.062837,-0.582221,-0.332203,0.091650,-0.644004,-0.407827,-0.180418,-1.043200,-0.153917,-0.199455,-1.405764,-0.294873,-0.201789,-1.638968,-0.378322,-0.184295,-1.777048,-0.432220,0.000000,-0.988713,-0.149823,0.069600,-1.103682,-0.334993,0.017555,-0.731451,-0.356013,-0.025665,-0.586686,-0.326839,0.154688,-0.859814,-0.168263,0.216927,-0.829240,-0.334147,0.131170,-0.534154,-0.292987,0.067967,-0.483926,-0.228019,0.277866,-0.684672,-0.202052,0.328559,-0.625229,-0.321585,0.234817,-0.423077,-0.307201,0.154921,-0.405064,-0.271182,0.545755,0.823274,0.440216,0.465935,0.328540,0.235447,0.280488,0.994445,0.105254
Y,0.000000,0.000000,0.000000,-0.198123,-0.304956,-0.080827,-0.321823,-0.795423,-0.109136,-0.395797,-1.163228,-0.141668,-0.488105,-1.405578,-0.158002,-0.150542,-1.057670,-0.054008,-0.095496,-1.193842,-0.158383,-0.108750,-0.882915,-0.200046,-0.146020,-0.635293,-0.204229,0.000000,-0.998707,-0.050837,0.048721,-1.073489,-0.197879,-0.011569,-0.704598,-0.243235,-0.072804,-0.450633,-0.240025,0.142424,-0.917097,-0.064774,0.206267,-1.063548,-0.216510,0.124443,-0.738584,-0.231002,0.043806,-0.491154,-0.194575,0.261536,-0.825788,-0.081807,0.384318,-1.145221,-0.175512,0.474466,-1.343040,-0.204145,0.543314,-1.547027,-0.202339,0.495786,0.446066,0.644418,0.632499,0.803039,0.776248,0.950749,0.995639,0.093286
Y,0.000000,0.000000,0.000000,-0.207184,-0.306093,-0.078545,-0.333133,-0.813770,-0.106153,-0.412733,-1.181349,-0.139380,-0.516949,-1.407331,-0.157654,-0.149285,-1.065233,-0.051138,-0.097949,-1.205145,-0.158397,-0.117602,-0.892529,-0.202179,-0.155397,-0.646872,-0.206679,0.000000,-0.998712,-0.050745,0.046020,-1.075196,-0.199764,-0.020230,-0.708828,-0.245278,-0.083433,-0.461120,-0.240945,0.141268,-0.907346,-0.067881,0.202472,-1.039303,-0.220715,0.116865,-0.719824,-0.237029,0.035154,-0.488744,-0.200938,0.261789,-0.811997,-0.087971,0.383506,-1.135257,-0.178915,0.473661,-1.334213,-0.206762,0.544516,-1.542035,-0.204873,0.513375,0.465232,0.667559,0.654997,0.831441,0.810547,0.982707,0.994697,0.102850
Y,0.000000,0.000000,0.000000,-0.208505,-0.308198,-0.077201,-0.333399,-0.817227,-0.103766,-0.409719,-1.184773,-0.135965,-0.508883,-1.414667,-0.153113,-0.149247,-1.066005,-0.051085,-0.097629,-1.208714,-0.156562,-0.117227,-0.899566,-0.198743,-0.156786,-0.653361,-0.202151,0.000000,-0.998700,-0.050975,0.045704,-1.076934,-0.198778,-0.022059,-0.712647,-0.243586,-0.087744,-0.463551,-0.238614,0.141527,-0.906719,-0.068041,0.202121,-1.045145,-0.219425,0.115953,-0.726889,-0.235399,0.033469,-0.493524,-0.199079,0.261803,-0.811066,-0.087949,0.384238,-1.134680,-0.178505,0.474414,-1.335328,-0.206481,0.545349,-1.542916,-0.204529,0.511187,0.459955,0.665149,0.650935,0.829628,0.804035,0.981090,0.994846,0.101402
Y,0.000000,0.000000,0.000000,-0.203674,-0.310993,-0.079052,-0.328319,-0.818960,-0.106534,-0.402438,-1.187230,-0.139598,-0.490725,-1.431344,-0.156185,-0.149662,-1.068745,-0.051076,-0.092422,-1.220402,-0.157897,-0.111083,-0.908933,-0.199770,-0.152683,-0.660861,-0.202412,0.000000,-0.998726,-0.050463,0.051554,-1.080758,-0.200577,-0.014301,-0.712160,-0.245318,-0.080150,-0.459880,-0.239033,0.142495,-0.905791,-0.067453,0.206474,-1.049338,-0.219912,0.122161,-0.725041,-0.233028,0.039390,-0.485116,-0.193729,0.263150,-0.808505,-0.087720,0.388311,-1.131734,-0.178999,0.478372,-1.334444,-0.205408,0.548227,-1.543718,-0.201303,0.508773,0.450716,0.662681,0.647262,0.827676,0.797544,0.980277,0.994790,0.101947
Y,0.000000,0.000000,0.000000,-0.200594,-0.298263,-0.078217,-0.321077,-0.801682,-0.107369,-0.392254,-1.170352,-0.142003,-0.480516,-1.418847,-0.160088,-0.149257,-1.063741,-0.052330,-0.099812,-1.230836,-0.159983,-0.111965,-0.915429,-0.203148,-0.143416,-0.659493,-0.207082,-0.000000,-0.998620,-0.052520,0.047188,-1.084115,-0.202514,-0.012665,-0.713309,-0.247829,-0.071958,-0.458091,-0.242879,0.143428,-0.905548,-0.070209,0.206376,-1.049976,-0.220491,0.123249,-0.729174,-0.232283,0.043010,-0.491497,-0.194292,0.264782,-0.807217,-0.091355,0.386725,-1.127640,-0.182572,0.473687,-1.328859,-0.209188,0.542785,-1.536542,-0.206257,0.497439,0.424598,0.647347,0.626353,0.812933,0.782008,0.966584,0.995166,0.098210
Y,0.000000,0.000000,0.000000,-0.201771,-0.303689,-0.079381,-0.326421,-0.821663,-0.107661,-0.404129,-1.193071,-0.141673,-0.505380,-1.426588,-0.159892,-0.150923,-1.070039,-0.051083,-0.097624,-1.227437,-0.161021,-0.111866,-0.912075,-0.206001,-0.145092,-0.656901,-0.209941,0.000000,-0.998691,-0.051146,0.051983,-1.079832,-0.203105,-0.009343,-0.713287,-0.249607,-0.072402,-0.459211,-0.243775,0.144245,-0.900305,-0.069267,0.207971,-1.028653,-0.222496,0.123424,-0.711769,-0.238303,0.040665,-0.480005,-0.200875,0.267542,-0.800265,-0.090618,0.389376,-1.120028,-0.180597,0.476618,-1.321807,-0.207592,0.544685,-1.529897,-0.204662,0.514399,0.453792,0.671066,0.657845,0.840951,0.819232,0.997240,0.993628,0.112707
Y,0.000000,0.000000,0.000000,-0.203619,-0.307458,-0.078723,-0.329187,-0.829561,-0.106228,-0.408415,-1.199497,-0.139695,-0.511852,-1.429044,-0.157557,-0.151521,-1.070584,-0.048649,-0.099926,-1.224642,-0.158153,-0.114724,-0.908620,-0.203234,-0.147327,-0.657060,-0.207668,0.000000,-0.998803,-0.048906,0.049676,-1.077423,-0.199478,-0.012023,-0.710056,-0.245248,-0.073829,-0.459721,-0.239570,0.144381,-0.899782,-0.067382,0.206587,-1.030620,-0.219841,0.122788,-0.712676,-0.234812,0.041535,-0.482527,-0.197332,0.267683,-0.798778,-0.089083,0.388394,-1.117997,-0.178104,0.474897,-1.318047,-0.204378,0.542497,-1.526575,-0.201375,0.519801,0.459852,0.677425,0.663858,0.847875,0.823878,1.004788,0.993428,0.114462
Y,0.000000,0.000000,0.000000,-0.204792,-0.306388,-0.079431,-0.328915,-0.823778,-0.108368,-0.405791,-1.193432,-0.143449,-0.507505,-1.424396,-0.162810,-0.150176,-1.069739,-0.049019,-0.101326,-1.234460,-0.160750,-0.116665,-0.916385,-0.208149,-0.148314,-0.660738,-0.213764,0.000000,-0.998761,-0.049765,0.047988,-1.084959,-0.203197,-0.013462,-0.715717,-0.250683,-0.073382,-0.460729,-0.245413,0.143599,-0.901631,-0.069066,0.205217,-1.034353,-0.222890,0.120199,-0.712935,-0.237758,0.039427,-0.478254,-0.199593,0.266618,-0.803987,-0.091915,0.387321,-1.125834,-0.181847,0.474671,-1.330319,-0.208601,0.544176,-1.541874,-0.205584,0.516152,0.448399,0.671941,0.652243,0.840243,0.814687,0.994585,0.993560,0.113308
Y,0.000000,0.000000,0.000000,-0.206642,-0.314920,-0.075031,-0.328927,-0.822860,-0.102746,-0.403605,-1.188097,-0.137244,-0.501831,-1.418407,-0.156917,-0.151153,-1.071815,-0.048496,-0.097772,-1.211696,-0.157313,-0.114577,-0.898782,-0.202495,-0.150121,-0.647965,-0.206778,0.000000,-0.998686,-0.051238,0.048894,-1.072878,-0.202274,-0.014664,-0.705227,-0.249104,-0.077967,-0.451288,-0.243739,0.144244,-0.898733,-0.071538,0.204169,-1.022470,-0.225526,0.119237,-0.703738,-0.242956,0.037933,-0.471226,-0.206086,0.267484,-0.796972,-0.094513,0.388536,-1.120717,-0.183705,0.475362,-1.324853,-0.210203,0.543699,-1.533404,-0.206969,0.504833,0.453866,0.662698,0.651726,0.833525,0.812348,0.990920,0.993990,0.109474
Y,0.000000,0.000000,0.000000,-0.209107,-0.313743,-0.072840,-0.335212,-0.831829,-0.098488,-0.412221,-1.196464,-0.131321,-0.510898,-1.424145,-0.149503,-0.151975,-1.071015,-0.044682,-0.105415,-1.231630,-0.153921,-0.122611,-0.920321,-0.200948,-0.156019,-0.664079,-0.206483,-0.000000,-0.998848,-0.047981,0.044161,-1.085354,-0.198698,-0.019492,-0.720690,-0.246568,-0.081475,-0.463074,-0.242113,0.145010,-0.901130,-0.068921,0.201276,-1.036124,-0.219833,0.116375,-0.721008,-0.236860,0.036214,-0.486997,-0.200950,0.269026,-0.802207,-0.092739,0.388649,-1.128857,-0.180788,0.474389,-1.337040,-0.208043,0.542052,-1.548798,-0.205977,0.514309,0.448885,0.672459,0.652142,0.842766,0.814063,0.999155,0.993784,0.111322
Y,0.000000,0.000000,0.000000,-0.201738,-0.305911,-0.078853,-0.324068,-0.815667,-0.107270,-0.398476,-1.187510,-0.141209,-0.496279,-1.422580,-0.159524,-0.152747,-1.069070,-0.053578,-0.098886,-1.224287,-0.163616,-0.116850,-0.909072,-0.208911,-0.150512,-0.655092,-0.213453,0.000000,-0.998546,-0.053904,0.050187,-1.080751,-0.205886,-0.013547,-0.713464,-0.251986,-0.075258,-0.460511,-0.246363,0.145443,-0.901350,-0.072014,0.208263,-1.032723,-0.225068,0.122739,-0.716444,-0.239822,0.041106,-0.484961,-0.202084,0.269149,-0.802987,-0.093366,0.390996,-1.126911,-0.183455,0.476969,-1.332411,-0.210269,0.544066,-1.543671,-0.207457,0.504191,0.444138,0.661251,0.646237,0.831352,0.807876,0.986992,0.993722,0.111877
Y,0.000000,0.000000,0.000000,-0.201973,-0.305485,-0.076398,-0.322458,-0.818302,-0.102776,-0.392190,-1.188575,-0.134655,-0.487773,-1.421806,-0.150952,-0.152488,-1.071048,-0.052787,-0.098475,-1.223401,-0.159533,-0.111361,-0.905753,-0.202213,-0.143676,-0.652801,-0.205893,0.000000,-0.998549,-0.053856,0.051551,-1.077919,-0.204124,-0.010391,-0.709493,-0.249206,-0.072408,-0.457647,-0.243456,0.145454,-0.898635,-0.072279,0.208812,-1.025873,-0.223046,0.123992,-0.707917,-0.236664,0.042567,-0.475057,-0.199259,0.269203,-0.797585,-0.093892,0.392239,-1.117881,-0.183983,0.479328,-1.321588,-0.211271,0.547721,-1.531971,-0.209345,0.495059,0.437026,0.653067,0.641838,0.825151,0.804482,0.982813,0.993534,0.113535
Y,0.000000,0.000000,0.000000,-0.203178,-0.308706,-0.075036,-0.324501,-0.821501,-0.102038,-0.396375,-1.190074,-0.134705,-0.492115,-1.423429,-0.152413,-0.152477,-1.070571,-0.053909,-0.102517,-1.213595,-0.160915,-0.116991,-0.896091,-0.205588,-0.150436,-0.645032,-0.211083,0.000000,-0.998441,-0.055816,0.046591,-1.072537,-0.205852,-0.014623,-0.703150,-0.252118,-0.075240,-0.447390,-0.247603,0.145339,-0.898037,-0.074550,0.203349,-1.020754,-0.224713,0.119310,-0.701423,-0.238968,0.038950,-0.466403,-0.202280,0.268787,-0.796411,-0.096302,0.388049,-1.114812,-0.185688,0.474756,-1.316495,-0.212397,0.542906,-1.524972,-0.210210,0.499566,0.442594,0.657361,0.645124,0.829727,0.806874,0.987559,0.993700,0.112077
Y,0.000000,0.000000,0.000000,-0.204227,-0.312471,-0.077970,-0.322969,-0.814274,-0.107281,-0.393189,-1.180443,-0.141914,-0.487955,-1.414746,-0.160881,-0.153276,-1.069754,-0.057424,-0.096613,-1.205939,-0.164428,-0.112136,-0.890012,-0.206470,-0.148388,-0.642102,-0.209519,0.000000,-0.998281,-0.058614,0.051507,-1.066700,-0.209554,-0.011381,-0.699007,-0.255565,-0.074921,-0.448530,-0.250387,0.145531,-0.898621,-0.076679,0.206650,-1.016166,-0.229780,0.121449,-0.696555,-0.245293,0.038938,-0.464741,-0.208207,0.268466,-0.796343,-0.097720,0.389626,-1.115284,-0.188351,0.476175,-1.317193,-0.215095,0.543464,-1.526206,-0.212236,0.491663,0.443578,0.649616,0.643835,0.821449,0.803796,0.979073,0.993944,0.109884
Y,0.000000,0.000000,0.000000,-0.204583,-0.312671,-0.078320,-0.324382,-0.819852,-0.107074,-0.396051,-1.190428,-0.141140,-0.492753,-1.428513,-0.159777,-0.152642,-1.069685,-0.056228,-0.099285,-1.208531,-0.164602,-0.113343,-0.891862,-0.208351,-0.147732,-0.640951,-0.212369,0.000000,-0.998364,-0.057179,0.049076,-1.068571,-0.209475,-0.011834,-0.699869,-0.257062,-0.073394,-0.446088,-0.252821,0.145327,-0.899705,-0.075202,0.204801,-1.018425,-0.228886,0.120329,-0.699534,-0.245173,0.038394,-0.466917,-0.208654,0.268030,-0.798959,-0.096247,0.387378,-1.118362,-0.187311,0.472822,-1.320497,-0.214447,0.538848,-1.529669,-0.211892,0.505130,0.450814,0.662088,0.652385,0.833030,0.812114,0.989528,0.993623,0.112754
Y,0.000000,0.000000,0.000000,-0.206130,-0.308849,-0.077633,-0.327283,-0.819394,-0.105270,-0.394132,-1.193798,-0.138809,-0.485278,-1.437226,-0.156838,-0.152532,-1.072858,-0.052732,-0.104302,-1.230631,-0.162022,-0.119831,-0.911115,-0.207489,-0.153213,-0.655997,-0.212999,0.000000,-0.998509,-0.054584,0.045039,-1.089602,-0.208537,-0.018422,-0.716094,-0.255911,-0.078795,-0.457299,-0.251166,0.145489,-0.898037,-0.074211,0.204754,-1.039427,-0.228630,0.117314,-0.714538,-0.242670,0.036135,-0.471100,-0.204360,0.268976,-0.797383,-0.097255,0.390374,-1.126846,-0.190354,0.476301,-1.339123,-0.218817,0.545290,-1.554464,-0.217113,0.504304,0.433419,0.662136,0.636201,0.833918,0.799714,0.990883,0.994088,0.108578
Y,0.000000,0.000000,0.000000,-0.204913,-0.307454,-0.075562,-0.325691,-0.812559,-0.103996,-0.393502,-1.179284,-0.138402,-0.486760,-1.416104,-0.158041,-0.153243,-1.071370,-0.052272,-0.105503,-1.214456,-0.160578,-0.120393,-0.896675,-0.207777,-0.152923,-0.645292,-0.214899,0.000000,-0.998482,-0.055074,0.044814,-1.074785,-0.205467,-0.018236,-0.706371,-0.253572,-0.080265,-0.450650,-0.250438,0.145363,-0.897267,-0.075038,0.202270,-1.023483,-0.226387,0.115288,-0.703391,-0.241888,0.033508,-0.466351,-0.205575,0.268388,-0.794950,-0.098088,0.386589,-1.119655,-0.187386,0.471097,-1.329021,-0.214035,0.538190,-1.542191,-0.211763,0.491185,0.431306,0.649574,0.633497,0.821986,0.795980,0.979630,0.994069,0.108754
Y,0.000000,0.000000,0.000000,-0.204211,-0.307651,-0.077786,-0.325931,-0.811478,-0.107533,-0.394870,-1.179892,-0.142712,-0.490516,-1.417152,-0.162651,-0.154061,-1.071660,-0.057288,-0.106597,-1.217706,-0.166873,-0.120814,-0.901898,-0.212705,-0.152641,-0.648634,-0.218523,0.000000,-0.998231,-0.059460,0.044811,-1.078024,-0.212667,-0.017034,-0.709495,-0.260339,-0.078009,-0.450544,-0.256349,0.145792,-0.897660,-0.078905,0.202610,-1.024522,-0.233057,0.116080,-0.704566,-0.248577,0.034252,-0.465420,-0.211733,0.268989,-0.796347,-0.101541,0.387528,-1.122351,-0.193356,0.472059,-1.332469,-0.221250,0.538574,-1.546055,-0.219606,0.493628,0.432654,0.653260,0.635676,0.825695,0.799712,0.982843,0.994161,0.107905
Y,0.000000,0.000000,0.000000,-0.204663,-0.307381,-0.080057,-0.325701,-0.808672,-0.111204,-0.392463,-1.178790,-0.147169,-0.482569,-1.424472,-0.167326,-0.153677,-1.071572,-0.063988,-0.105714,-1.221291,-0.174216,-0.120038,-0.904870,-0.218307,-0.152708,-0.651078,-0.222738,0.000000,-0.997856,-0.065443,0.045879,-1.080078,-0.220074,-0.016595,-0.709147,-0.266551,-0.077625,-0.450130,-0.261722,0.145852,-0.897584,-0.084129,0.204042,-1.030424,-0.239800,0.117242,-0.709382,-0.254385,0.035566,-0.468374,-0.216809,0.268927,-0.795200,-0.106133,0.388858,-1.124400,-0.200266,0.473326,-1.336388,-0.229011,0.540111,-1.551203,-0.227643,0.493342,0.428194,0.652115,0.632966,0.824285,0.794959,0.982076,0.994341,0.106233
Y,0.000000,0.000000,0.000000,-0.204182,-0.303194,-0.082070,-0.324490,-0.801094,-0.114603,-0.389887,-1.172586,-0.151733,-0.479483,-1.422055,-0.172739,-0.153806,-1.070157,-0.063764,-0.106302,-1.225643,-0.173682,-0.120480,-0.905475,-0.217791,-0.151310,-0.649980,-0.222613,0.000000,-0.997894,-0.064873,0.046315,-1.083721,-0.219946,-0.016592,-0.709759,-0.267075,-0.076321,-0.449416,-0.262612,0.145588,-0.898509,-0.083455,0.205173,-1.036588,-0.239142,0.117332,-0.713977,-0.253222,0.035812,-0.471817,-0.215417,0.268189,-0.796210,-0.105665,0.388251,-1.125397,-0.199681,0.471826,-1.338611,-0.228078,0.538453,-1.555399,-0.226521,0.491705,0.421715,0.649194,0.627026,0.820236,0.788510,0.977341,0.994221,0.107356
Y,0.000000,0.000000,0.000000,-0.214499,-0.267346,-0.098468,-0.336295,-0.772491,-0.131096,-0.377061,-1.167443,-0.164259,-0.433404,-1.452081,-0.179389,-0.161803,-1.075571,-0.066716,-0.121403,-1.254968,-0.181567,-0.130575,-0.924782,-0.230176,-0.157868,-0.642121,-0.237257,0.000000,-0.998357,-0.057296,0.036888,-1.113183,-0.214246,-0.020746,-0.730120,-0.261839,-0.077042,-0.458390,-0.256958,0.150623,-0.890729,-0.068302,0.204337,-1.054181,-0.225755,0.121881,-0.718751,-0.238177,0.046975,-0.457782,-0.198595,0.277384,-0.781662,-0.084832,0.399635,-1.109906,-0.188643,0.486191,-1.324248,-0.224977,0.556136,-1.537570,-0.227125,0.477727,0.369057,0.639227,0.580726,0.817646,0.753119,0.981643,0.990650,0.136426
Y,0.000000,0.000000,0.000000,-0.215314,-0.315103,-0.070483,-0.347286,-0.829491,-0.097752,-0.431595,-1.189004,-0.133975,-0.546654,-1.392848,-0.156023,-0.156952,-1.083281,-0.038702,-0.115604,-1.240019,-0.150226,-0.135770,-0.916128,-0.200839,-0.165138,-0.657852,-0.209914,0.000000,-0.998994,-0.044851,0.037056,-1.100633,-0.198798,-0.025211,-0.720651,-0.246366,-0.078959,-0.451003,-0.241550,0.148457,-0.890996,-0.069122,0.203842,-1.041890,-0.223732,0.121646,-0.707795,-0.237080,0.048333,-0.454956,-0.197844,0.277193,-0.784241,-0.096494,0.402810,-1.108782,-0.188850,0.497010,-1.310575,-0.217318,0.573433,-1.519774,-0.215849,0.511335,0.457377,0.682869,0.654168,0.861734,0.831264,1.025996,0.991969,0.126481
Y,0.000000,0.000000,0.000000,-0.217373,-0.319838,-0.068196,-0.345948,-0.838929,-0.093675,-0.428310,-1.201572,-0.128293,-0.542607,-1.406580,-0.149230,-0.156322,-1.083297,-0.039338,-0.111492,-1.248257,-0.151643,-0.133328,-0.930990,-0.200933,-0.165104,-0.667916,-0.207660,0.000000,-0.998940,-0.046031,0.041384,-1.107002,-0.202067,-0.023648,-0.731224,-0.250043,-0.082007,-0.456949,-0.244170,0.148535,-0.892078,-0.070525,0.206927,-1.042724,-0.226415,0.119941,-0.713606,-0.242460,0.041600,-0.463499,-0.204111,0.278179,-0.787534,-0.097671,0.406412,-1.117207,-0.191249,0.503239,-1.323703,-0.222136,0.581801,-1.535485,-0.221941,0.515562,0.459274,0.686472,0.658471,0.865208,0.836750,1.029353,0.992852,0.119353
Y,0.000000,0.000000,0.000000,-0.217667,-0.321907,-0.065274,-0.345798,-0.840129,-0.089850,-0.429507,-1.196596,-0.123929,-0.544860,-1.395997,-0.144734,-0.156383,-1.085210,-0.037196,-0.112453,-1.241234,-0.148873,-0.134122,-0.926777,-0.198783,-0.166585,-0.665994,-0.206056,0.000000,-0.998969,-0.045400,0.039999,-1.102484,-0.200212,-0.024874,-0.729164,-0.248283,-0.083437,-0.455241,-0.242655,0.148376,-0.890233,-0.071093,0.203847,-1.036429,-0.226361,0.118303,-0.708124,-0.243148,0.041387,-0.458344,-0.205389,0.277302,-0.784210,-0.099159,0.403194,-1.114024,-0.192309,0.499263,-1.320736,-0.222996,0.577379,-1.531519,-0.222687,0.508986,0.459287,0.681448,0.656725,0.861276,0.834574,1.025822,0.992685,0.120735
Y,0.000000,0.000000,0.000000,-0.218143,-0.323833,-0.066731,-0.344676,-0.844481,-0.091040,-0.427552,-1.202741,-0.124204,-0.541835,-1.401547,-0.143591,-0.157565,-1.085371,-0.039815,-0.112355,-1.244271,-0.150011,-0.133704,-0.928152,-0.197228,-0.166472,-0.667001,-0.202548,0.000000,-0.998907,-0.046745,0.040673,-1.103269,-0.200871,-0.024288,-0.730125,-0.247424,-0.083443,-0.456409,-0.240540,0.149388,-0.890549,-0.071084,0.204676,-1.037565,-0.226153,0.119222,-0.709106,-0.242703,0.042121,-0.458810,-0.204595,0.279065,-0.785382,-0.097819,0.405705,-1.114502,-0.190777,0.501662,-1.321597,-0.221699,0.579315,-1.532269,-0.221498,0.508331,0.457417,0.681970,0.656938,0.862651,0.834613,1.027439,0.992722,0.120428
Y,0.000000,0.000000,0.000000,-0.215281,-0.320921,-0.069360,-0.341669,-0.839130,-0.095146,-0.425355,-1.199264,-0.129144,-0.539405,-1.401870,-0.149305,-0.156917,-1.082464,-0.043192,-0.109693,-1.237812,-0.152729,-0.131012,-0.922345,-0.199225,-0.163861,-0.662717,-0.204369,0.000000,-0.998801,-0.048964,0.042596,-1.094655,-0.202605,-0.022801,-0.723258,-0.249560,-0.083163,-0.452420,-0.243229,0.148814,-0.891354,-0.072078,0.204329,-1.029002,-0.227041,0.118511,-0.703457,-0.244384,0.040503,-0.457131,-0.207003,0.278284,-0.786369,-0.097661,0.405422,-1.112427,-0.190466,0.501375,-1.317459,-0.221111,0.578302,-1.527293,-0.220745,0.509487,0.459976,0.680801,0.660262,0.860369,0.835591,1.024755,0.992767,0.120059
Y,0.000000,0.000000,0.000000,-0.215188,-0.322436,-0.070009,-0.341757,-0.837208,-0.096876,-0.426476,-1.194723,-0.131713,-0.539574,-1.398019,-0.152540,-0.157987,-1.082622,-0.045566,-0.109291,-1.233909,-0.155180,-0.129693,-0.919217,-0.201145,-0.162157,-0.660235,-0.205895,-0.000000,-0.998679,-0.051385,0.043831,-1.090979,-0.205328,-0.021142,-0.719954,-0.252340,-0.081056,-0.449769,-0.246039,0.149434,-0.890380,-0.074402,0.205043,-1.025565,-0.229986,0.120011,-0.701141,-0.247698,0.042918,-0.455990,-0.210416,0.278904,-0.783670,-0.099875,0.405893,-1.110281,-0.193298,0.501669,-1.314694,-0.224106,0.578542,-1.523309,-0.223672,0.506486,0.460524,0.678856,0.661378,0.859381,0.836166,1.024746,0.992555,0.121796
Y,0.000000,0.000000,0.000000,-0.215244,-0.317996,-0.071338,-0.342291,-0.834274,-0.097792,-0.425352,-1.194560,-0.131921,-0.537129,-1.401921,-0.151974,-0.157118,-1.081813,-0.046462,-0.110703,-1.234860,-0.156621,-0.131716,-0.919694,-0.202370,-0.163635,-0.660515,-0.206874,0.000000,-0.998675,-0.051467,0.043723,-1.091108,-0.206704,-0.022138,-0.719185,-0.253789,-0.082914,-0.449665,-0.247219,0.148644,-0.890649,-0.073868,0.205446,-1.024263,-0.230601,0.118155,-0.700385,-0.248707,0.038947,-0.457643,-0.211535,0.277929,-0.783814,-0.098763,0.405596,-1.108235,-0.193522,0.501545,-1.311853,-0.225404,0.578560,-1.520974,-0.225588,0.507947,0.458006,0.679129,0.661051,0.858944,0.836794,1.024308,0.992765,0.120076
Y,0.000000,0.000000,0.000000,-0.218046,-0.322227,-0.070382,-0.344974,-0.841935,-0.096431,-0.427903,-1.203469,-0.130666,-0.541785,-1.409736,-0.151040,-0.157454,-1.081876,-0.045005,-0.112766,-1.235022,-0.155896,-0.132384,-0.919790,-0.202802,-0.164108,-0.660032,-0.208100,-0.000000,-0.998709,-0.050790,0.040952,-1.092611,-0.206058,-0.023628,-0.720116,-0.253664,-0.082940,-0.449964,-0.247905,0.149311,-0.891179,-0.074067,0.204727,-1.030256,-0.230788,0.118670,-0.705140,-0.248791,0.040987,-0.460126,-0.211858,0.278474,-0.784852,-0.099883,0.405862,-1.110920,-0.194428,0.501468,-1.315548,-0.226239,0.578760,-1.525607,-0.226694,0.516184,0.463256,0.687403,0.665715,0.867433,0.841216,1.032434,0.992775,0.119994
